-- --------------------------------------------------------
-- Хост:                         127.0.0.1
-- Версия сервера:               10.1.22-MariaDB - mariadb.org binary distribution
-- ОС Сервера:                   Win32
-- HeidiSQL Версия:              9.3.0.4984
-- --------------------------------------------------------

/*!40101 SET @OLD_CHARACTER_SET_CLIENT=@@CHARACTER_SET_CLIENT */;
/*!40101 SET NAMES utf8mb4 */;
/*!40014 SET @OLD_FOREIGN_KEY_CHECKS=@@FOREIGN_KEY_CHECKS, FOREIGN_KEY_CHECKS=0 */;
/*!40101 SET @OLD_SQL_MODE=@@SQL_MODE, SQL_MODE='NO_AUTO_VALUE_ON_ZERO' */;

-- Дамп структуры базы данных magellan
DROP DATABASE IF EXISTS `magellan`;
CREATE DATABASE IF NOT EXISTS `magellan` /*!40100 DEFAULT CHARACTER SET utf8 */;
USE `magellan`;


-- Дамп структуры для таблица magellan.base_freq_vectors
DROP TABLE IF EXISTS `base_freq_vectors`;
CREATE TABLE IF NOT EXISTS `base_freq_vectors` (
  `company_id` int(11) NOT NULL,
  `node_code` varchar(50) NOT NULL,
  `level` int(11) NOT NULL,
  `size` enum('small','medium','large') NOT NULL,
  `vector` varchar(16) NOT NULL,
  `correction` varchar(5) DEFAULT NULL
) ENGINE=InnoDB DEFAULT CHARSET=utf8 COMMENT='Базовые частотные вектора разных компаний на разных уровнях';

-- Дамп данных таблицы magellan.base_freq_vectors: ~1 200 rows (приблизительно)
/*!40000 ALTER TABLE `base_freq_vectors` DISABLE KEYS */;
INSERT IGNORE INTO `base_freq_vectors` (`company_id`, `node_code`, `level`, `size`, `vector`, `correction`) VALUES
	(1, 'march_engine', 0, 'small', '1111110001111101', 'd'),
	(1, 'march_engine', 0, 'medium', '1010100100101000', ''),
	(1, 'march_engine', 0, 'large', '0101011001111101', 'A+d'),
	(1, 'march_engine', 1, 'small', '0110100111101000', 'Cb'),
	(1, 'march_engine', 1, 'medium', '0110010111100100', 'C'),
	(1, 'march_engine', 1, 'large', '1001010100010100', 'B'),
	(1, 'march_engine', 2, 'small', '1100111110110001', 'd'),
	(1, 'march_engine', 2, 'medium', '1001101011100100', 'A'),
	(1, 'march_engine', 2, 'large', '0010000101011111', 'c+D'),
	(1, 'march_engine', 3, 'small', '0000001101111101', 'd'),
	(1, 'march_engine', 3, 'medium', '0101011000101000', 'C'),
	(1, 'march_engine', 3, 'large', '0000100101110111', 'd+b'),
	(1, 'march_engine', 4, 'small', '1001101011010111', 'AC'),
	(1, 'march_engine', 4, 'medium', '0101011011010111', 'a'),
	(1, 'march_engine', 4, 'large', '0101100111011000', 'b'),
	(1, 'march_engine', 5, 'small', '1010011011011000', 'a'),
	(1, 'march_engine', 5, 'medium', '1010011000100111', 'B'),
	(1, 'march_engine', 5, 'large', '0101011000100111', 'BA'),
	(1, 'march_engine', 6, 'small', '1010011000100111', 'b'),
	(1, 'march_engine', 6, 'medium', '1010100100101000', 'b'),
	(1, 'march_engine', 6, 'large', '0101011010000010', 'A+D'),
	(1, 'march_engine', 7, 'small', '0101011011010111', 'b'),
	(1, 'march_engine', 7, 'medium', '0101100111011000', 'B'),
	(1, 'march_engine', 7, 'large', '0101001111010010', 'Db'),
	(1, 'march_engine', 8, 'small', '0110101000010100', 'A'),
	(1, 'march_engine', 8, 'medium', '1001010100010100', 'C'),
	(1, 'march_engine', 8, 'large', '1001101000010100', 'Ab'),
	(1, 'march_engine', 9, 'small', '0010111001010000', 'c+D'),
	(1, 'march_engine', 9, 'medium', '1001010111101011', 'a'),
	(1, 'march_engine', 9, 'large', '0011111101000001', 'D'),
	(1, 'warp_engine', 0, 'small', '1110101011001110', 'a'),
	(1, 'warp_engine', 0, 'medium', '1110101000110001', ''),
	(1, 'warp_engine', 0, 'large', '0101000110001010', 'D+c'),
	(1, 'warp_engine', 1, 'small', '0100010101100001', 'dB'),
	(1, 'warp_engine', 1, 'medium', '0001010100110001', 'A'),
	(1, 'warp_engine', 1, 'large', '1110101000110001', 'A'),
	(1, 'warp_engine', 2, 'small', '0001010100110001', 'c'),
	(1, 'warp_engine', 2, 'medium', '0010011000000010', 'c'),
	(1, 'warp_engine', 2, 'large', '0010011011001110', 'Ca'),
	(1, 'warp_engine', 3, 'small', '0010001111111000', 'B+D'),
	(1, 'warp_engine', 3, 'medium', '1101100100000010', 'A'),
	(1, 'warp_engine', 3, 'large', '0010100111110010', 'B'),
	(1, 'warp_engine', 4, 'small', '1101010100001110', 'BC'),
	(1, 'warp_engine', 4, 'medium', '0001010111001110', 'C'),
	(1, 'warp_engine', 4, 'large', '0001010100110001', 'a'),
	(1, 'warp_engine', 5, 'small', '0000101111010000', 'cd'),
	(1, 'warp_engine', 5, 'medium', '0001101011000001', 'b'),
	(1, 'warp_engine', 5, 'large', '0100111110010100', 'd'),
	(1, 'warp_engine', 6, 'small', '0111110010100111', 'c'),
	(1, 'warp_engine', 6, 'medium', '0100111110010100', 'd'),
	(1, 'warp_engine', 6, 'large', '1111010000101111', 'D+c'),
	(1, 'warp_engine', 7, 'small', '1110010101101011', 'A+D'),
	(1, 'warp_engine', 7, 'medium', '0001101011000001', 'd'),
	(1, 'warp_engine', 7, 'large', '0001101000111110', 'a'),
	(1, 'warp_engine', 8, 'small', '0001101011000001', 'd'),
	(1, 'warp_engine', 8, 'medium', '0100111110010100', 'd'),
	(1, 'warp_engine', 8, 'large', '0100111110011011', 'ba'),
	(1, 'warp_engine', 9, 'small', '1101011000001101', 'c'),
	(1, 'warp_engine', 9, 'medium', '1110010100111110', 'D'),
	(1, 'warp_engine', 9, 'large', '0110110110110110', 'DC'),
	(1, 'shunter', 0, 'small', '1111010011010111', 'b'),
	(1, 'shunter', 0, 'medium', '1111101111011000', ''),
	(1, 'shunter', 0, 'large', '0011101100011000', 'CB'),
	(1, 'shunter', 1, 'small', '1111101111011000', 'C'),
	(1, 'shunter', 1, 'medium', '0011011100010100', 'C'),
	(1, 'shunter', 1, 'large', '0011110100011110', 'bD'),
	(1, 'shunter', 2, 'small', '0101000101110010', 'C'),
	(1, 'shunter', 2, 'medium', '1001110110111110', 'D'),
	(1, 'shunter', 2, 'large', '1110101011001001', 'd+c'),
	(1, 'shunter', 3, 'small', '0110001001000001', 'd'),
	(1, 'shunter', 3, 'medium', '0011011100010100', 'D'),
	(1, 'shunter', 3, 'large', '0000010000010100', 'Ac'),
	(1, 'shunter', 4, 'small', '0011011100011011', 'a+B'),
	(1, 'shunter', 4, 'medium', '1100011111100100', 'B'),
	(1, 'shunter', 4, 'large', '1100100011101011', 'b'),
	(1, 'shunter', 5, 'small', '1100011100010100', 'ab'),
	(1, 'shunter', 5, 'medium', '1100011100011011', 'a'),
	(1, 'shunter', 5, 'large', '1100011111100100', 'a'),
	(1, 'shunter', 6, 'small', '0110110101001110', 'A'),
	(1, 'shunter', 6, 'medium', '1001001001001110', 'd'),
	(1, 'shunter', 6, 'large', '1011000001101100', 'cD'),
	(1, 'shunter', 7, 'small', '1010111001110010', 'c'),
	(1, 'shunter', 7, 'medium', '1001110101000001', 'b'),
	(1, 'shunter', 7, 'large', '0100000010011100', 'C+d'),
	(1, 'shunter', 8, 'small', '1001110110001101', 'C+A'),
	(1, 'shunter', 8, 'medium', '0110001001000001', 'A'),
	(1, 'shunter', 8, 'large', '0101000101110010', 'c'),
	(1, 'shunter', 9, 'small', '1111101111011000', 'c'),
	(1, 'shunter', 9, 'medium', '1100100011101011', 'D'),
	(1, 'shunter', 9, 'large', '1100101111101000', 'cb'),
	(1, 'radar', 0, 'small', '1100011110111111', 'a'),
	(1, 'radar', 0, 'medium', '1100011101000000', ''),
	(1, 'radar', 0, 'large', '0011100010001100', 'C+A'),
	(1, 'radar', 1, 'small', '1111101101111100', 'C'),
	(1, 'radar', 1, 'medium', '0011011110110000', 'B'),
	(1, 'radar', 1, 'large', '1111100001111111', 'b+C'),
	(1, 'radar', 2, 'small', '1010111000101001', 'c'),
	(1, 'radar', 2, 'medium', '1001110100011010', 'D'),
	(1, 'radar', 2, 'large', '0110001011010110', 'A+C'),
	(1, 'radar', 3, 'small', '0000010010000011', 'c'),
	(1, 'radar', 3, 'medium', '0011011110110000', 'D'),
	(1, 'radar', 3, 'large', '1001110101001111', 'D+a'),
	(1, 'radar', 4, 'small', '0011101110111100', 'b+c'),
	(1, 'radar', 4, 'medium', '0000010010000011', 'c'),
	(1, 'radar', 4, 'large', '0000010001111100', 'a'),
	(1, 'radar', 5, 'small', '0101111011011001', 'D'),
	(1, 'radar', 5, 'medium', '1111010001110011', 'B'),
	(1, 'radar', 5, 'large', '1111100001111111', 'bC'),
	(1, 'radar', 6, 'small', '1100011110111111', 'c'),
	(1, 'radar', 6, 'medium', '1111010010001100', 'a'),
	(1, 'radar', 6, 'large', '0011010001001100', 'BC'),
	(1, 'radar', 7, 'small', '0101111011011001', 'd'),
	(1, 'radar', 7, 'medium', '0000101110001100', 'A'),
	(1, 'radar', 7, 'large', '0000101111011001', 'ad'),
	(1, 'radar', 8, 'small', '0011011110110000', 'C'),
	(1, 'radar', 8, 'medium', '1111101101111100', 'B'),
	(1, 'radar', 8, 'large', '0011101110111100', 'BC'),
	(1, 'radar', 9, 'small', '0011100010111111', 'b'),
	(1, 'radar', 9, 'medium', '0011011110110000', 'C'),
	(1, 'radar', 9, 'large', '0011101110111100', 'bC'),
	(1, 'sonar', 0, 'small', '0101000000110000', 'B'),
	(1, 'sonar', 0, 'medium', '1010000011000000', ''),
	(1, 'sonar', 0, 'large', '0110111100001111', 'b+C'),
	(1, 'sonar', 1, 'small', '1011000100101110', 'dc'),
	(1, 'sonar', 1, 'medium', '1010000000111111', 'a'),
	(1, 'sonar', 1, 'large', '0101111100111111', 'A'),
	(1, 'sonar', 2, 'small', '1010000000111111', 'B'),
	(1, 'sonar', 2, 'medium', '0101000011001111', 'B'),
	(1, 'sonar', 2, 'large', '1001111100000000', 'C+b'),
	(1, 'sonar', 3, 'small', '0011011010101001', 'D'),
	(1, 'sonar', 3, 'medium', '1001110000000011', 'C'),
	(1, 'sonar', 3, 'large', '0110001111110011', 'A+B'),
	(1, 'sonar', 4, 'small', '0011011000000011', 'Da'),
	(1, 'sonar', 4, 'medium', '0011011010101001', 'D'),
	(1, 'sonar', 4, 'large', '0110001111111100', 'd'),
	(1, 'sonar', 5, 'small', '0000011001100110', 'b+C'),
	(1, 'sonar', 5, 'medium', '1100100110101001', 'A'),
	(1, 'sonar', 5, 'large', '0000010101100101', 'C'),
	(1, 'sonar', 6, 'small', '0101000000110000', 'C'),
	(1, 'sonar', 6, 'medium', '1001110011111100', 'd'),
	(1, 'sonar', 6, 'large', '0110001100001100', 'A+B'),
	(1, 'sonar', 7, 'small', '0100000100100001', 'D+C'),
	(1, 'sonar', 7, 'medium', '1010111111001111', 'c'),
	(1, 'sonar', 7, 'large', '0110001100000011', 'C'),
	(1, 'sonar', 8, 'small', '0000101001101010', 'b'),
	(1, 'sonar', 8, 'medium', '0000010101100101', 'D'),
	(1, 'sonar', 8, 'large', '0101010100110101', 'Bd'),
	(1, 'sonar', 9, 'small', '0000010101100101', 'c'),
	(1, 'sonar', 9, 'medium', '0011011001010110', 'c'),
	(1, 'sonar', 9, 'large', '0011001101010011', 'bd'),
	(1, 'fuel_tank', 0, 'small', '0101001100000110', 'B+c'),
	(1, 'fuel_tank', 0, 'medium', '1010000011110101', ''),
	(1, 'fuel_tank', 0, 'large', '0101111111110101', 'A'),
	(1, 'fuel_tank', 1, 'small', '0000010111111010', 'a+d'),
	(1, 'fuel_tank', 1, 'medium', '0101000000000101', 'B'),
	(1, 'fuel_tank', 1, 'large', '1010000011110101', 'B'),
	(1, 'fuel_tank', 2, 'small', '1111010110100000', 'b'),
	(1, 'fuel_tank', 2, 'medium', '1111101010101111', 'D'),
	(1, 'fuel_tank', 2, 'large', '0000010101100011', 'A+C'),
	(1, 'fuel_tank', 3, 'small', '1010000011110101', 'D'),
	(1, 'fuel_tank', 3, 'medium', '0000101001011111', 'B'),
	(1, 'fuel_tank', 3, 'large', '0101111110100000', 'd+a'),
	(1, 'fuel_tank', 4, 'small', '0110110000111001', 'D'),
	(1, 'fuel_tank', 4, 'medium', '1100011010010011', 'C'),
	(1, 'fuel_tank', 4, 'large', '1100011001100011', 'aB'),
	(1, 'fuel_tank', 5, 'small', '0101010100000000', 'd+b'),
	(1, 'fuel_tank', 5, 'medium', '0000101001011111', 'C'),
	(1, 'fuel_tank', 5, 'large', '1010000011110101', 'D'),
	(1, 'fuel_tank', 6, 'small', '1100100110011100', 'B'),
	(1, 'fuel_tank', 6, 'medium', '0011100101101100', 'c'),
	(1, 'fuel_tank', 6, 'large', '1111010101101100', 'CA'),
	(1, 'fuel_tank', 7, 'small', '1001100111001100', 'Bd'),
	(1, 'fuel_tank', 7, 'medium', '1100100110011100', 'B'),
	(1, 'fuel_tank', 7, 'large', '0000010101010000', 'C'),
	(1, 'fuel_tank', 8, 'small', '1111010110100000', 'b'),
	(1, 'fuel_tank', 8, 'medium', '1111101010101111', 'c'),
	(1, 'fuel_tank', 8, 'large', '1010111110101111', 'Ad'),
	(1, 'fuel_tank', 9, 'small', '1100100101100011', 'A'),
	(1, 'fuel_tank', 9, 'medium', '0011011001100011', 'C'),
	(1, 'fuel_tank', 9, 'large', '1001011011000011', 'BD'),
	(1, 'shields', 0, 'small', '0010110010000000', 'C+A'),
	(1, 'shields', 0, 'medium', '1101001101001100', ''),
	(1, 'shields', 0, 'large', '0010110001001100', 'A'),
	(1, 'shields', 1, 'small', '1011010111100110', 'CA'),
	(1, 'shields', 1, 'medium', '0111100111100110', 'D'),
	(1, 'shields', 1, 'large', '0010110010110011', 'd'),
	(1, 'shields', 2, 'small', '0100101000011001', 'aC'),
	(1, 'shields', 2, 'medium', '0100101011010101', 'c'),
	(1, 'shields', 2, 'large', '0111100111100110', 'c'),
	(1, 'shields', 3, 'small', '0001000011011010', 'D+a'),
	(1, 'shields', 3, 'medium', '1011101000100101', 'B'),
	(1, 'shields', 3, 'large', '0111011011101001', 'C'),
	(1, 'shields', 4, 'small', '0100010111011010', 'c'),
	(1, 'shields', 4, 'medium', '0111011011101001', 'C'),
	(1, 'shields', 4, 'large', '1000100100011001', 'B+A'),
	(1, 'shields', 5, 'small', '0001000010111100', 'Ac'),
	(1, 'shields', 5, 'medium', '0010001110111100', 'd'),
	(1, 'shields', 5, 'large', '0010001101000011', 'a'),
	(1, 'shields', 6, 'small', '0010110001001100', 'b'),
	(1, 'shields', 6, 'medium', '0010001101000011', 'a'),
	(1, 'shields', 6, 'large', '1101100110111001', 'D+B'),
	(1, 'shields', 7, 'small', '1000011000010110', 'b+a'),
	(1, 'shields', 7, 'medium', '1000100111101001', 'D'),
	(1, 'shields', 7, 'large', '1101110010111100', 'd'),
	(1, 'shields', 8, 'small', '0100010100010110', 'c+a'),
	(1, 'shields', 8, 'medium', '0111011011101001', 'A'),
	(1, 'shields', 8, 'large', '1000100111101001', 'A'),
	(1, 'shields', 9, 'small', '0000000101100001', 'DC'),
	(1, 'shields', 9, 'medium', '1000100111101001', 'A'),
	(1, 'shields', 9, 'large', '0010001101000011', 'D'),
	(1, 'lss', 0, 'small', '0110011111000110', 'D'),
	(1, 'lss', 0, 'medium', '1100110101101100', ''),
	(1, 'lss', 0, 'large', '1100110100111001', 'da'),
	(1, 'lss', 1, 'small', '0111011000101000', 'dC'),
	(1, 'lss', 1, 'medium', '0011001001101100', 'A'),
	(1, 'lss', 1, 'large', '0011110101100011', 'b'),
	(1, 'lss', 2, 'small', '1100001001100011', 'B'),
	(1, 'lss', 2, 'medium', '0011001010010011', 'a'),
	(1, 'lss', 2, 'large', '1111111010010011', 'CA'),
	(1, 'lss', 3, 'small', '0000000101011111', 'C'),
	(1, 'lss', 3, 'medium', '1100110110010011', 'A'),
	(1, 'lss', 3, 'large', '1000100111010111', 'dC'),
	(1, 'lss', 4, 'small', '0000000101101100', 'CA'),
	(1, 'lss', 4, 'medium', '1100110101101100', 'a'),
	(1, 'lss', 4, 'large', '1111111001011111', 'c'),
	(1, 'lss', 5, 'small', '1001110100111100', 'd+b'),
	(1, 'lss', 5, 'medium', '1100001001100011', 'b'),
	(1, 'lss', 5, 'large', '0110100011001001', 'D'),
	(1, 'lss', 6, 'small', '1111000110101111', 'A'),
	(1, 'lss', 6, 'medium', '0000111010101111', 'C'),
	(1, 'lss', 6, 'large', '0000111010100000', 'ab'),
	(1, 'lss', 7, 'small', '0010110001110010', 'd+C'),
	(1, 'lss', 7, 'medium', '1111000110101111', 'A'),
	(1, 'lss', 7, 'large', '0000000101011111', 'B'),
	(1, 'lss', 8, 'small', '0000000110100000', 'b'),
	(1, 'lss', 8, 'medium', '0000111010101111', 'A'),
	(1, 'lss', 8, 'large', '1111000111111010', 'd+A'),
	(1, 'lss', 9, 'small', '0000111001011111', 'b+a'),
	(1, 'lss', 9, 'medium', '0000000110100000', 'b'),
	(1, 'lss', 9, 'large', '0000111010101111', 'b'),
	(2, 'march_engine', 0, 'small', '0101101111010110', 'B'),
	(2, 'march_engine', 0, 'medium', '1010101100100110', ''),
	(2, 'march_engine', 0, 'large', '0101010011101010', 'A+C'),
	(2, 'march_engine', 1, 'small', '0110010000010110', 'cB'),
	(2, 'march_engine', 1, 'medium', '0101010000100110', 'A'),
	(2, 'march_engine', 1, 'large', '0000000101110011', 'd'),
	(2, 'march_engine', 2, 'small', '1001100000010101', 'c'),
	(2, 'march_engine', 2, 'medium', '1010101100100110', 'A'),
	(2, 'march_engine', 2, 'large', '1001100011011001', 'a+c'),
	(2, 'march_engine', 3, 'small', '0000000111011001', 'a+d'),
	(2, 'march_engine', 3, 'medium', '0101010000100110', 'A'),
	(2, 'march_engine', 3, 'large', '0000000101110011', 'd'),
	(2, 'march_engine', 4, 'small', '1111111001110011', 'A'),
	(2, 'march_engine', 4, 'medium', '0000000101110011', 'd'),
	(2, 'march_engine', 4, 'large', '1111000101110011', 'BA'),
	(2, 'march_engine', 5, 'small', '0000000101110011', 'C'),
	(2, 'march_engine', 5, 'medium', '1100110110111111', 'C'),
	(2, 'march_engine', 5, 'large', '0011001001110011', 'C+A'),
	(2, 'march_engine', 6, 'small', '1001100000010101', 'D'),
	(2, 'march_engine', 6, 'medium', '0011001010111111', 'A'),
	(2, 'march_engine', 6, 'large', '0110110111100000', 'b+d'),
	(2, 'march_engine', 7, 'small', '0011001010111111', 'd'),
	(2, 'march_engine', 7, 'medium', '0110011111101010', 'd'),
	(2, 'march_engine', 7, 'large', '1100100001000101', 'b+D'),
	(2, 'march_engine', 8, 'small', '0001000010011101', 'c+D'),
	(2, 'march_engine', 8, 'medium', '1010101100100110', 'C'),
	(2, 'march_engine', 8, 'large', '1111111001110011', 'd'),
	(2, 'march_engine', 9, 'small', '0110100011100101', 'B'),
	(2, 'march_engine', 9, 'medium', '1001100000010101', 'c'),
	(2, 'march_engine', 9, 'large', '0010001110101110', 'c+D'),
	(2, 'warp_engine', 0, 'small', '0110101011100010', 'B+a'),
	(2, 'warp_engine', 0, 'medium', '1001101000011101', ''),
	(2, 'warp_engine', 0, 'large', '0110101011101101', 'B'),
	(2, 'warp_engine', 1, 'small', '1100000001000111', 'b'),
	(2, 'warp_engine', 1, 'medium', '1100111101001000', 'd'),
	(2, 'warp_engine', 1, 'large', '1011100000111111', 'c+d'),
	(2, 'warp_engine', 2, 'small', '0011000010110111', 'a'),
	(2, 'warp_engine', 2, 'medium', '0011000001001000', 'A'),
	(2, 'warp_engine', 2, 'large', '1111110010110111', 'a+C'),
	(2, 'warp_engine', 3, 'small', '1111110010110111', 'ac'),
	(2, 'warp_engine', 3, 'medium', '1111110010000100', 'C'),
	(2, 'warp_engine', 3, 'large', '0000110001110100', 'B'),
	(2, 'warp_engine', 4, 'small', '0000110010001011', 'A'),
	(2, 'warp_engine', 4, 'medium', '1111001110001011', 'b'),
	(2, 'warp_engine', 4, 'large', '0000000001111000', 'B+c'),
	(2, 'warp_engine', 5, 'small', '0000001110110111', 'aC'),
	(2, 'warp_engine', 5, 'medium', '0000001101111011', 'B'),
	(2, 'warp_engine', 5, 'large', '0101011000101110', 'd'),
	(2, 'warp_engine', 6, 'small', '0101001100101011', 'DB'),
	(2, 'warp_engine', 6, 'medium', '1111001110001011', 'B'),
	(2, 'warp_engine', 6, 'large', '0101100100100001', 'D'),
	(2, 'warp_engine', 7, 'small', '1111001110001011', 'D'),
	(2, 'warp_engine', 7, 'medium', '0101100100100001', 'D'),
	(2, 'warp_engine', 7, 'large', '0110011000011110', 'c+b'),
	(2, 'warp_engine', 8, 'small', '1010011001110100', 'da'),
	(2, 'warp_engine', 8, 'medium', '1010011000100001', 'A'),
	(2, 'warp_engine', 8, 'large', '0000110010001011', 'D'),
	(2, 'warp_engine', 9, 'small', '0000110001110100', 'A'),
	(2, 'warp_engine', 9, 'medium', '1111001101110100', 'd'),
	(2, 'warp_engine', 9, 'large', '0000001101110100', 'AB'),
	(2, 'shunter', 0, 'small', '0010010001000100', 'C'),
	(2, 'shunter', 0, 'medium', '1110100010001000', ''),
	(2, 'shunter', 0, 'large', '1011110110001000', 'Ad'),
	(2, 'shunter', 1, 'small', '1101101101001011', 'aB'),
	(2, 'shunter', 1, 'medium', '1101101110111011', 'c'),
	(2, 'shunter', 1, 'large', '0111000100010001', 'D'),
	(2, 'shunter', 2, 'small', '1101010001001011', 'a'),
	(2, 'shunter', 2, 'medium', '1101010010110100', 'b'),
	(2, 'shunter', 2, 'large', '1000000101001011', 'd+a'),
	(2, 'shunter', 3, 'small', '1000000101001011', 'D+a'),
	(2, 'shunter', 3, 'medium', '0010101110110100', 'A'),
	(2, 'shunter', 3, 'large', '1110011101111000', 'C'),
	(2, 'shunter', 4, 'small', '1101111001000001', 'd+b'),
	(2, 'shunter', 4, 'medium', '1000000100011110', 'D'),
	(2, 'shunter', 4, 'large', '1000111000010001', 'b'),
	(2, 'shunter', 5, 'small', '0111101111100100', 'D+b'),
	(2, 'shunter', 5, 'medium', '1101010001001011', 'd'),
	(2, 'shunter', 5, 'large', '1000000100011110', 'd'),
	(2, 'shunter', 6, 'small', '1000010000011011', 'bd'),
	(2, 'shunter', 6, 'medium', '1000000100011110', 'd'),
	(2, 'shunter', 6, 'large', '0111111000011110', 'A'),
	(2, 'shunter', 7, 'small', '1000000100011110', 'D'),
	(2, 'shunter', 7, 'medium', '0010101110110100', 'D'),
	(2, 'shunter', 7, 'large', '0111111010110100', 'dA'),
	(2, 'shunter', 8, 'small', '0100110111010010', 'c'),
	(2, 'shunter', 8, 'medium', '0111111011100001', 'd'),
	(2, 'shunter', 8, 'large', '0111001011101101', 'bC'),
	(2, 'shunter', 9, 'small', '1011110100100010', 'c'),
	(2, 'shunter', 9, 'medium', '1000111000010001', 'B'),
	(2, 'shunter', 9, 'large', '0111010011101011', 'D+B'),
	(2, 'radar', 0, 'small', '1001101000100000', 'cA'),
	(2, 'radar', 0, 'medium', '1010100100100000', ''),
	(2, 'radar', 0, 'large', '0000001110001010', 'D'),
	(2, 'radar', 1, 'small', '1111001101111010', 'B'),
	(2, 'radar', 1, 'medium', '0000001110001010', 'D'),
	(2, 'radar', 1, 'large', '0000001100100000', 'Da'),
	(2, 'radar', 2, 'small', '0000111101111001', 'bC'),
	(2, 'radar', 2, 'medium', '0000001101110101', 'a'),
	(2, 'radar', 2, 'large', '1100111110111001', 'C'),
	(2, 'radar', 3, 'small', '0000111101111001', 'bc'),
	(2, 'radar', 3, 'medium', '0000110001111010', 'b'),
	(2, 'radar', 3, 'large', '1111001101111010', 'A'),
	(2, 'radar', 4, 'small', '1010011000101111', 'D'),
	(2, 'radar', 4, 'medium', '0000110010000101', 'a'),
	(2, 'radar', 4, 'large', '1110001001101011', 'C+D'),
	(2, 'radar', 5, 'small', '0011000010110110', 'B+a'),
	(2, 'radar', 5, 'medium', '1100000001001001', 'C'),
	(2, 'radar', 5, 'large', '1111001101111010', 'c'),
	(2, 'radar', 6, 'small', '0110101000011100', 'a'),
	(2, 'radar', 6, 'medium', '0110101011100011', 'D'),
	(2, 'radar', 6, 'large', '1001010101001001', 'D+A'),
	(2, 'radar', 7, 'small', '0110000011101001', 'BD'),
	(2, 'radar', 7, 'medium', '1100000001001001', 'D'),
	(2, 'radar', 7, 'large', '0000110010000101', 'C'),
	(2, 'radar', 8, 'small', '0101100111010000', 'C'),
	(2, 'radar', 8, 'medium', '1001010100011100', 'd'),
	(2, 'radar', 8, 'large', '0101100111100011', 'a+C'),
	(2, 'radar', 9, 'small', '0000110010000101', 'D'),
	(2, 'radar', 9, 'medium', '1010011000101111', 'c'),
	(2, 'radar', 9, 'large', '0010111010100111', 'DC'),
	(2, 'sonar', 0, 'small', '1010010001101001', 'd'),
	(2, 'sonar', 0, 'medium', '1111000100111100', ''),
	(2, 'sonar', 0, 'large', '0011000111111100', 'CB'),
	(2, 'sonar', 1, 'small', '0011111011110011', 'BC'),
	(2, 'sonar', 1, 'medium', '1111111000110011', 'b'),
	(2, 'sonar', 1, 'large', '1100110100000000', 'c'),
	(2, 'sonar', 2, 'small', '1111101100110110', 'dB'),
	(2, 'sonar', 2, 'medium', '1010101101100110', 'd'),
	(2, 'sonar', 2, 'large', '1001100001010101', 'c'),
	(2, 'sonar', 3, 'small', '0011001011111111', 'c'),
	(2, 'sonar', 3, 'medium', '0000000111001100', 'D'),
	(2, 'sonar', 3, 'large', '0000000100000000', 'aC'),
	(2, 'sonar', 4, 'small', '0101101110010110', 'D'),
	(2, 'sonar', 4, 'medium', '1111000100111100', 'B'),
	(2, 'sonar', 4, 'large', '0000111001101001', 'A+d'),
	(2, 'sonar', 5, 'small', '1111110111001111', 'Cb'),
	(2, 'sonar', 5, 'medium', '1111000111000011', 'a'),
	(2, 'sonar', 5, 'large', '0101101101101001', 'D'),
	(2, 'sonar', 6, 'small', '0000111000110011', 'A+b'),
	(2, 'sonar', 6, 'medium', '1111000100111100', 'a'),
	(2, 'sonar', 6, 'large', '1111111000110011', 'b'),
	(2, 'sonar', 7, 'small', '0011001011111111', 'C'),
	(2, 'sonar', 7, 'medium', '1111111000110011', 'b'),
	(2, 'sonar', 7, 'large', '0000111000110011', 'BA'),
	(2, 'sonar', 8, 'small', '1011101010001000', 'c+D'),
	(2, 'sonar', 8, 'medium', '0000000100110011', 'A'),
	(2, 'sonar', 8, 'large', '1010101110011001', 'D'),
	(2, 'sonar', 9, 'small', '1000100110111011', 'dC'),
	(2, 'sonar', 9, 'medium', '1100110111111111', 'C'),
	(2, 'sonar', 9, 'large', '0011001011111111', 'A'),
	(2, 'fuel_tank', 0, 'small', '1000011010110001', 'b'),
	(2, 'fuel_tank', 0, 'medium', '1000100110111110', ''),
	(2, 'fuel_tank', 0, 'large', '1011101010111110', 'cA'),
	(2, 'fuel_tank', 1, 'small', '0011001011111010', 'D+c'),
	(2, 'fuel_tank', 1, 'medium', '1000100101000001', 'a'),
	(2, 'fuel_tank', 1, 'large', '0100010110001101', 'C'),
	(2, 'fuel_tank', 2, 'small', '1000100100010100', 'dA'),
	(2, 'fuel_tank', 2, 'medium', '1101110000010100', 'd'),
	(2, 'fuel_tank', 2, 'large', '1110111100100111', 'c'),
	(2, 'fuel_tank', 3, 'small', '0010110001001110', 'A+d'),
	(2, 'fuel_tank', 3, 'medium', '1101001100011011', 'b'),
	(2, 'fuel_tank', 3, 'large', '0001111111010111', 'C'),
	(2, 'fuel_tank', 4, 'small', '1011010101001110', 'a+C'),
	(2, 'fuel_tank', 4, 'medium', '0111100110110001', 'D'),
	(2, 'fuel_tank', 4, 'large', '0100101010000010', 'c'),
	(2, 'fuel_tank', 5, 'small', '1011010110000010', 'a'),
	(2, 'fuel_tank', 5, 'medium', '1011010101111101', 'C'),
	(2, 'fuel_tank', 5, 'large', '1100001000001010', 'c+d'),
	(2, 'fuel_tank', 6, 'small', '1101001110110001', 'DA'),
	(2, 'fuel_tank', 6, 'medium', '0111100110110001', 'C'),
	(2, 'fuel_tank', 6, 'large', '1011010101111101', 'C'),
	(2, 'fuel_tank', 7, 'small', '0000111000111001', 'CD'),
	(2, 'fuel_tank', 7, 'medium', '1000011010110001', 'A'),
	(2, 'fuel_tank', 7, 'large', '0111100110110001', 'A'),
	(2, 'fuel_tank', 8, 'small', '0100101001001110', 'ac'),
	(2, 'fuel_tank', 8, 'medium', '0100101001111101', 'C'),
	(2, 'fuel_tank', 8, 'large', '1011010101111101', 'A'),
	(2, 'fuel_tank', 9, 'small', '1110000000100111', 'aB'),
	(2, 'fuel_tank', 9, 'medium', '1110000011010111', 'D'),
	(2, 'fuel_tank', 9, 'large', '1110000000101000', 'a'),
	(2, 'shields', 0, 'small', '0010100010111111', 'B'),
	(2, 'shields', 0, 'medium', '1101100001001111', ''),
	(2, 'shields', 0, 'large', '1101100000011010', 'ad'),
	(2, 'shields', 1, 'small', '1101100001111100', 'Ca'),
	(2, 'shields', 1, 'medium', '1101100010110000', 'a'),
	(2, 'shields', 1, 'large', '0010011110110000', 'A'),
	(2, 'shields', 2, 'small', '0111001011100101', 'd'),
	(2, 'shields', 2, 'medium', '0010011110110000', 'A'),
	(2, 'shields', 2, 'large', '1000100000011111', 'D+b'),
	(2, 'shields', 3, 'small', '1101011110111111', 'A'),
	(2, 'shields', 3, 'medium', '0010100010111111', 'b'),
	(2, 'shields', 3, 'large', '0111100011101111', 'Bd'),
	(2, 'shields', 4, 'small', '0001010010000011', 'c'),
	(2, 'shields', 4, 'medium', '0010011110110000', 'b'),
	(2, 'shields', 4, 'large', '1101100001111100', 'C+A'),
	(2, 'shields', 5, 'small', '0111001011101010', 'ab'),
	(2, 'shields', 5, 'medium', '0111001011100101', 'd'),
	(2, 'shields', 5, 'large', '1101100001001111', 'D'),
	(2, 'shields', 6, 'small', '0010011101001111', 'A'),
	(2, 'shields', 6, 'medium', '1101100001001111', 'D'),
	(2, 'shields', 6, 'large', '1000110101001111', 'Ad'),
	(2, 'shields', 7, 'small', '1101100000011010', 'd+A'),
	(2, 'shields', 7, 'medium', '0010011101001111', 'A'),
	(2, 'shields', 7, 'large', '1101100001001111', 'A'),
	(2, 'shields', 8, 'small', '1101011110001100', 'C+A'),
	(2, 'shields', 8, 'medium', '0010100001000000', 'b'),
	(2, 'shields', 8, 'large', '0010100010111111', 'a'),
	(2, 'shields', 9, 'small', '0010100001000000', 'a'),
	(2, 'shields', 9, 'medium', '0010100010111111', 'a'),
	(2, 'shields', 9, 'large', '0111110101000000', 'd+a'),
	(2, 'lss', 0, 'small', '0110100111110111', 'B'),
	(2, 'lss', 0, 'medium', '1001100100000111', ''),
	(2, 'lss', 0, 'large', '0001000110001111', 'CD'),
	(2, 'lss', 1, 'small', '1001100100000111', 'D'),
	(2, 'lss', 1, 'medium', '0011001110101101', 'D'),
	(2, 'lss', 1, 'large', '1100110011111000', 'A+d'),
	(2, 'lss', 2, 'small', '1100001100001000', 'ad'),
	(2, 'lss', 2, 'medium', '1100001101011101', 'B'),
	(2, 'lss', 2, 'large', '1100001110100010', 'a'),
	(2, 'lss', 3, 'small', '1100110011111000', 'd+A'),
	(2, 'lss', 3, 'medium', '0011001110101101', 'B'),
	(2, 'lss', 3, 'large', '0011110010100010', 'b'),
	(2, 'lss', 4, 'small', '1001011000001000', 'B'),
	(2, 'lss', 4, 'medium', '0110011011111000', 'd'),
	(2, 'lss', 4, 'large', '1000100000010110', 'D+C'),
	(2, 'lss', 5, 'small', '0101101011000100', 'B'),
	(2, 'lss', 5, 'medium', '1010101000110100', 'C'),
	(2, 'lss', 5, 'large', '0110010111111011', 'b+C'),
	(2, 'lss', 6, 'small', '1111111110011110', 'A'),
	(2, 'lss', 6, 'medium', '0000000010011110', 'D'),
	(2, 'lss', 6, 'large', '1000100000010110', 'DC'),
	(2, 'lss', 7, 'small', '0000111110011110', 'BA'),
	(2, 'lss', 7, 'medium', '1111111110011110', 'A'),
	(2, 'lss', 7, 'large', '0011001101010010', 'C'),
	(2, 'lss', 8, 'small', '0110011000110100', 'a+C'),
	(2, 'lss', 8, 'medium', '1010101011001011', 'd'),
	(2, 'lss', 8, 'large', '1010101000110100', 'a'),
	(2, 'lss', 9, 'small', '0001000101110000', 'cd'),
	(2, 'lss', 9, 'medium', '0000000001100001', 'D'),
	(2, 'lss', 9, 'large', '1100110010101101', 'C'),
	(3, 'march_engine', 0, 'small', '0101100011101010', 'B'),
	(3, 'march_engine', 0, 'medium', '1010100000011010', ''),
	(3, 'march_engine', 0, 'large', '1010100000101001', 'ca'),
	(3, 'march_engine', 1, 'small', '1010011101000000', 'D+A'),
	(3, 'march_engine', 1, 'medium', '0101100011101010', 'B'),
	(3, 'march_engine', 1, 'large', '1010100000011010', 'B'),
	(3, 'march_engine', 2, 'small', '1111110101001111', 'd'),
	(3, 'march_engine', 2, 'medium', '1010100000011010', 'B'),
	(3, 'march_engine', 2, 'large', '1101111101101101', 'd+c'),
	(3, 'march_engine', 3, 'small', '0101010000011001', 'bc'),
	(3, 'march_engine', 3, 'medium', '0101011100011010', 'A'),
	(3, 'march_engine', 3, 'large', '1010100000011010', 'A'),
	(3, 'march_engine', 4, 'small', '1111001010111111', 'B'),
	(3, 'march_engine', 4, 'medium', '0000001001001111', 'd'),
	(3, 'march_engine', 4, 'large', '1111111010110011', 'B+C'),
	(3, 'march_engine', 5, 'small', '1001101111100101', 'a+C'),
	(3, 'march_engine', 5, 'medium', '0101011100011010', 'd'),
	(3, 'march_engine', 5, 'large', '1001101111010110', 'C'),
	(3, 'march_engine', 6, 'small', '0100100100000100', 'C+D'),
	(3, 'march_engine', 6, 'medium', '1010011111101010', 'B'),
	(3, 'march_engine', 6, 'large', '0110101100100110', 'C'),
	(3, 'march_engine', 7, 'small', '1010100011101010', 'ab'),
	(3, 'march_engine', 7, 'medium', '1010100011100101', 'b'),
	(3, 'march_engine', 7, 'large', '0110010000101001', 'C'),
	(3, 'march_engine', 8, 'small', '1001010011011001', 'b'),
	(3, 'march_engine', 8, 'medium', '1001101111010110', 'c'),
	(3, 'march_engine', 8, 'large', '0110100000100101', 'c+B'),
	(3, 'march_engine', 9, 'small', '0111010111000111', 'cd'),
	(3, 'march_engine', 9, 'medium', '0110010011010110', 'A'),
	(3, 'march_engine', 9, 'large', '1001010000100110', 'B'),
	(3, 'warp_engine', 0, 'small', '1110100001110011', 'ca'),
	(3, 'warp_engine', 0, 'medium', '1110100001000000', ''),
	(3, 'warp_engine', 0, 'large', '0010010010001100', 'C'),
	(3, 'warp_engine', 1, 'small', '0100100011100000', 'bD'),
	(3, 'warp_engine', 1, 'medium', '0100001011101010', 'D'),
	(3, 'warp_engine', 1, 'large', '0100001000010101', 'a'),
	(3, 'warp_engine', 2, 'small', '1110011101001111', 'B'),
	(3, 'warp_engine', 2, 'medium', '0001011110111111', 'd'),
	(3, 'warp_engine', 2, 'large', '1110100010001100', 'c+A'),
	(3, 'warp_engine', 3, 'small', '0001100001001111', 'b'),
	(3, 'warp_engine', 3, 'medium', '0001011101000000', 'a'),
	(3, 'warp_engine', 3, 'large', '1011110110111111', 'D+a'),
	(3, 'warp_engine', 4, 'small', '0100011111101111', 'D+b'),
	(3, 'warp_engine', 4, 'medium', '1110100001000000', 'A'),
	(3, 'warp_engine', 4, 'large', '1110100010111111', 'a'),
	(3, 'warp_engine', 5, 'small', '1101101110001100', 'c'),
	(3, 'warp_engine', 5, 'medium', '1110100010111111', 'a'),
	(3, 'warp_engine', 5, 'large', '0001011100010101', 'A+D'),
	(3, 'warp_engine', 6, 'small', '1011001011100101', 'b'),
	(3, 'warp_engine', 6, 'medium', '1011110111101010', 'd'),
	(3, 'warp_engine', 6, 'large', '1110100011101010', 'Ad'),
	(3, 'warp_engine', 7, 'small', '0100001000010101', 'c'),
	(3, 'warp_engine', 7, 'medium', '0111000100100110', 'C'),
	(3, 'warp_engine', 7, 'large', '0010111001111001', 'b+d'),
	(3, 'warp_engine', 8, 'small', '0100000111101001', 'C+b'),
	(3, 'warp_engine', 8, 'medium', '1000111000100110', 'A'),
	(3, 'warp_engine', 8, 'large', '1000000100101001', 'b'),
	(3, 'warp_engine', 9, 'small', '0010010010111111', 'A+C'),
	(3, 'warp_engine', 9, 'medium', '1101101101110011', 'd'),
	(3, 'warp_engine', 9, 'large', '1101010001111100', 'b'),
	(3, 'shunter', 0, 'small', '1001100111111001', 'a'),
	(3, 'shunter', 0, 'medium', '1001100100000110', ''),
	(3, 'shunter', 0, 'large', '0011100110100110', 'BD'),
	(3, 'shunter', 1, 'small', '1000100000010111', 'cD'),
	(3, 'shunter', 1, 'medium', '1010101000110101', 'c'),
	(3, 'shunter', 1, 'large', '0101010100110101', 'A'),
	(3, 'shunter', 2, 'small', '1100110000000110', 'a+D'),
	(3, 'shunter', 2, 'medium', '0110011011111001', 'C'),
	(3, 'shunter', 2, 'large', '0110011000000110', 'a'),
	(3, 'shunter', 3, 'small', '0101100100111001', 'BC'),
	(3, 'shunter', 3, 'medium', '1001100111111001', 'A'),
	(3, 'shunter', 3, 'large', '0011001101010011', 'D'),
	(3, 'shunter', 4, 'small', '1001100111111001', 'B'),
	(3, 'shunter', 4, 'medium', '0110100100001001', 'B'),
	(3, 'shunter', 4, 'large', '1010100111001001', 'CB'),
	(3, 'shunter', 5, 'small', '1111000010100011', 'a+C'),
	(3, 'shunter', 5, 'medium', '0011110001011100', 'd'),
	(3, 'shunter', 5, 'large', '0011001101010011', 'b'),
	(3, 'shunter', 6, 'small', '1100000001011111', 'bc'),
	(3, 'shunter', 6, 'medium', '1100001101011100', 'A'),
	(3, 'shunter', 6, 'large', '0011110001011100', 'A'),
	(3, 'shunter', 7, 'small', '1010010100111010', 'C'),
	(3, 'shunter', 7, 'medium', '0110100111110110', 'D'),
	(3, 'shunter', 7, 'large', '1001101000000101', 'B+c'),
	(3, 'shunter', 8, 'small', '0110100100111010', 'A+C'),
	(3, 'shunter', 8, 'medium', '1001011011110110', 'A'),
	(3, 'shunter', 8, 'large', '1100001110100011', 'd'),
	(3, 'shunter', 9, 'small', '0101101010010000', 'd+A'),
	(3, 'shunter', 9, 'medium', '1010010111000101', 'c'),
	(3, 'shunter', 9, 'large', '0101101011000101', 'A'),
	(3, 'radar', 0, 'small', '1000100110011100', 'b'),
	(3, 'radar', 0, 'medium', '1000011010010011', ''),
	(3, 'radar', 0, 'large', '0010011000110011', 'BD'),
	(3, 'radar', 1, 'small', '0100010101010000', 'B'),
	(3, 'radar', 1, 'medium', '1011010110100000', 'c'),
	(3, 'radar', 1, 'large', '1001011110000010', 'Dc'),
	(3, 'radar', 2, 'small', '0111100110010011', 'A'),
	(3, 'radar', 2, 'medium', '1000011010010011', 'c'),
	(3, 'radar', 2, 'large', '0101101101001110', 'd+C'),
	(3, 'radar', 3, 'small', '1000110010011001', 'D+B'),
	(3, 'radar', 3, 'medium', '0111011001100011', 'B'),
	(3, 'radar', 3, 'large', '0111011010011100', 'a'),
	(3, 'radar', 4, 'small', '1011010110100000', 'b'),
	(3, 'radar', 4, 'medium', '1011101010101111', 'C'),
	(3, 'radar', 4, 'large', '0101010001000001', 'D+C'),
	(3, 'radar', 5, 'small', '1011101010101111', 'A'),
	(3, 'radar', 5, 'medium', '0100010110101111', 'A'),
	(3, 'radar', 5, 'large', '1110111110101111', 'DA'),
	(3, 'radar', 6, 'small', '1011101001010000', 'B'),
	(3, 'radar', 6, 'medium', '0100101010100000', 'b'),
	(3, 'radar', 6, 'large', '0100101001101100', 'Ca'),
	(3, 'radar', 7, 'small', '1110000011110101', 'd'),
	(3, 'radar', 7, 'medium', '1011010110100000', 'A'),
	(3, 'radar', 7, 'large', '0001010100000000', 'BD'),
	(3, 'radar', 8, 'small', '0100011001010011', 'B+C'),
	(3, 'radar', 8, 'medium', '1011101010101111', 'b'),
	(3, 'radar', 8, 'large', '1011010110100000', 'b'),
	(3, 'radar', 9, 'small', '0111101010010000', 'b+c'),
	(3, 'radar', 9, 'medium', '0100010110101111', 'A'),
	(3, 'radar', 9, 'large', '0001000011111010', 'd'),
	(3, 'sonar', 0, 'small', '0000011011100000', 'A'),
	(3, 'sonar', 0, 'medium', '1111100111100000', ''),
	(3, 'sonar', 0, 'large', '1100101011100000', 'cA'),
	(3, 'sonar', 1, 'small', '0101100101000000', 'Bd'),
	(3, 'sonar', 1, 'medium', '0000100100010000', 'B'),
	(3, 'sonar', 1, 'large', '1111100111100000', 'B'),
	(3, 'sonar', 2, 'small', '0011010100101100', 'C'),
	(3, 'sonar', 2, 'medium', '1111100111100000', 'B'),
	(3, 'sonar', 2, 'large', '0000100111100000', 'AB'),
	(3, 'sonar', 3, 'small', '0100001001011011', 'D+C'),
	(3, 'sonar', 3, 'medium', '1010110010110101', 'd'),
	(3, 'sonar', 3, 'large', '0000011000011111', 'D'),
	(3, 'sonar', 4, 'small', '1010111101001001', 'B+C'),
	(3, 'sonar', 4, 'medium', '0101001110110101', 'A'),
	(3, 'sonar', 4, 'large', '1010001101000101', 'B'),
	(3, 'sonar', 5, 'small', '0110000000101100', 'd+A'),
	(3, 'sonar', 5, 'medium', '1001111101111001', 'C'),
	(3, 'sonar', 5, 'large', '1001000001110110', 'b'),
	(3, 'sonar', 6, 'small', '0110000010000110', 'D'),
	(3, 'sonar', 6, 'medium', '1100101000101100', 'd'),
	(3, 'sonar', 6, 'large', '1100101010000110', 'Da'),
	(3, 'sonar', 7, 'small', '0000011000101100', 'A+c'),
	(3, 'sonar', 7, 'medium', '1111100100011111', 'c'),
	(3, 'sonar', 7, 'large', '0011010111010011', 'C'),
	(3, 'sonar', 8, 'small', '1111100100011111', 'C'),
	(3, 'sonar', 8, 'medium', '0011010111010011', 'C'),
	(3, 'sonar', 8, 'large', '1100010111010011', 'BA'),
	(3, 'sonar', 9, 'small', '1111011000010000', 'C'),
	(3, 'sonar', 9, 'medium', '0011101011011100', 'b'),
	(3, 'sonar', 9, 'large', '0011101001110110', 'Da'),
	(3, 'fuel_tank', 0, 'small', '0100110111011100', 'B+C'),
	(3, 'fuel_tank', 0, 'medium', '1011000100100000', ''),
	(3, 'fuel_tank', 0, 'large', '0111110111101100', 'C'),
	(3, 'fuel_tank', 1, 'small', '0100111011011111', 'D'),
	(3, 'fuel_tank', 1, 'medium', '1110010001110101', 'd'),
	(3, 'fuel_tank', 1, 'large', '1011000101110101', 'dA'),
	(3, 'fuel_tank', 2, 'small', '1101011110111001', 'c'),
	(3, 'fuel_tank', 2, 'medium', '1110010010001010', 'a'),
	(3, 'fuel_tank', 2, 'large', '1110101110001010', 'Ab'),
	(3, 'fuel_tank', 3, 'small', '1101001010111100', 'D+B'),
	(3, 'fuel_tank', 3, 'medium', '0010100001000110', 'C'),
	(3, 'fuel_tank', 3, 'large', '1101100010110110', 'B'),
	(3, 'fuel_tank', 4, 'small', '1100011001010111', 'dc'),
	(3, 'fuel_tank', 4, 'medium', '1101011101000110', 'A'),
	(3, 'fuel_tank', 4, 'large', '1110010001110101', 'c'),
	(3, 'fuel_tank', 5, 'small', '0101111111001110', 'C+d'),
	(3, 'fuel_tank', 5, 'medium', '1000001000010011', 'd'),
	(3, 'fuel_tank', 5, 'large', '0100111011011111', 'C'),
	(3, 'fuel_tank', 6, 'small', '1011000111011111', 'A'),
	(3, 'fuel_tank', 6, 'medium', '0100111011011111', 'C'),
	(3, 'fuel_tank', 6, 'large', '0001000110000000', 'd+b'),
	(3, 'fuel_tank', 7, 'small', '1011111011010000', 'B'),
	(3, 'fuel_tank', 7, 'medium', '0100111000100000', 'a'),
	(3, 'fuel_tank', 7, 'large', '0110110000000010', 'Dc'),
	(3, 'fuel_tank', 8, 'small', '1011111000101111', 'a'),
	(3, 'fuel_tank', 8, 'medium', '1011111011010000', 'B'),
	(3, 'fuel_tank', 8, 'large', '1000000111101111', 'b+c'),
	(3, 'fuel_tank', 9, 'small', '0001101101110101', 'B'),
	(3, 'fuel_tank', 9, 'medium', '1110101110000101', 'd'),
	(3, 'fuel_tank', 9, 'large', '0100000101111010', 'a+D'),
	(3, 'shields', 0, 'small', '1011101000100101', 'a'),
	(3, 'shields', 0, 'medium', '1011101011011010', ''),
	(3, 'shields', 0, 'large', '0100111100101111', 'd+B'),
	(3, 'shields', 1, 'small', '1011101011011010', 'd'),
	(3, 'shields', 1, 'medium', '1110111110001111', 'd'),
	(3, 'shields', 1, 'large', '0100111100101111', 'BD'),
	(3, 'shields', 2, 'small', '1101001110110011', 'b'),
	(3, 'shields', 2, 'medium', '1101110010111100', 'c'),
	(3, 'shields', 2, 'large', '0001000010111100', 'AC'),
	(3, 'shields', 3, 'small', '0010001110001111', 'ca'),
	(3, 'shields', 3, 'medium', '0010001110111100', 'A'),
	(3, 'shields', 3, 'large', '1110111101110000', 'C'),
	(3, 'shields', 4, 'small', '1010101111001011', 'c+d'),
	(3, 'shields', 4, 'medium', '1101110010111100', 'A'),
	(3, 'shields', 4, 'large', '0010110001001100', 'B'),
	(3, 'shields', 5, 'small', '1101110010111100', 'D'),
	(3, 'shields', 5, 'medium', '0111011000010110', 'D'),
	(3, 'shields', 5, 'large', '1000011011101001', 'a+B'),
	(3, 'shields', 6, 'small', '0111100111100110', 'A'),
	(3, 'shields', 6, 'medium', '1000011011100110', 'B'),
	(3, 'shields', 6, 'large', '0011110101011101', 'D+c'),
	(3, 'shields', 7, 'small', '0101101100111011', 'D+C'),
	(3, 'shields', 7, 'medium', '1011010111010101', 'c'),
	(3, 'shields', 7, 'large', '0100101011010101', 'A'),
	(3, 'shields', 8, 'small', '1011101000101010', 'b+A'),
	(3, 'shields', 8, 'medium', '0100010100100101', 'B'),
	(3, 'shields', 8, 'large', '1000100111101001', 'C'),
	(3, 'shields', 9, 'small', '0001000010111100', 'c+A'),
	(3, 'shields', 9, 'medium', '1110111110001111', 'D'),
	(3, 'shields', 9, 'large', '0100010100100101', 'D'),
	(3, 'lss', 0, 'small', '0101011011010000', 'C+B'),
	(3, 'lss', 0, 'medium', '1010101000101100', ''),
	(3, 'lss', 0, 'large', '0000000010000110', 'D'),
	(3, 'lss', 1, 'small', '0101010100011111', 'CA'),
	(3, 'lss', 1, 'medium', '1001100100011111', 'c'),
	(3, 'lss', 1, 'large', '1001011000010000', 'b'),
	(3, 'lss', 2, 'small', '0011001101001010', 'A'),
	(3, 'lss', 2, 'medium', '1100110001001010', 'd'),
	(3, 'lss', 2, 'large', '1001110000011010', 'Bd'),
	(3, 'lss', 3, 'small', '1111110001111010', 'cb'),
	(3, 'lss', 3, 'medium', '1111111101111001', 'c'),
	(3, 'lss', 3, 'large', '1111111110000110', 'a'),
	(3, 'lss', 4, 'small', '0011110010111010', 'C'),
	(3, 'lss', 4, 'medium', '1111000001110110', 'b'),
	(3, 'lss', 4, 'large', '0101111111011001', 'D+b'),
	(3, 'lss', 5, 'small', '1010010111011100', 'A'),
	(3, 'lss', 5, 'medium', '0101101011011100', 'D'),
	(3, 'lss', 5, 'large', '0101101001110110', 'aD'),
	(3, 'lss', 6, 'small', '0001111001100111', 'Cd'),
	(3, 'lss', 6, 'medium', '0101101000100011', 'a'),
	(3, 'lss', 6, 'large', '0101101011011100', 'a'),
	(3, 'lss', 7, 'small', '1111000001110110', 'A'),
	(3, 'lss', 7, 'medium', '0000111101110110', 'd'),
	(3, 'lss', 7, 'large', '1010010101110110', 'AD'),
	(3, 'lss', 8, 'small', '0100101111001101', 'D+c'),
	(3, 'lss', 8, 'medium', '1111000001110110', 'A'),
	(3, 'lss', 8, 'large', '1010010100100011', 'd'),
	(3, 'lss', 9, 'small', '1110000110011000', 'D+C'),
	(3, 'lss', 9, 'medium', '0000111101110110', 'A'),
	(3, 'lss', 9, 'large', '1111111110000110', 'B'),
	(4, 'march_engine', 0, 'small', '1011000101001011', 'ab'),
	(4, 'march_engine', 0, 'medium', '1011000101000100', ''),
	(4, 'march_engine', 0, 'large', '0111110110001000', 'C'),
	(4, 'march_engine', 1, 'small', '0100000101001011', 'b'),
	(4, 'march_engine', 1, 'medium', '0100111001000100', 'A'),
	(4, 'march_engine', 1, 'large', '1110000111101011', 'b+D'),
	(4, 'march_engine', 2, 'small', '0001010000011110', 'D'),
	(4, 'march_engine', 2, 'medium', '1011111010110100', 'B'),
	(4, 'march_engine', 2, 'large', '1011111000011110', 'Da'),
	(4, 'march_engine', 3, 'small', '0100111010111011', 'b'),
	(4, 'march_engine', 3, 'medium', '0100000110110100', 'A'),
	(4, 'march_engine', 3, 'large', '0111001001001011', 'c+a'),
	(4, 'march_engine', 4, 'small', '1011111001001011', 'b'),
	(4, 'march_engine', 4, 'medium', '1011000101000100', 'B'),
	(4, 'march_engine', 4, 'large', '0011100111001100', 'CD'),
	(4, 'march_engine', 5, 'small', '1011111010110100', 'A'),
	(4, 'march_engine', 5, 'medium', '0100000110110100', 'B'),
	(4, 'march_engine', 5, 'large', '0111001001001011', 'c+a'),
	(4, 'march_engine', 6, 'small', '1110101111100001', 'd'),
	(4, 'march_engine', 6, 'medium', '1011111010110100', 'A'),
	(4, 'march_engine', 6, 'large', '0001010010110100', 'AD'),
	(4, 'march_engine', 7, 'small', '1011111010110100', 'D'),
	(4, 'march_engine', 7, 'medium', '0001010000011110', 'D'),
	(4, 'march_engine', 7, 'large', '1001110010010110', 'CD'),
	(4, 'march_engine', 8, 'small', '1101011111011101', 'c'),
	(4, 'march_engine', 8, 'medium', '1110010011101110', 'B'),
	(4, 'march_engine', 8, 'large', '0000101000000000', 'D+C'),
	(4, 'march_engine', 9, 'small', '0001010000101101', 'ca'),
	(4, 'march_engine', 9, 'medium', '0001010000011110', 'B'),
	(4, 'march_engine', 9, 'large', '1101100011010010', 'C'),
	(4, 'warp_engine', 0, 'small', '0011110011010110', 'D'),
	(4, 'warp_engine', 0, 'medium', '1001011001111100', ''),
	(4, 'warp_engine', 0, 'large', '0110011010000011', 'B+a'),
	(4, 'warp_engine', 1, 'small', '0110011010000011', 'a+b'),
	(4, 'warp_engine', 1, 'medium', '0110100101111100', 'A'),
	(4, 'warp_engine', 1, 'large', '1001100110001100', 'B'),
	(4, 'warp_engine', 2, 'small', '1001011010000011', 'D'),
	(4, 'warp_engine', 2, 'medium', '0011110000101001', 'd'),
	(4, 'warp_engine', 2, 'large', '1001001110000110', 'b+D'),
	(4, 'warp_engine', 3, 'small', '1111000000101001', 'C+a'),
	(4, 'warp_engine', 3, 'medium', '0011110011010110', 'a'),
	(4, 'warp_engine', 3, 'large', '1111000000011010', 'C'),
	(4, 'warp_engine', 4, 'small', '1111000010110000', 'Da'),
	(4, 'warp_engine', 4, 'medium', '1111000000011010', 'C'),
	(4, 'warp_engine', 4, 'large', '0000111100011010', 'A'),
	(4, 'warp_engine', 5, 'small', '0011110000101001', 'a'),
	(4, 'warp_engine', 5, 'medium', '0011110011010110', 'C'),
	(4, 'warp_engine', 5, 'large', '0011110010000011', 'ad'),
	(4, 'warp_engine', 6, 'small', '1001100101110011', 'D'),
	(4, 'warp_engine', 6, 'medium', '0011001111011001', 'b'),
	(4, 'warp_engine', 6, 'large', '0011001101110011', 'Da'),
	(4, 'warp_engine', 7, 'small', '1100110000101001', 'Ba'),
	(4, 'warp_engine', 7, 'medium', '1100110011011001', 'A'),
	(4, 'warp_engine', 7, 'large', '1001100110001100', 'd'),
	(4, 'warp_engine', 8, 'small', '0000111100011010', 'B'),
	(4, 'warp_engine', 8, 'medium', '1111111111101010', 'c'),
	(4, 'warp_engine', 8, 'large', '0000001100010110', 'C+B'),
	(4, 'warp_engine', 9, 'small', '0011001111011001', 'C'),
	(4, 'warp_engine', 9, 'medium', '1111111100010101', 'a'),
	(4, 'warp_engine', 9, 'large', '0101010100010101', 'DA'),
	(4, 'shunter', 0, 'small', '1000000000010011', 'cA'),
	(4, 'shunter', 0, 'medium', '1011001100010011', ''),
	(4, 'shunter', 0, 'large', '0100001111100011', 'B'),
	(4, 'shunter', 1, 'small', '0001011011100011', 'D+a'),
	(4, 'shunter', 1, 'medium', '1011110000011100', 'b'),
	(4, 'shunter', 1, 'large', '1110100101001001', 'd'),
	(4, 'shunter', 2, 'small', '0100001111010000', 'A+c'),
	(4, 'shunter', 2, 'medium', '1011110011100011', 'a'),
	(4, 'shunter', 2, 'large', '1011110000011100', 'a'),
	(4, 'shunter', 3, 'small', '1000111111011111', 'A+B'),
	(4, 'shunter', 3, 'medium', '0111000000101111', 'C'),
	(4, 'shunter', 3, 'large', '1101101010000101', 'D'),
	(4, 'shunter', 4, 'small', '1011000011101111', 'b+C'),
	(4, 'shunter', 4, 'medium', '0111111100100000', 'b'),
	(4, 'shunter', 4, 'large', '0111000000101111', 'b'),
	(4, 'shunter', 5, 'small', '0001100101000110', 'D'),
	(4, 'shunter', 5, 'medium', '1011001111101100', 'C'),
	(4, 'shunter', 5, 'large', '1011100111100110', 'Db'),
	(4, 'shunter', 6, 'small', '0001100110111001', 'A'),
	(4, 'shunter', 6, 'medium', '1110011010111001', 'd'),
	(4, 'shunter', 6, 'large', '0001001101001100', 'd+B'),
	(4, 'shunter', 7, 'small', '1000000011011111', 'C'),
	(4, 'shunter', 7, 'medium', '0100110000010011', 'D'),
	(4, 'shunter', 7, 'large', '1011110011101100', 'a+B'),
	(4, 'shunter', 8, 'small', '1000111100011100', 'AC'),
	(4, 'shunter', 8, 'medium', '0100001100011100', 'b'),
	(4, 'shunter', 8, 'large', '1110100110110110', 'D'),
	(4, 'shunter', 9, 'small', '0111111100100000', 'B'),
	(4, 'shunter', 9, 'medium', '1000111111010000', 'C'),
	(4, 'shunter', 9, 'large', '1000111100100000', 'aB'),
	(4, 'radar', 0, 'small', '1011000110100110', 'db'),
	(4, 'radar', 0, 'medium', '1011010010100011', ''),
	(4, 'radar', 0, 'large', '1011010001011100', 'a'),
	(4, 'radar', 1, 'small', '0111011110101100', 'CA'),
	(4, 'radar', 1, 'medium', '1011101110101100', 'b'),
	(4, 'radar', 1, 'large', '1110111011111001', 'd'),
	(4, 'radar', 2, 'small', '0001000111111001', 'D'),
	(4, 'radar', 2, 'medium', '1011101101010011', 'a'),
	(4, 'radar', 2, 'large', '0110011010001110', 'd+C'),
	(4, 'radar', 3, 'small', '1010101001000010', 'Cd'),
	(4, 'radar', 3, 'medium', '1110111000000110', 'd'),
	(4, 'radar', 3, 'large', '1110111011111001', 'a'),
	(4, 'radar', 4, 'small', '1011111001010110', 'bd'),
	(4, 'radar', 4, 'medium', '1011101101010011', 'd'),
	(4, 'radar', 4, 'large', '0100010001010011', 'A'),
	(4, 'radar', 5, 'small', '0111011101100000', 'A'),
	(4, 'radar', 5, 'medium', '1000100001100000', 'c'),
	(4, 'radar', 5, 'large', '1000100001010011', 'ac'),
	(4, 'radar', 6, 'small', '1101110111001010', 'D'),
	(4, 'radar', 6, 'medium', '0111011101100000', 'A'),
	(4, 'radar', 6, 'large', '0010011100110000', 'dB'),
	(4, 'radar', 7, 'small', '1110111011111001', 'c'),
	(4, 'radar', 7, 'medium', '1101110111001010', 'D'),
	(4, 'radar', 7, 'large', '0010000100110110', 'B+C'),
	(4, 'radar', 8, 'small', '0100010001010011', 'C'),
	(4, 'radar', 8, 'medium', '1000100010011111', 'd'),
	(4, 'radar', 8, 'large', '1000010010010011', 'Cb'),
	(4, 'radar', 9, 'small', '1101110111111001', 'C+A'),
	(4, 'radar', 9, 'medium', '0010001000110101', 'D'),
	(4, 'radar', 9, 'large', '0010110100111010', 'b'),
	(4, 'sonar', 0, 'small', '0011111000010011', 'B+d'),
	(4, 'sonar', 0, 'medium', '1100101111100110', ''),
	(4, 'sonar', 0, 'large', '1001111010110011', 'd'),
	(4, 'sonar', 1, 'small', '0011111011101100', 'Db'),
	(4, 'sonar', 1, 'medium', '0011010011100110', 'A'),
	(4, 'sonar', 1, 'large', '1001111001001100', 'D'),
	(4, 'sonar', 2, 'small', '1100010011101001', 'B'),
	(4, 'sonar', 2, 'medium', '0011010000011001', 'a'),
	(4, 'sonar', 2, 'large', '1100101100010110', 'A+b'),
	(4, 'sonar', 3, 'small', '0110000110110011', 'A'),
	(4, 'sonar', 3, 'medium', '1001111010110011', 'D'),
	(4, 'sonar', 3, 'large', '0110000100011001', 'D+A'),
	(4, 'sonar', 4, 'small', '0011000111100011', 'Bd'),
	(4, 'sonar', 4, 'medium', '0110000110110011', 'A'),
	(4, 'sonar', 4, 'large', '1010110101111111', 'C'),
	(4, 'sonar', 5, 'small', '1111100011100110', 'a+c'),
	(4, 'sonar', 5, 'medium', '1100101100011001', 'D'),
	(4, 'sonar', 5, 'large', '1001111001001100', 'd'),
	(4, 'sonar', 6, 'small', '0000100011011010', 'C'),
	(4, 'sonar', 6, 'medium', '1100010000010110', 'b'),
	(4, 'sonar', 6, 'large', '1001101101001001', 'b+d'),
	(4, 'sonar', 7, 'small', '0101110111011010', 'dA'),
	(4, 'sonar', 7, 'medium', '0000100011011010', 'C'),
	(4, 'sonar', 7, 'large', '0000100000100101', 'a'),
	(4, 'sonar', 8, 'small', '0101110101000011', 'aC'),
	(4, 'sonar', 8, 'medium', '0101110110001111', 'd'),
	(4, 'sonar', 8, 'large', '0101110101110000', 'a'),
	(4, 'sonar', 9, 'small', '1001111001001100', 'c'),
	(4, 'sonar', 9, 'medium', '1010110101111111', 'B'),
	(4, 'sonar', 9, 'large', '0000011101111111', 'AD'),
	(4, 'fuel_tank', 0, 'small', '0001001010010110', 'B'),
	(4, 'fuel_tank', 0, 'medium', '1110001001100110', ''),
	(4, 'fuel_tank', 0, 'large', '1011011101100110', 'Ad'),
	(4, 'fuel_tank', 1, 'small', '0001110110011001', 'D'),
	(4, 'fuel_tank', 1, 'medium', '1011011100110011', 'd'),
	(4, 'fuel_tank', 1, 'large', '0100100011000011', 'A+B'),
	(4, 'fuel_tank', 2, 'small', '1011011100000000', 'cA'),
	(4, 'fuel_tank', 2, 'medium', '1000010000000000', 'c'),
	(4, 'fuel_tank', 2, 'large', '1000010011111111', 'a'),
	(4, 'fuel_tank', 3, 'small', '1101111001011010', 'd'),
	(4, 'fuel_tank', 3, 'medium', '1000101100001111', 'b'),
	(4, 'fuel_tank', 3, 'large', '0000001110000111', 'DC'),
	(4, 'fuel_tank', 4, 'small', '0010000110101010', 'B+A'),
	(4, 'fuel_tank', 4, 'medium', '1101111001011010', 'd'),
	(4, 'fuel_tank', 4, 'large', '0010111010101010', 'B'),
	(4, 'fuel_tank', 5, 'small', '0111010000000000', 'aB'),
	(4, 'fuel_tank', 5, 'medium', '0111010011110000', 'D'),
	(4, 'fuel_tank', 5, 'large', '1011100000111100', 'C'),
	(4, 'fuel_tank', 6, 'small', '1011011100000000', 'cA'),
	(4, 'fuel_tank', 6, 'medium', '1000010000000000', 'B'),
	(4, 'fuel_tank', 6, 'large', '0010111010101010', 'D'),
	(4, 'fuel_tank', 7, 'small', '0111011100001100', 'B+c'),
	(4, 'fuel_tank', 7, 'medium', '1000010011111111', 'a'),
	(4, 'fuel_tank', 7, 'large', '0010111001010101', 'D'),
	(4, 'fuel_tank', 8, 'small', '1000010001010101', 'D+A'),
	(4, 'fuel_tank', 8, 'medium', '0111101111111111', 'A'),
	(4, 'fuel_tank', 8, 'large', '1000010011111111', 'A'),
	(4, 'fuel_tank', 9, 'small', '1110001010101010', 'a+c'),
	(4, 'fuel_tank', 9, 'medium', '1101000101010101', 'D'),
	(4, 'fuel_tank', 9, 'large', '0001110110011001', 'C'),
	(4, 'shields', 0, 'small', '1101001011100011', 'a'),
	(4, 'shields', 0, 'medium', '1101001000011100', ''),
	(4, 'shields', 0, 'large', '0010100011100110', 'B+D'),
	(4, 'shields', 1, 'small', '1101110111101100', 'a'),
	(4, 'shields', 1, 'medium', '1101110100010011', 'b'),
	(4, 'shields', 1, 'large', '0001000100010011', 'CA'),
	(4, 'shields', 2, 'small', '1100110000000010', 'Dc'),
	(4, 'shields', 2, 'medium', '1110111000100000', 'c'),
	(4, 'shields', 2, 'large', '1101110100010011', 'c'),
	(4, 'shields', 3, 'small', '1110000111010000', 'A'),
	(4, 'shields', 3, 'medium', '0001111011010000', 'B'),
	(4, 'shields', 3, 'large', '1110000111100011', 'A+c'),
	(4, 'shields', 4, 'small', '0010110100011100', 'A'),
	(4, 'shields', 4, 'medium', '1101001000011100', 'C'),
	(4, 'shields', 4, 'large', '0010110111010000', 'C+A'),
	(4, 'shields', 5, 'small', '0100101110000101', 'D'),
	(4, 'shields', 5, 'medium', '1110000100101111', 'c'),
	(4, 'shields', 5, 'large', '1110101100100101', 'bD'),
	(4, 'shields', 6, 'small', '0100111010000000', 'D+B'),
	(4, 'shields', 6, 'medium', '1011010001111010', 'd'),
	(4, 'shields', 6, 'large', '0001111011010000', 'D'),
	(4, 'shields', 7, 'small', '1000011100011100', 'ad'),
	(4, 'shields', 7, 'medium', '1000011101001001', 'c'),
	(4, 'shields', 7, 'large', '0111100001001001', 'A'),
	(4, 'shields', 8, 'small', '1000100011101100', 'd+A'),
	(4, 'shields', 8, 'medium', '0111011110111001', 'B'),
	(4, 'shields', 8, 'large', '0010001011101100', 'd'),
	(4, 'shields', 9, 'small', '0010100011100110', 'd+B'),
	(4, 'shields', 9, 'medium', '1101110100010011', 'D'),
	(4, 'shields', 9, 'large', '1000100001000110', 'd'),
	(4, 'lss', 0, 'small', '0111000100110010', 'B'),
	(4, 'lss', 0, 'medium', '1000000111000010', ''),
	(4, 'lss', 0, 'large', '1101010011000010', 'dA'),
	(4, 'lss', 1, 'small', '0100100000001011', 'D+B'),
	(4, 'lss', 1, 'medium', '1011001011110001', 'c'),
	(4, 'lss', 1, 'large', '1000000111000010', 'c'),
	(4, 'lss', 2, 'small', '0111000100110010', 'C'),
	(4, 'lss', 2, 'medium', '1011110111111110', 'b'),
	(4, 'lss', 2, 'large', '0100001000110010', 'C+A'),
	(4, 'lss', 3, 'small', '0111000111001101', 'a'),
	(4, 'lss', 3, 'medium', '0111000100110010', 'C'),
	(4, 'lss', 3, 'large', '1101111010011101', 'D+b'),
	(4, 'lss', 4, 'small', '0111111000110010', 'a+b'),
	(4, 'lss', 4, 'medium', '0111000111001101', 'a'),
	(4, 'lss', 4, 'large', '0010010010011000', 'd'),
	(4, 'lss', 5, 'small', '0010101110010111', 'B'),
	(4, 'lss', 5, 'medium', '1101101101100111', 'D'),
	(4, 'lss', 5, 'large', '0010010001010100', 'c+A'),
	(4, 'lss', 6, 'small', '0111111011000010', 'd'),
	(4, 'lss', 6, 'medium', '0010101110010111', 'B'),
	(4, 'lss', 6, 'large', '1101010010100100', 'c+A'),
	(4, 'lss', 7, 'small', '0001011101100111', 'a+c'),
	(4, 'lss', 7, 'medium', '0010010010011000', 'b'),
	(4, 'lss', 7, 'large', '1000111000110010', 'D'),
	(4, 'lss', 8, 'small', '0010010010011000', 'c'),
	(4, 'lss', 8, 'medium', '0001011110101011', 'c'),
	(4, 'lss', 8, 'large', '1110010001011000', 'B+c'),
	(4, 'lss', 9, 'small', '0111000111001101', 'c'),
	(4, 'lss', 9, 'medium', '0100001011111110', 'd'),
	(4, 'lss', 9, 'large', '1000111011111110', 'AC'),
	(5, 'march_engine', 0, 'small', '1111000110110111', 'b'),
	(5, 'march_engine', 0, 'medium', '1111111010111000', ''),
	(5, 'march_engine', 0, 'large', '0100010100000011', 'D+c'),
	(5, 'march_engine', 1, 'small', '1110111110101001', 'D+c'),
	(5, 'march_engine', 1, 'medium', '0101010000010010', 'D'),
	(5, 'march_engine', 1, 'large', '1010010011100010', 'B'),
	(5, 'march_engine', 2, 'small', '0110011111011110', 'c'),
	(5, 'march_engine', 2, 'medium', '0101010011101101', 'a'),
	(5, 'march_engine', 2, 'large', '0100010111111100', 'cd'),
	(5, 'march_engine', 3, 'small', '1010101100010010', 'C'),
	(5, 'march_engine', 3, 'medium', '0110011111011110', 'c'),
	(5, 'march_engine', 3, 'large', '0110100011011110', 'Ab'),
	(5, 'march_engine', 4, 'small', '0101101111100010', 'b'),
	(5, 'march_engine', 4, 'medium', '0101010011101101', 'c'),
	(5, 'march_engine', 4, 'large', '0000000100010010', 'a+d'),
	(5, 'march_engine', 5, 'small', '0000000111101101', 'D+A'),
	(5, 'march_engine', 5, 'medium', '1111111001000111', 'D'),
	(5, 'march_engine', 5, 'large', '0000000101000111', 'A'),
	(5, 'march_engine', 6, 'small', '1010101110111000', 'aD'),
	(5, 'march_engine', 6, 'medium', '1010101100010010', 'd'),
	(5, 'march_engine', 6, 'large', '1010101111101101', 'a'),
	(5, 'march_engine', 7, 'small', '1001011100101110', 'B'),
	(5, 'march_engine', 7, 'medium', '0110011111011110', 'C'),
	(5, 'march_engine', 7, 'large', '1001100011010001', 'b+A'),
	(5, 'march_engine', 8, 'small', '0110100000101110', 'A'),
	(5, 'march_engine', 8, 'medium', '1001011100101110', 'B'),
	(5, 'march_engine', 8, 'large', '1001101100100010', 'bC'),
	(5, 'march_engine', 9, 'small', '0110011100010010', 'c+A'),
	(5, 'march_engine', 9, 'medium', '1001100000100001', 'b'),
	(5, 'march_engine', 9, 'large', '1001011100101110', 'b'),
	(5, 'warp_engine', 0, 'small', '1000111110100111', 'b+a'),
	(5, 'warp_engine', 0, 'medium', '1000000001011000', ''),
	(5, 'warp_engine', 0, 'large', '1000000010100111', 'a'),
	(5, 'warp_engine', 1, 'small', '0100110001101011', 'C'),
	(5, 'warp_engine', 1, 'medium', '1000000010100111', 'a'),
	(5, 'warp_engine', 1, 'large', '1001000110110110', 'cd'),
	(5, 'warp_engine', 2, 'small', '0111001110101011', 'bC'),
	(5, 'warp_engine', 2, 'medium', '0111111110100111', 'A'),
	(5, 'warp_engine', 2, 'large', '1011001101101011', 'C'),
	(5, 'warp_engine', 3, 'small', '0001100101101011', 'AD'),
	(5, 'warp_engine', 3, 'medium', '1011001101101011', 'C'),
	(5, 'warp_engine', 3, 'large', '1110011000111110', 'd'),
	(5, 'warp_engine', 4, 'small', '1000101001010010', 'bD'),
	(5, 'warp_engine', 4, 'medium', '1000000001011000', 'c'),
	(5, 'warp_engine', 4, 'large', '1101010100001101', 'd'),
	(5, 'warp_engine', 5, 'small', '0100001110011011', 'b'),
	(5, 'warp_engine', 5, 'medium', '0100110010010100', 'C'),
	(5, 'warp_engine', 5, 'large', '0001110011000100', 'dB'),
	(5, 'warp_engine', 6, 'small', '0001100100111110', 'D'),
	(5, 'warp_engine', 6, 'medium', '1011001110010100', 'A'),
	(5, 'warp_engine', 6, 'large', '1110011010010100', 'Ad'),
	(5, 'warp_engine', 7, 'small', '1000010110100010', 'D+B'),
	(5, 'warp_engine', 7, 'medium', '0111111101011000', 'C'),
	(5, 'warp_engine', 7, 'large', '1000111110101000', 'B'),
	(5, 'warp_engine', 8, 'small', '1101101011111101', 'b'),
	(5, 'warp_engine', 8, 'medium', '1101010111110010', 'D'),
	(5, 'warp_engine', 8, 'large', '1110011011110010', 'Ac'),
	(5, 'warp_engine', 9, 'small', '0001100111000001', 'A'),
	(5, 'warp_engine', 9, 'medium', '1110011011000001', 'c'),
	(5, 'warp_engine', 9, 'large', '1100010011100011', 'cD'),
	(5, 'shunter', 0, 'small', '1000001100010000', 'dB'),
	(5, 'shunter', 0, 'medium', '1101001101000000', ''),
	(5, 'shunter', 0, 'large', '1101001110111111', 'a'),
	(5, 'shunter', 1, 'small', '1110111110110000', 'AC'),
	(5, 'shunter', 1, 'medium', '0010001110110000', 'B'),
	(5, 'shunter', 1, 'large', '0111011011100101', 'd'),
	(5, 'shunter', 2, 'small', '0111001100011111', 'D+b'),
	(5, 'shunter', 2, 'medium', '1101110010110000', 'A'),
	(5, 'shunter', 2, 'large', '1110111110000011', 'c'),
	(5, 'shunter', 3, 'small', '1000100100011010', 'D'),
	(5, 'shunter', 3, 'medium', '0010001110110000', 'A'),
	(5, 'shunter', 3, 'large', '0001000010110000', 'Ac'),
	(5, 'shunter', 4, 'small', '0000111010011101', 'Dc'),
	(5, 'shunter', 4, 'medium', '0010110010111111', 'b'),
	(5, 'shunter', 4, 'large', '1000011000010101', 'D'),
	(5, 'shunter', 5, 'small', '0010110010111111', 'B'),
	(5, 'shunter', 5, 'medium', '1101110001001111', 'B'),
	(5, 'shunter', 5, 'large', '1101001110110000', 'b+a'),
	(5, 'shunter', 6, 'small', '1000100110110000', 'd+A'),
	(5, 'shunter', 6, 'medium', '0111011011100101', 'D'),
	(5, 'shunter', 6, 'large', '1000100111100101', 'A'),
	(5, 'shunter', 7, 'small', '0111011011100101', 'a'),
	(5, 'shunter', 7, 'medium', '0111011000011010', 'a'),
	(5, 'shunter', 7, 'large', '0100100100100101', 'c+b'),
	(5, 'shunter', 8, 'small', '1000011011011001', 'A+C'),
	(5, 'shunter', 8, 'medium', '0111100100010101', 'b'),
	(5, 'shunter', 8, 'large', '0111011000011010', 'b'),
	(5, 'shunter', 9, 'small', '1101011001000101', 'Bd'),
	(5, 'shunter', 9, 'medium', '1000011000010101', 'A'),
	(5, 'shunter', 9, 'large', '1101001101000000', 'd'),
	(5, 'radar', 0, 'small', '0001000110111100', 'A+C'),
	(5, 'radar', 0, 'medium', '1110111001110000', ''),
	(5, 'radar', 0, 'large', '0010001010111100', 'C'),
	(5, 'radar', 1, 'small', '1011101111011010', 'D'),
	(5, 'radar', 1, 'medium', '0001000101110000', 'A'),
	(5, 'radar', 1, 'large', '0001000101111111', 'ba'),
	(5, 'radar', 2, 'small', '1111111110011110', 'c+D'),
	(5, 'radar', 2, 'medium', '0100010000100101', 'd'),
	(5, 'radar', 2, 'large', '0100010011011010', 'a'),
	(5, 'radar', 3, 'small', '1011101111011010', 'd'),
	(5, 'radar', 3, 'medium', '1110111010001111', 'D'),
	(5, 'radar', 3, 'large', '1011000111010000', 'b+d'),
	(5, 'radar', 4, 'small', '1110000101111111', 'B'),
	(5, 'radar', 4, 'medium', '0001000110001111', 'A'),
	(5, 'radar', 4, 'large', '1110010001111010', 'B+d'),
	(5, 'radar', 5, 'small', '0001111001111111', 'b'),
	(5, 'radar', 5, 'medium', '0001000101110000', 'a'),
	(5, 'radar', 5, 'large', '0001111001110000', 'bA'),
	(5, 'radar', 6, 'small', '0100010011011010', 'A'),
	(5, 'radar', 6, 'medium', '1011101111011010', 'D'),
	(5, 'radar', 6, 'large', '0000000001100001', 'c+D'),
	(5, 'radar', 7, 'small', '0100010000100101', 'A'),
	(5, 'radar', 7, 'medium', '1011101100100101', 'a'),
	(5, 'radar', 7, 'large', '0101010111001011', 'C+D'),
	(5, 'radar', 8, 'small', '1000100000100101', 'c+a'),
	(5, 'radar', 8, 'medium', '1011101111011010', 'a'),
	(5, 'radar', 8, 'large', '1011101100100101', 'a'),
	(5, 'radar', 9, 'small', '1110111000100101', 'a+D'),
	(5, 'radar', 9, 'medium', '0100010011011010', 'A'),
	(5, 'radar', 9, 'large', '0100010000100101', 'a'),
	(5, 'sonar', 0, 'small', '1001001001111000', 'Ab'),
	(5, 'sonar', 0, 'medium', '1001110101111000', ''),
	(5, 'sonar', 0, 'large', '0110110110001000', 'B'),
	(5, 'sonar', 1, 'small', '0000111011101011', 'b+d'),
	(5, 'sonar', 1, 'medium', '0101000110110100', 'C'),
	(5, 'sonar', 1, 'large', '0101000101001011', 'a'),
	(5, 'sonar', 2, 'small', '1010111001001011', 'c'),
	(5, 'sonar', 2, 'medium', '1001110101111000', 'C'),
	(5, 'sonar', 2, 'large', '1011111101011010', 'cD'),
	(5, 'sonar', 3, 'small', '0000010011100001', 'd'),
	(5, 'sonar', 3, 'medium', '0101000110110100', 'C'),
	(5, 'sonar', 3, 'large', '1111101101001011', 'D+a'),
	(5, 'sonar', 4, 'small', '0101001001001000', 'C+B'),
	(5, 'sonar', 4, 'medium', '1010111010110100', 'A'),
	(5, 'sonar', 4, 'large', '1010000110111011', 'b'),
	(5, 'sonar', 5, 'small', '0110111001110100', 'Bc'),
	(5, 'sonar', 5, 'medium', '0101111001000100', 'B'),
	(5, 'sonar', 5, 'large', '0110110101110111', 'c'),
	(5, 'sonar', 6, 'small', '0110110101000100', 'ca'),
	(5, 'sonar', 6, 'medium', '0110110101110111', 'c'),
	(5, 'sonar', 6, 'large', '0110110110001000', 'a'),
	(5, 'sonar', 7, 'small', '0110001010000111', 'A'),
	(5, 'sonar', 7, 'medium', '1001110110000111', 'B'),
	(5, 'sonar', 7, 'large', '1010111010000111', 'Ac'),
	(5, 'sonar', 8, 'small', '1111101111100001', 'C'),
	(5, 'sonar', 8, 'medium', '0011011100101101', 'D'),
	(5, 'sonar', 8, 'large', '1111101111010010', 'a+C'),
	(5, 'sonar', 9, 'small', '0110001000101101', 'DA'),
	(5, 'sonar', 9, 'medium', '1100100000101101', 'A'),
	(5, 'sonar', 9, 'large', '0000010011100001', 'C'),
	(5, 'fuel_tank', 0, 'small', '1000101100000001', 'a'),
	(5, 'fuel_tank', 0, 'medium', '1000101111111110', ''),
	(5, 'fuel_tank', 0, 'large', '0100101100111110', 'CB'),
	(5, 'fuel_tank', 1, 'small', '1000101100110010', 'c+a'),
	(5, 'fuel_tank', 1, 'medium', '1011100011001101', 'c'),
	(5, 'fuel_tank', 1, 'large', '1110110110011000', 'd'),
	(5, 'fuel_tank', 2, 'small', '1110001010010111', 'D'),
	(5, 'fuel_tank', 2, 'medium', '0100100000111101', 'B'),
	(5, 'fuel_tank', 2, 'large', '0100100011110001', 'Ca'),
	(5, 'fuel_tank', 3, 'small', '1101000110100100', 'C'),
	(5, 'fuel_tank', 3, 'medium', '0001110101101000', 'd'),
	(5, 'fuel_tank', 3, 'large', '1111001110000110', 'D+C'),
	(5, 'fuel_tank', 4, 'small', '1110001010010111', 'A'),
	(5, 'fuel_tank', 4, 'medium', '0001110110010111', 'a'),
	(5, 'fuel_tank', 4, 'large', '0100001011001000', 'b+d'),
	(5, 'fuel_tank', 5, 'small', '0010000110101011', 'c'),
	(5, 'fuel_tank', 5, 'medium', '0001001010011000', 'b'),
	(5, 'fuel_tank', 5, 'large', '0100011110011000', 'Ad'),
	(5, 'fuel_tank', 6, 'small', '1110111001100100', 'b+C'),
	(5, 'fuel_tank', 6, 'medium', '0010000110101011', 'c'),
	(5, 'fuel_tank', 6, 'large', '0010000101010100', 'a'),
	(5, 'fuel_tank', 7, 'small', '0100101111000001', 'CB'),
	(5, 'fuel_tank', 7, 'medium', '1000101100000001', 'D'),
	(5, 'fuel_tank', 7, 'large', '1000101111111110', 'a'),
	(5, 'fuel_tank', 8, 'small', '1001101000010000', 'dC'),
	(5, 'fuel_tank', 8, 'medium', '1101111001010100', 'd'),
	(5, 'fuel_tank', 8, 'large', '0001001010011000', 'C'),
	(5, 'fuel_tank', 9, 'small', '1110001001011011', 'C+a'),
	(5, 'fuel_tank', 9, 'medium', '0010111010100100', 'B'),
	(5, 'fuel_tank', 9, 'large', '0001110110010111', 'c'),
	(5, 'shields', 0, 'small', '0010010011111101', 'A'),
	(5, 'shields', 0, 'medium', '1101101111111101', ''),
	(5, 'shields', 0, 'large', '0111101101011101', 'DB'),
	(5, 'shields', 1, 'small', '1011110110011011', 'D'),
	(5, 'shields', 1, 'medium', '0001011100110001', 'C'),
	(5, 'shields', 1, 'large', '0010010000110001', 'cA'),
	(5, 'shields', 2, 'small', '0001100011000001', 'a'),
	(5, 'shields', 2, 'medium', '0001100000111110', 'b'),
	(5, 'shields', 2, 'large', '1110011111110010', 'C+A'),
	(5, 'shields', 3, 'small', '1110011111000001', 'c'),
	(5, 'shields', 3, 'medium', '1101010011110010', 'C'),
	(5, 'shields', 3, 'large', '1101010000111110', 'aC'),
	(5, 'shields', 4, 'small', '0010010000001101', 'B+A'),
	(5, 'shields', 4, 'medium', '1101101111111101', 'b'),
	(5, 'shields', 4, 'large', '0111000101010111', 'D'),
	(5, 'shields', 5, 'small', '1101111000000111', 'D+B'),
	(5, 'shields', 5, 'medium', '0010010011111101', 'A'),
	(5, 'shields', 5, 'large', '1110100000110001', 'C'),
	(5, 'shields', 6, 'small', '0111111010100111', 'b'),
	(5, 'shields', 6, 'medium', '0111000110101000', 'd'),
	(5, 'shields', 6, 'large', '1011110110101000', 'AC'),
	(5, 'shields', 7, 'small', '1011001001011000', 'Ac'),
	(5, 'shields', 7, 'medium', '1000000101011000', 'B'),
	(5, 'shields', 7, 'large', '1000111001010111', 'b'),
	(5, 'shields', 8, 'small', '0100110101101011', 'a'),
	(5, 'shields', 8, 'medium', '0100110110010100', 'C'),
	(5, 'shields', 8, 'large', '0100001001101011', 'b+a'),
	(5, 'shields', 9, 'small', '0001100010010100', 'd+a'),
	(5, 'shields', 9, 'medium', '0100110101101011', 'a'),
	(5, 'shields', 9, 'large', '1011110110011011', 'B'),
	(5, 'lss', 0, 'small', '0100011100100011', 'b+C'),
	(5, 'lss', 0, 'medium', '1000100011101100', ''),
	(5, 'lss', 0, 'large', '0010001001000110', 'D'),
	(5, 'lss', 1, 'small', '1000100011101100', 'a'),
	(5, 'lss', 1, 'medium', '1000100000010011', 'a'),
	(5, 'lss', 1, 'large', '1101011101001100', 'b+d'),
	(5, 'lss', 2, 'small', '1000010000011111', 'c+b'),
	(5, 'lss', 2, 'medium', '1011101100100000', 'c'),
	(5, 'lss', 2, 'large', '1110111001110101', 'd'),
	(5, 'lss', 3, 'small', '1011101111101100', 'C+A'),
	(5, 'lss', 3, 'medium', '0100010000100000', 'A'),
	(5, 'lss', 3, 'large', '1011101100100000', 'A'),
	(5, 'lss', 4, 'small', '1110111001110101', 'd'),
	(5, 'lss', 4, 'medium', '1011101100100000', 'A'),
	(5, 'lss', 4, 'large', '0001000100100000', 'DA'),
	(5, 'lss', 5, 'small', '1000011100011100', 'c'),
	(5, 'lss', 5, 'medium', '1011010000101111', 'b'),
	(5, 'lss', 5, 'large', '0100011111011100', 'B+c'),
	(5, 'lss', 6, 'small', '0001000110000101', 'bA'),
	(5, 'lss', 6, 'medium', '0001111010000101', 'D'),
	(5, 'lss', 6, 'large', '0001111001111010', 'a'),
	(5, 'lss', 7, 'small', '0100101100101111', 'd'),
	(5, 'lss', 7, 'medium', '0001111001111010', 'a'),
	(5, 'lss', 7, 'large', '0011110001011000', 'Dc'),
	(5, 'lss', 8, 'small', '1110000110000101', 'c'),
	(5, 'lss', 8, 'medium', '1101001010110110', 'C'),
	(5, 'lss', 8, 'large', '1010010111000001', 'd+c'),
	(5, 'lss', 9, 'small', '0010011110111100', 'd+B'),
	(5, 'lss', 9, 'medium', '1101001001001001', 'a'),
	(5, 'lss', 9, 'large', '0010110101001001', 'A');
/*!40000 ALTER TABLE `base_freq_vectors` ENABLE KEYS */;


-- Дамп структуры для таблица magellan.builds
DROP TABLE IF EXISTS `builds`;
CREATE TABLE IF NOT EXISTS `builds` (
  `flight_id` int(11) NOT NULL COMMENT 'ID полета',
  `node_type_code` varchar(50) NOT NULL,
  `node_id` int(11) NOT NULL COMMENT 'ID узла',
  `vector` varchar(16) DEFAULT '' COMMENT 'Вектор рассинхрона (узел xor корпус)',
  `correction` varchar(16) DEFAULT '' COMMENT 'Вектор корректировки',
  `total` varchar(16) DEFAULT '' COMMENT 'Итоговый вектор',
  `params_json` text COMMENT 'JSON с получившимися параметрами',
  KEY `FK_builds_flights` (`flight_id`),
  KEY `FK_builds_nodes` (`node_id`),
  KEY `FK_builds_models` (`node_type_code`),
  CONSTRAINT `FK_builds_flights` FOREIGN KEY (`flight_id`) REFERENCES `flights` (`id`) ON DELETE CASCADE ON UPDATE CASCADE,
  CONSTRAINT `FK_builds_models` FOREIGN KEY (`node_type_code`) REFERENCES `models` (`node_type_code`) ON DELETE CASCADE ON UPDATE CASCADE,
  CONSTRAINT `FK_builds_nodes` FOREIGN KEY (`node_id`) REFERENCES `nodes` (`id`) ON DELETE CASCADE ON UPDATE CASCADE
) ENGINE=InnoDB DEFAULT CHARSET=utf8 COMMENT='Состав кораблей, которые суперкарго собирают ';

-- Дамп данных таблицы magellan.builds: ~1 rows (приблизительно)
/*!40000 ALTER TABLE `builds` DISABLE KEYS */;
INSERT IGNORE INTO `builds` (`flight_id`, `node_type_code`, `node_id`, `vector`, `correction`, `total`, `params_json`) VALUES
	(1, 'march_engine', 48, '', '', '', NULL);
/*!40000 ALTER TABLE `builds` ENABLE KEYS */;


-- Дамп структуры для таблица magellan.companies
DROP TABLE IF EXISTS `companies`;
CREATE TABLE IF NOT EXISTS `companies` (
  `id` int(11) NOT NULL AUTO_INCREMENT,
  `name` varchar(50) NOT NULL,
  `code` varchar(3) NOT NULL,
  PRIMARY KEY (`id`)
) ENGINE=InnoDB AUTO_INCREMENT=102 DEFAULT CHARSET=utf8 COMMENT='Названия компаний';

-- Дамп данных таблицы magellan.companies: ~5 rows (приблизительно)
/*!40000 ALTER TABLE `companies` DISABLE KEYS */;
INSERT IGNORE INTO `companies` (`id`, `name`, `code`) VALUES
	(1, 'Гугл Дисней', 'gd'),
	(2, 'Пони Роскосмос Экспресс', 'pre'),
	(3, 'Красный Крест Генетикс', 'kkg'),
	(4, 'Мицубиси АвтоВАЗ Технолоджи', 'mat'),
	(5, 'МарсСтройТрест', 'mst');
/*!40000 ALTER TABLE `companies` ENABLE KEYS */;


-- Дамп структуры для таблица magellan.flights
DROP TABLE IF EXISTS `flights`;
CREATE TABLE IF NOT EXISTS `flights` (
  `id` int(11) NOT NULL AUTO_INCREMENT,
  `departure` datetime NOT NULL,
  `dock` tinyint(4) NOT NULL,
  `status` enum('prepare','freight','space','returned','lost') NOT NULL DEFAULT 'prepare',
  PRIMARY KEY (`id`)
) ENGINE=InnoDB AUTO_INCREMENT=4 DEFAULT CHARSET=utf8 COMMENT='Вылеты';

-- Дамп данных таблицы magellan.flights: ~3 rows (приблизительно)
/*!40000 ALTER TABLE `flights` DISABLE KEYS */;
INSERT IGNORE INTO `flights` (`id`, `departure`, `dock`, `status`) VALUES
	(1, '2018-08-20 12:00:00', 1, 'prepare'),
	(2, '2018-08-20 15:00:00', 3, 'prepare'),
	(3, '2018-04-24 22:51:42', 2, 'returned');
/*!40000 ALTER TABLE `flights` ENABLE KEYS */;


-- Дамп структуры для таблица magellan.flight_crews
DROP TABLE IF EXISTS `flight_crews`;
CREATE TABLE IF NOT EXISTS `flight_crews` (
  `flight_id` int(11) NOT NULL,
  `role` enum('pilot','navigator','supercargo','radist','engineer','_other') NOT NULL,
  `user_id` int(11) NOT NULL,
  KEY `FK_flight_crews_flights` (`flight_id`),
  CONSTRAINT `FK_flight_crews_flights` FOREIGN KEY (`flight_id`) REFERENCES `flights` (`id`) ON DELETE CASCADE ON UPDATE CASCADE
) ENGINE=InnoDB DEFAULT CHARSET=utf8 COMMENT='Экипаж';

-- Дамп данных таблицы magellan.flight_crews: ~7 rows (приблизительно)
/*!40000 ALTER TABLE `flight_crews` DISABLE KEYS */;
INSERT IGNORE INTO `flight_crews` (`flight_id`, `role`, `user_id`) VALUES
	(1, 'pilot', 1),
	(1, 'navigator', 2),
	(1, 'engineer', 3),
	(1, 'supercargo', 4),
	(1, 'radist', 5),
	(2, 'supercargo', 4),
	(3, 'supercargo', 4),
	(1, '_other', 6);
/*!40000 ALTER TABLE `flight_crews` ENABLE KEYS */;


-- Дамп структуры для таблица magellan.flight_luggage
DROP TABLE IF EXISTS `flight_luggage`;
CREATE TABLE IF NOT EXISTS `flight_luggage` (
  `flight_id` int(11) NOT NULL,
  `cargo_type` enum('mine','module','beacon') NOT NULL,
  `owner` enum('mst','mat','gd','kkg','pre') DEFAULT NULL,
  `volume` float NOT NULL,
  `weight` float NOT NULL,
  `amount` tinyint(4) NOT NULL DEFAULT '1',
  KEY `flight_id` (`flight_id`)
) ENGINE=InnoDB DEFAULT CHARSET=utf8;

-- Дамп данных таблицы magellan.flight_luggage: ~2 rows (приблизительно)
/*!40000 ALTER TABLE `flight_luggage` DISABLE KEYS */;
INSERT IGNORE INTO `flight_luggage` (`flight_id`, `cargo_type`, `owner`, `volume`, `weight`, `amount`) VALUES
	(1, 'beacon', NULL, 350, 175, 2),
	(1, 'mine', 'mat', 700, 350, 1);
/*!40000 ALTER TABLE `flight_luggage` ENABLE KEYS */;


-- Дамп структуры для таблица magellan.hull_perks
DROP TABLE IF EXISTS `hull_perks`;
CREATE TABLE IF NOT EXISTS `hull_perks` (
  `hull_id` int(11) NOT NULL,
  `node_type_code` varchar(50) NOT NULL,
  `parameter_code` varchar(50) NOT NULL,
  `value` int(11) NOT NULL,
  PRIMARY KEY (`hull_id`,`node_type_code`,`parameter_code`),
  KEY `FK_hull_perks_node_types` (`node_type_code`),
  KEY `FK_hull_perks_parameters_list` (`parameter_code`),
  CONSTRAINT `FK_hull_perks_node_types` FOREIGN KEY (`node_type_code`) REFERENCES `node_types` (`code`) ON DELETE CASCADE ON UPDATE CASCADE,
  CONSTRAINT `FK_hull_perks_parameters_list` FOREIGN KEY (`parameter_code`) REFERENCES `parameters_list` (`code`) ON DELETE CASCADE ON UPDATE CASCADE
) ENGINE=InnoDB DEFAULT CHARSET=utf8 COMMENT='Перки от корпусов';

-- Дамп данных таблицы magellan.hull_perks: ~0 rows (приблизительно)
/*!40000 ALTER TABLE `hull_perks` DISABLE KEYS */;
/*!40000 ALTER TABLE `hull_perks` ENABLE KEYS */;


-- Дамп структуры для таблица magellan.hull_slots
DROP TABLE IF EXISTS `hull_slots`;
CREATE TABLE IF NOT EXISTS `hull_slots` (
  `hull_id` int(11) NOT NULL,
  `slot_type` enum('inv','con2','con3','con4','sum2','sum3','sum4','sum5') NOT NULL,
  `amount` tinyint(4) NOT NULL DEFAULT '0',
  PRIMARY KEY (`hull_id`,`slot_type`),
  CONSTRAINT `FK__nodes` FOREIGN KEY (`hull_id`) REFERENCES `nodes` (`id`) ON DELETE CASCADE ON UPDATE CASCADE
) ENGINE=InnoDB DEFAULT CHARSET=utf8 COMMENT='Слоты в корпусах под детали синхронизации';

-- Дамп данных таблицы magellan.hull_slots: ~0 rows (приблизительно)
/*!40000 ALTER TABLE `hull_slots` DISABLE KEYS */;
/*!40000 ALTER TABLE `hull_slots` ENABLE KEYS */;


-- Дамп структуры для таблица magellan.models
DROP TABLE IF EXISTS `models`;
CREATE TABLE IF NOT EXISTS `models` (
  `id` int(11) NOT NULL AUTO_INCREMENT,
  `name` varchar(50) NOT NULL COMMENT 'Наименования модели',
  `node_type_code` varchar(50) NOT NULL COMMENT 'Код типа (shields, hull etc.)',
  `level` smallint(6) NOT NULL DEFAULT '0' COMMENT 'Уровень модели',
  `size` enum('small','medium','large') NOT NULL DEFAULT 'medium',
  `description` text COMMENT 'Описание',
  `company` varchar(3) NOT NULL,
  `created` datetime NOT NULL DEFAULT CURRENT_TIMESTAMP COMMENT 'Дата создания',
  `premium_expires` datetime NOT NULL,
  PRIMARY KEY (`id`),
  KEY `node_type` (`node_type_code`),
  CONSTRAINT `node_type` FOREIGN KEY (`node_type_code`) REFERENCES `node_types` (`code`) ON UPDATE CASCADE
) ENGINE=InnoDB AUTO_INCREMENT=84 DEFAULT CHARSET=utf8 COMMENT='Изобретенные модели узлов';

-- Дамп данных таблицы magellan.models: ~61 rows (приблизительно)
/*!40000 ALTER TABLE `models` DISABLE KEYS */;
INSERT IGNORE INTO `models` (`id`, `name`, `node_type_code`, `level`, `size`, `description`, `company`, `created`, `premium_expires`) VALUES
	(6, 'Восход', 'march_engine', 0, 'small', NULL, 'mat', '2018-07-08 14:43:01', '2018-07-08 17:43:01'),
	(7, 'Заря', 'march_engine', 0, 'medium', NULL, 'mat', '2018-07-08 14:45:16', '2018-07-08 17:45:16'),
	(8, 'Буран', 'march_engine', 1, 'large', NULL, 'mat', '2018-07-08 14:46:40', '2018-07-08 17:46:40'),
	(9, 'Ларри Пейдж', 'march_engine', 1, 'large', NULL, 'gd', '2018-07-08 14:48:20', '2018-07-08 17:48:20'),
	(10, 'Сергей Брин', 'march_engine', 0, 'large', NULL, 'gd', '2018-07-08 14:49:18', '2018-07-08 17:49:18'),
	(11, 'МСТ-ГД-4', 'march_engine', 0, 'medium', NULL, 'mst', '2018-07-08 14:51:21', '2018-07-08 17:51:21'),
	(12, 'F-1', 'march_engine', 1, 'large', NULL, 'pre', '2018-07-08 14:52:52', '2018-07-08 17:52:52'),
	(13, 'Эклипс', 'shunter', 0, 'small', NULL, 'mat', '2018-07-08 17:00:53', '2018-07-08 20:00:53'),
	(14, 'Галант', 'shunter', 0, 'medium', NULL, 'mat', '2018-07-08 17:01:52', '2018-07-08 20:01:52'),
	(15, 'Аутлендер', 'shunter', 1, 'large', NULL, 'mat', '2018-07-08 17:02:41', '2018-07-08 20:02:41'),
	(16, 'Дисней', 'shunter', 0, 'medium', NULL, 'gd', '2018-07-10 00:03:16', '2018-07-10 03:03:16'),
	(17, 'Пеппер', 'shunter', 0, 'medium', NULL, 'gd', '2018-07-10 00:04:15', '2018-07-10 03:04:15'),
	(18, 'МСТ-МД-3', 'shunter', 0, 'medium', NULL, 'mst', '2018-07-10 00:06:29', '2018-07-10 03:06:29'),
	(19, 'J-2', 'shunter', 0, 'large', NULL, 'pre', '2018-07-10 00:07:39', '2018-07-10 03:07:39'),
	(20, 'Арагорн', 'radar', 0, 'small', NULL, 'mat', '2018-07-10 00:29:39', '2018-07-10 03:29:39'),
	(21, 'Сусанин', 'radar', 0, 'medium', NULL, 'mat', '2018-07-10 00:31:08', '2018-07-10 03:31:08'),
	(22, 'Одиссей', 'radar', 0, 'large', NULL, 'mat', '2018-07-10 00:32:42', '2018-07-10 03:32:42'),
	(23, 'Patents Search', 'radar', 0, 'large', NULL, 'gd', '2018-07-10 00:34:13', '2018-07-10 03:34:13'),
	(24, 'Suggest', 'radar', 0, 'large', NULL, 'gd', '2018-07-10 00:34:45', '2018-07-10 03:34:45'),
	(25, 'AN/ZPY-1 Starlite', 'radar', 0, 'small', NULL, 'pre', '2018-07-10 00:40:33', '2018-07-10 03:40:33'),
	(34, 'Нагасаки', 'fuel_tank', 0, 'small', NULL, 'mat', '2018-07-15 22:37:55', '2018-07-16 01:37:55'),
	(35, 'Волоколамск', 'fuel_tank', 0, 'medium', NULL, 'mat', '2018-07-15 22:38:34', '2018-07-16 01:38:34'),
	(36, 'Припять', 'fuel_tank', 1, 'large', NULL, 'mat', '2018-07-15 22:39:11', '2018-07-16 01:39:11'),
	(37, 'Гаррисон', 'fuel_tank', 0, 'large', NULL, 'gd', '2018-07-15 22:40:04', '2018-07-16 01:40:04'),
	(38, 'Лукьяненко', 'fuel_tank', 0, 'medium', NULL, 'gd', '2018-07-15 22:40:54', '2018-07-16 01:40:54'),
	(39, 'МСТ-ТБ-2', 'fuel_tank', 0, 'medium', NULL, 'mst', '2018-07-15 22:42:14', '2018-07-16 01:42:14'),
	(40, 'FT-1', 'fuel_tank', 0, 'medium', NULL, 'pre', '2018-07-15 22:43:52', '2018-07-16 01:43:52'),
	(41, 'Зевс', 'shields', 0, 'small', NULL, 'mat', '2018-07-16 00:24:22', '2018-07-16 03:24:22'),
	(42, 'Ормузд', 'shields', 0, 'medium', NULL, 'mat', '2018-07-16 00:25:10', '2018-07-16 03:25:10'),
	(43, 'Перун', 'shields', 0, 'large', NULL, 'mat', '2018-07-16 00:25:41', '2018-07-16 03:25:41'),
	(44, 'Микки Маус', 'shields', 0, 'large', NULL, 'gd', '2018-07-16 00:26:39', '2018-07-16 03:26:39'),
	(45, 'Дональд Дак', 'shields', 0, 'medium', NULL, 'gd', '2018-07-16 00:27:12', '2018-07-16 03:27:12'),
	(46, 'Свалинн-2', 'shields', 1, 'large', NULL, 'mst', '2018-07-16 00:28:24', '2018-07-16 03:28:24'),
	(47, 'Охайн-мини', 'shields', 0, 'medium', NULL, 'mst', '2018-07-16 00:29:06', '2018-07-16 03:29:06'),
	(48, 'Охайн-микро', 'shields', 0, 'small', NULL, 'mst', '2018-07-16 00:29:25', '2018-07-16 03:29:25'),
	(49, 'Interceptor', 'shields', 0, 'small', NULL, 'pre', '2018-07-16 00:31:09', '2018-07-16 03:31:09'),
	(50, 'Нинья', 'hull', 0, 'small', NULL, 'mat', '2018-07-22 23:49:38', '2018-07-23 02:49:38'),
	(51, 'Пинта', 'hull', 0, 'medium', NULL, 'mat', '2018-07-22 23:52:50', '2018-07-23 02:52:50'),
	(52, 'Санта-Мария', 'hull', 0, 'large', NULL, 'mat', '2018-07-22 23:55:02', '2018-07-23 02:55:02'),
	(54, 'Mickeys Toontown', 'hull', 0, 'medium', NULL, 'gd', '2018-07-22 23:57:46', '2018-07-23 02:57:46'),
	(55, 'Adventureland', 'hull', 0, 'large', NULL, 'gd', '2018-07-22 23:58:48', '2018-07-23 02:58:48'),
	(56, 'МСТ-М4', 'hull', 0, 'small', NULL, 'mst', '2018-07-23 00:01:20', '2018-07-23 03:01:20'),
	(57, 'Ленинград-3', 'hull', 0, 'medium', NULL, 'mst', '2018-07-23 00:02:02', '2018-07-23 03:02:02'),
	(58, 'Ленинград-5', 'hull', 2, 'large', NULL, 'mst', '2018-07-23 00:02:50', '2018-07-23 03:02:50'),
	(59, 'Unity', 'hull', 1, 'medium', NULL, 'pre', '2018-07-23 00:06:17', '2018-07-23 03:06:17'),
	(60, 'Kutis-M', 'hull', 0, 'medium', NULL, 'kkg', '2018-07-23 00:07:05', '2018-07-23 03:07:05'),
	(61, 'Kutis-L', 'hull', 0, 'large', NULL, 'kkg', '2018-07-23 00:07:26', '2018-07-23 03:07:26'),
	(62, 'Kutis-S', 'hull', 0, 'small', NULL, 'kkg', '2018-07-23 00:07:44', '2018-07-23 03:07:44'),
	(63, 'Subortus-S', 'march_engine', 0, 'small', NULL, 'kkg', '2018-07-23 00:21:48', '2018-07-23 03:21:48'),
	(64, 'Subortus-M', 'march_engine', 0, 'medium', NULL, 'kkg', '2018-07-23 00:21:59', '2018-07-23 03:21:59'),
	(65, 'Subortus-L', 'march_engine', 0, 'large', NULL, 'kkg', '2018-07-23 00:22:06', '2018-07-23 03:22:06'),
	(66, 'Timerus-S', 'shunter', 0, 'small', NULL, 'kkg', '2018-07-23 00:22:14', '2018-07-23 03:22:14'),
	(67, 'Timerus-M', 'shunter', 0, 'medium', NULL, 'kkg', '2018-07-23 00:22:21', '2018-07-23 03:22:21'),
	(68, 'Timerus-L', 'shunter', 0, 'large', NULL, 'kkg', '2018-07-23 00:22:29', '2018-07-23 03:22:29'),
	(72, 'Caperus-S', 'radar', 0, 'small', NULL, 'kkg', '2018-07-23 00:22:57', '2018-07-23 03:22:57'),
	(73, 'Caperus-M', 'radar', 0, 'medium', NULL, 'kkg', '2018-07-23 00:23:08', '2018-07-23 03:23:08'),
	(74, 'Caperus-L', 'radar', 0, 'large', NULL, 'kkg', '2018-07-23 00:23:15', '2018-07-23 03:23:15'),
	(78, 'Lacus-S', 'fuel_tank', 0, 'small', NULL, 'kkg', '2018-07-23 00:23:41', '2018-07-23 03:23:41'),
	(79, 'Lacus-M', 'fuel_tank', 0, 'medium', NULL, 'kkg', '2018-07-23 00:23:47', '2018-07-23 03:23:47'),
	(80, 'Lacus-L', 'fuel_tank', 0, 'large', NULL, 'kkg', '2018-07-23 00:23:53', '2018-07-23 03:23:53'),
	(83, 'МСТ-КР-2', 'radar', 0, 'medium', NULL, 'mst', '2018-07-23 00:29:54', '2018-07-23 03:29:54');
/*!40000 ALTER TABLE `models` ENABLE KEYS */;


-- Дамп структуры для таблица magellan.model_has_parameters
DROP TABLE IF EXISTS `model_has_parameters`;
CREATE TABLE IF NOT EXISTS `model_has_parameters` (
  `node_code` varchar(50) NOT NULL,
  `parameter_code` varchar(50) NOT NULL,
  `def_value` float NOT NULL DEFAULT '1000',
  `mult_small` float NOT NULL DEFAULT '1',
  `mult_large` float NOT NULL DEFAULT '1',
  `increase_direction` tinyint(1) NOT NULL DEFAULT '1',
  `hull_boost` tinyint(1) NOT NULL DEFAULT '1',
  UNIQUE KEY `Индекс 2` (`node_code`,`parameter_code`),
  KEY `node_code` (`node_code`),
  KEY `Индекс 3` (`parameter_code`),
  CONSTRAINT `node` FOREIGN KEY (`node_code`) REFERENCES `node_types` (`code`) ON UPDATE CASCADE,
  CONSTRAINT `pcode` FOREIGN KEY (`parameter_code`) REFERENCES `parameters_list` (`code`) ON UPDATE CASCADE
) ENGINE=InnoDB DEFAULT CHARSET=utf8 COMMENT='Связь узлов и параметров';

-- Дамп данных таблицы magellan.model_has_parameters: ~74 rows (приблизительно)
/*!40000 ALTER TABLE `model_has_parameters` DISABLE KEYS */;
INSERT IGNORE INTO `model_has_parameters` (`node_code`, `parameter_code`, `def_value`, `mult_small`, `mult_large`, `increase_direction`, `hull_boost`) VALUES
	('fuel_tank', 'az_level', 100, 1, 1, 1, 1),
	('fuel_tank', 'fuel_protection', 3, 1, 1, 1, 1),
	('fuel_tank', 'fuel_volume', 800, 1, 1, 1, 0),
	('fuel_tank', 'radiation_def', 80, 1, 1, 1, 1),
	('fuel_tank', 'volume', 378, 0.52, 1.7, -1, 1),
	('fuel_tank', 'weight', 1000, 1, 1, -1, 1),
	('hull', 'az_level', 100, 1, 1, 1, 1),
	('hull', 'brand_lapse', 16, 1, 1, 1, 1),
	('hull', 'configurability', 16, 1, 1, 1, 1),
	('hull', 'volume', 2000, 0.52, 1.7, 1, 1),
	('hull', 'weight', 1000, 1, 1, -1, 1),
	('lss', 'air_prepare_speed', 2, 1, 1, 1, 1),
	('lss', 'air_volume', 2050, 0.8, 1.2, 1, 1),
	('lss', 'az_level', 100, 1, 1, 1, 1),
	('lss', 'co2_level', 50, 1, 1, 1, 0),
	('lss', 'lightness', 0, 1, 1, 1, 0),
	('lss', 'thermal_def', 4, 1, 1, 1, 1),
	('lss', 'volume', 273, 0.52, 1.7, -1, 1),
	('lss', 'weight', 1000, 1, 1, -1, 1),
	('march_engine', 'accel', 16, 1.4, 0.6, 1, 1),
	('march_engine', 'accel_rev', 0, 1.4, 0.6, 1, 1),
	('march_engine', 'az_level', 100, 1, 1, 1, 1),
	('march_engine', 'heat_prod', 83, 1, 1, -1, 1),
	('march_engine', 'slowdown', 16, 1.4, 0.6, 1, 0),
	('march_engine', 'slowdown_rev', 0, 1.4, 0.6, 1, 0),
	('march_engine', 'thrust', 700, 0.5, 1.6, 1, 1),
	('march_engine', 'thrust_rev', 0, 0.5, 1.6, 1, 1),
	('march_engine', 'volume', 315, 0.52, 1.7, -1, 1),
	('march_engine', 'weight', 1000, 1, 1, -1, 1),
	('radar', 'angle_change', 0.8, 1, 1, 1, 0),
	('radar', 'angle_max', 30, 1, 1, 1, 1),
	('radar', 'angle_min', 25, 1, 1, -1, 1),
	('radar', 'az_level', 100, 1, 1, 1, 1),
	('radar', 'range_change', 0.8, 1, 1, 1, 0),
	('radar', 'range_max', 30, 1, 1, 1, 1),
	('radar', 'rotate_speed', 10, 1, 1, 1, 1),
	('radar', 'volume', 210, 0.52, 1.7, -1, 1),
	('radar', 'weight', 1000, 1, 1, -1, 1),
	('scaner', 'az_level', 100, 1, 1, 1, 1),
	('scaner', 'drop_range', 20, 0.8, 1.2, 1, 1),
	('scaner', 'drop_speed', 38, 0.9, 1.1, 1, 1),
	('scaner', 'scan_range', 42, 0.8, 1.2, 1, 1),
	('scaner', 'scan_speed', 2.5, 0.9, 1.1, 1, 1),
	('scaner', 'volume', 147, 0.52, 1.7, -1, 1),
	('scaner', 'weight', 1000, 1, 1, -1, 1),
	('shields', 'az_level', 100, 1, 1, 1, 1),
	('shields', 'desinfect_level', 50, 0.9, 1.1, 1, 0),
	('shields', 'heat_capacity', 382.5, 0.7, 1.3, 1, 1),
	('shields', 'heat_reflection', 8, 0.8, 1.2, 1, 1),
	('shields', 'heat_sink', 85, 0.7, 1.3, 1, 1),
	('shields', 'mechanical_def', 90, 1, 1, 1, 1),
	('shields', 'radiation_def', 7, 0.8, 1.2, 1, 1),
	('shields', 'volume', 315, 0.52, 1.7, -1, 1),
	('shields', 'weight', 1000, 1, 1, -1, 1),
	('shunter', 'az_level', 100, 1, 1, 1, 1),
	('shunter', 'heat_prod', 92, 1, 1, -1, 1),
	('shunter', 'strafe_accel', 0, 1.4, 0.6, 1, 1),
	('shunter', 'strafe_max', 0, 0.5, 1.6, 1, 1),
	('shunter', 'strafe_slow', 0, 1.4, 0.6, 1, 0),
	('shunter', 'turn_accel', 80, 0.6, 1.4, 1, 1),
	('shunter', 'turn_max', 45, 1.4, 0.8, 1, 1),
	('shunter', 'turn_slow', 80, 1.4, 0.6, 1, 0),
	('shunter', 'volume', 210, 0.52, 1.7, -1, 1),
	('shunter', 'weight', 1000, 1, 1, -1, 1),
	('warp_engine', 'az_level', 100, 1, 1, 1, 1),
	('warp_engine', 'consumption', 0.12, 1, 1, -1, 1),
	('warp_engine', 'distort_accel', 3, 1, 1, 1, 1),
	('warp_engine', 'distort_level', 800, 1, 1, 1, 1),
	('warp_engine', 'distort_slowdown', 3, 1, 1, 1, 1),
	('warp_engine', 'turn_consumption', 1.1, 1, 1, -1, 0),
	('warp_engine', 'turn_speed', 0.8, 1, 1, 1, 1),
	('warp_engine', 'volume', 378, 0.52, 1.7, -1, 1),
	('warp_engine', 'warp_enter_consumption', 30, 1, 1, -1, 1),
	('warp_engine', 'weight', 1000, 1, 1, -1, 1);
/*!40000 ALTER TABLE `model_has_parameters` ENABLE KEYS */;


-- Дамп структуры для таблица magellan.model_parameters
DROP TABLE IF EXISTS `model_parameters`;
CREATE TABLE IF NOT EXISTS `model_parameters` (
  `model_id` int(11) NOT NULL,
  `parameter_code` varchar(50) NOT NULL,
  `value` int(11) NOT NULL,
  PRIMARY KEY (`model_id`,`parameter_code`),
  KEY `parameter_code` (`parameter_code`),
  CONSTRAINT `model_id` FOREIGN KEY (`model_id`) REFERENCES `models` (`id`) ON DELETE CASCADE ON UPDATE CASCADE,
  CONSTRAINT `parameter_code` FOREIGN KEY (`parameter_code`) REFERENCES `parameters_list` (`code`) ON DELETE CASCADE ON UPDATE CASCADE
) ENGINE=InnoDB DEFAULT CHARSET=utf8;

-- Дамп данных таблицы magellan.model_parameters: ~497 rows (приблизительно)
/*!40000 ALTER TABLE `model_parameters` DISABLE KEYS */;
INSERT IGNORE INTO `model_parameters` (`model_id`, `parameter_code`, `value`) VALUES
	(6, 'accel', 22),
	(6, 'accel_rev', 0),
	(6, 'az_level', 100),
	(6, 'heat_prod', 94),
	(6, 'slowdown', 16),
	(6, 'slowdown_rev', 0),
	(6, 'thrust', 1220),
	(6, 'thrust_rev', 0),
	(6, 'volume', 281),
	(6, 'weight', 0),
	(7, 'accel', 16),
	(7, 'accel_rev', 0),
	(7, 'az_level', 100),
	(7, 'heat_prod', 91),
	(7, 'slowdown', 16),
	(7, 'slowdown_rev', 0),
	(7, 'thrust', 1430),
	(7, 'thrust_rev', 0),
	(7, 'volume', 244),
	(7, 'weight', 0),
	(8, 'accel', 27),
	(8, 'accel_rev', 0),
	(8, 'az_level', 100),
	(8, 'heat_prod', 78),
	(8, 'slowdown', 29),
	(8, 'slowdown_rev', 0),
	(8, 'thrust', 1540),
	(8, 'thrust_rev', 0),
	(8, 'volume', 266),
	(8, 'weight', 0),
	(9, 'accel', 23),
	(9, 'accel_rev', 0),
	(9, 'az_level', 100),
	(9, 'heat_prod', 71),
	(9, 'slowdown', 28),
	(9, 'slowdown_rev', 0),
	(9, 'thrust', 1310),
	(9, 'thrust_rev', 0),
	(9, 'volume', 233),
	(9, 'weight', 0),
	(10, 'accel', 20),
	(10, 'accel_rev', 0),
	(10, 'az_level', 100),
	(10, 'heat_prod', 81),
	(10, 'slowdown', 20),
	(10, 'slowdown_rev', 0),
	(10, 'thrust', 1010),
	(10, 'thrust_rev', 0),
	(10, 'volume', 269),
	(10, 'weight', 0),
	(11, 'accel', 20),
	(11, 'accel_rev', 0),
	(11, 'az_level', 100),
	(11, 'heat_prod', 80),
	(11, 'slowdown', 20),
	(11, 'slowdown_rev', 0),
	(11, 'thrust', 995),
	(11, 'thrust_rev', 0),
	(11, 'volume', 260),
	(11, 'weight', 0),
	(12, 'accel', 26),
	(12, 'accel_rev', 0),
	(12, 'az_level', 100),
	(12, 'heat_prod', 86),
	(12, 'slowdown', 25),
	(12, 'slowdown_rev', 0),
	(12, 'thrust', 1500),
	(12, 'thrust_rev', 0),
	(12, 'volume', 279),
	(12, 'weight', 0),
	(13, 'az_level', 100),
	(13, 'heat_prod', 78),
	(13, 'strafe_accel', 0),
	(13, 'strafe_max', 0),
	(13, 'strafe_slow', 0),
	(13, 'turn_accel', 0),
	(13, 'turn_max', 0),
	(13, 'turn_slow', 0),
	(13, 'volume', 207),
	(13, 'weight', 0),
	(14, 'az_level', 100),
	(14, 'heat_prod', 92),
	(14, 'strafe_accel', 0),
	(14, 'strafe_max', 0),
	(14, 'strafe_slow', 0),
	(14, 'turn_accel', 0),
	(14, 'turn_max', 0),
	(14, 'turn_slow', 0),
	(14, 'volume', 159),
	(14, 'weight', 0),
	(15, 'az_level', 100),
	(15, 'heat_prod', 80),
	(15, 'strafe_accel', 0),
	(15, 'strafe_max', 0),
	(15, 'strafe_slow', 0),
	(15, 'turn_accel', 0),
	(15, 'turn_max', 0),
	(15, 'turn_slow', 0),
	(15, 'volume', 168),
	(15, 'weight', 0),
	(16, 'az_level', 100),
	(16, 'heat_prod', 80),
	(16, 'strafe_accel', 0),
	(16, 'strafe_max', 0),
	(16, 'strafe_slow', 0),
	(16, 'turn_accel', 0),
	(16, 'turn_max', 0),
	(16, 'turn_slow', 0),
	(16, 'volume', 177),
	(16, 'weight', 0),
	(17, 'az_level', 100),
	(17, 'heat_prod', 80),
	(17, 'strafe_accel', 0),
	(17, 'strafe_max', 0),
	(17, 'strafe_slow', 0),
	(17, 'turn_accel', 0),
	(17, 'turn_max', 0),
	(17, 'turn_slow', 0),
	(17, 'volume', 186),
	(17, 'weight', 0),
	(18, 'az_level', 100),
	(18, 'heat_prod', 81),
	(18, 'strafe_accel', 0),
	(18, 'strafe_max', 0),
	(18, 'strafe_slow', 0),
	(18, 'turn_accel', 0),
	(18, 'turn_max', 0),
	(18, 'turn_slow', 0),
	(18, 'volume', 177),
	(18, 'weight', 0),
	(19, 'az_level', 100),
	(19, 'heat_prod', 82),
	(19, 'strafe_accel', 0),
	(19, 'strafe_max', 0),
	(19, 'strafe_slow', 0),
	(19, 'turn_accel', 0),
	(19, 'turn_max', 0),
	(19, 'turn_slow', 0),
	(19, 'volume', 186),
	(19, 'weight', 0),
	(20, 'angle_change', 1),
	(20, 'angle_max', 40),
	(20, 'angle_min', 15),
	(20, 'az_level', 100),
	(20, 'range_change', 1),
	(20, 'range_max', 49),
	(20, 'range_min', 0),
	(20, 'rotate_speed', 12),
	(20, 'volume', 171),
	(20, 'weight', 0),
	(21, 'angle_change', 1),
	(21, 'angle_max', 30),
	(21, 'angle_min', 26),
	(21, 'az_level', 100),
	(21, 'range_change', 1),
	(21, 'range_max', 33),
	(21, 'range_min', 0),
	(21, 'rotate_speed', 13),
	(21, 'volume', 159),
	(21, 'weight', 0),
	(22, 'angle_change', 1),
	(22, 'angle_max', 39),
	(22, 'angle_min', 16),
	(22, 'az_level', 100),
	(22, 'range_change', 1),
	(22, 'range_max', 45),
	(22, 'range_min', 0),
	(22, 'rotate_speed', 10),
	(22, 'volume', 162),
	(22, 'weight', 0),
	(23, 'angle_change', 1),
	(23, 'angle_max', 36),
	(23, 'angle_min', 19),
	(23, 'az_level', 100),
	(23, 'range_change', 1),
	(23, 'range_max', 45),
	(23, 'range_min', 0),
	(23, 'rotate_speed', 13),
	(23, 'volume', 211),
	(23, 'weight', 0),
	(24, 'angle_change', 1),
	(24, 'angle_max', 35),
	(24, 'angle_min', 20),
	(24, 'az_level', 100),
	(24, 'range_change', 1),
	(24, 'range_max', 41),
	(24, 'range_min', 0),
	(24, 'rotate_speed', 12),
	(24, 'volume', 180),
	(24, 'weight', 0),
	(25, 'angle_change', 1),
	(25, 'angle_max', 36),
	(25, 'angle_min', 19),
	(25, 'az_level', 100),
	(25, 'range_change', 1),
	(25, 'range_max', 36),
	(25, 'range_min', 0),
	(25, 'rotate_speed', 13),
	(25, 'volume', 186),
	(25, 'weight', 0),
	(34, 'az_level', 100),
	(34, 'fuel_protection', 4),
	(34, 'fuel_volume', 1290),
	(34, 'radiation_def', 81),
	(34, 'volume', 379),
	(34, 'weight', 0),
	(35, 'az_level', 100),
	(35, 'fuel_protection', 3),
	(35, 'fuel_volume', 1260),
	(35, 'radiation_def', 79),
	(35, 'volume', 291),
	(35, 'weight', 0),
	(36, 'az_level', 100),
	(36, 'fuel_protection', 5),
	(36, 'fuel_volume', 1290),
	(36, 'radiation_def', 130),
	(36, 'volume', 307),
	(36, 'weight', 0),
	(37, 'az_level', 100),
	(37, 'fuel_protection', 4),
	(37, 'fuel_volume', 1220),
	(37, 'radiation_def', 133),
	(37, 'volume', 382),
	(37, 'weight', 0),
	(38, 'az_level', 100),
	(38, 'fuel_protection', 5),
	(38, 'fuel_volume', 1020),
	(38, 'radiation_def', 99),
	(38, 'volume', 329),
	(38, 'weight', 0),
	(39, 'az_level', 100),
	(39, 'fuel_protection', 5),
	(39, 'fuel_volume', 998),
	(39, 'radiation_def', 102),
	(39, 'volume', 336),
	(39, 'weight', 0),
	(40, 'az_level', 100),
	(40, 'fuel_protection', 5),
	(40, 'fuel_volume', 991),
	(40, 'radiation_def', 102),
	(40, 'volume', 333),
	(40, 'weight', 0),
	(41, 'az_level', 100),
	(41, 'desinfect_level', 50),
	(41, 'heat_capacity', 481),
	(41, 'heat_reflection', 0),
	(41, 'heat_sink', 106),
	(41, 'mechanical_def', 11),
	(41, 'radiation_def', 11),
	(41, 'volume', 273),
	(41, 'weight', 0),
	(42, 'az_level', 100),
	(42, 'desinfect_level', 50),
	(42, 'heat_capacity', 492),
	(42, 'heat_reflection', 0),
	(42, 'heat_sink', 109),
	(42, 'mechanical_def', 8),
	(42, 'radiation_def', 7),
	(42, 'volume', 239),
	(42, 'weight', 0),
	(43, 'az_level', 100),
	(43, 'desinfect_level', 81),
	(43, 'heat_capacity', 451),
	(43, 'heat_reflection', 0),
	(43, 'heat_sink', 100),
	(43, 'mechanical_def', 10),
	(43, 'radiation_def', 10),
	(43, 'volume', 280),
	(43, 'weight', 0),
	(44, 'az_level', 100),
	(44, 'desinfect_level', 91),
	(44, 'heat_capacity', 502),
	(44, 'heat_reflection', 0),
	(44, 'heat_sink', 117),
	(44, 'mechanical_def', 11),
	(44, 'radiation_def', 12),
	(44, 'volume', 314),
	(44, 'weight', 0),
	(45, 'az_level', 100),
	(45, 'desinfect_level', 79),
	(45, 'heat_capacity', 448),
	(45, 'heat_reflection', 0),
	(45, 'heat_sink', 102),
	(45, 'mechanical_def', 10),
	(45, 'radiation_def', 10),
	(45, 'volume', 281),
	(45, 'weight', 0),
	(46, 'az_level', 100),
	(46, 'desinfect_level', 110),
	(46, 'heat_capacity', 533),
	(46, 'heat_reflection', 0),
	(46, 'heat_sink', 117),
	(46, 'mechanical_def', 12),
	(46, 'radiation_def', 12),
	(46, 'volume', 263),
	(46, 'weight', 0),
	(47, 'az_level', 100),
	(47, 'desinfect_level', 79),
	(47, 'heat_capacity', 446),
	(47, 'heat_reflection', 0),
	(47, 'heat_sink', 102),
	(47, 'mechanical_def', 10),
	(47, 'radiation_def', 10),
	(47, 'volume', 275),
	(47, 'weight', 0),
	(48, 'az_level', 100),
	(48, 'desinfect_level', 79),
	(48, 'heat_capacity', 455),
	(48, 'heat_reflection', 0),
	(48, 'heat_sink', 99),
	(48, 'mechanical_def', 10),
	(48, 'radiation_def', 10),
	(48, 'volume', 273),
	(48, 'weight', 0),
	(49, 'az_level', 100),
	(49, 'desinfect_level', 65),
	(49, 'heat_capacity', 449),
	(49, 'heat_reflection', 0),
	(49, 'heat_sink', 116),
	(49, 'mechanical_def', 9),
	(49, 'radiation_def', 10),
	(49, 'volume', 274),
	(49, 'weight', 0),
	(50, 'az_level', 100),
	(50, 'brand_lapse', 20),
	(50, 'configurability', 20),
	(50, 'volume', 1410),
	(50, 'weight', 1000),
	(51, 'az_level', 100),
	(51, 'brand_lapse', 17),
	(51, 'configurability', 21),
	(51, 'volume', 2500),
	(51, 'weight', 1000),
	(52, 'az_level', 100),
	(52, 'brand_lapse', 19),
	(52, 'configurability', 19),
	(52, 'volume', 4290),
	(52, 'weight', 1000),
	(54, 'az_level', 100),
	(54, 'brand_lapse', 19),
	(54, 'configurability', 19),
	(54, 'volume', 2530),
	(54, 'weight', 1000),
	(55, 'az_level', 100),
	(55, 'brand_lapse', 20),
	(55, 'configurability', 22),
	(55, 'volume', 4460),
	(55, 'weight', 1000),
	(56, 'az_level', 100),
	(56, 'brand_lapse', 19),
	(56, 'configurability', 19),
	(56, 'volume', 1310),
	(56, 'weight', 1000),
	(57, 'az_level', 100),
	(57, 'brand_lapse', 19),
	(57, 'configurability', 19),
	(57, 'volume', 2490),
	(57, 'weight', 1000),
	(58, 'az_level', 100),
	(58, 'brand_lapse', 23),
	(58, 'configurability', 23),
	(58, 'volume', 5040),
	(58, 'weight', 1000),
	(59, 'az_level', 100),
	(59, 'brand_lapse', 21),
	(59, 'configurability', 21),
	(59, 'volume', 2750),
	(59, 'weight', 1000),
	(60, 'az_level', 100),
	(60, 'brand_lapse', 19),
	(60, 'configurability', 19),
	(60, 'volume', 2490),
	(60, 'weight', 1000),
	(61, 'az_level', 100),
	(61, 'brand_lapse', 19),
	(61, 'configurability', 19),
	(61, 'volume', 4260),
	(61, 'weight', 1000),
	(62, 'az_level', 100),
	(62, 'brand_lapse', 19),
	(62, 'configurability', 19),
	(62, 'volume', 1310),
	(62, 'weight', 1000),
	(63, 'accel', 20),
	(63, 'accel_rev', 0),
	(63, 'az_level', 100),
	(63, 'heat_prod', 79),
	(63, 'slowdown', 20),
	(63, 'slowdown_rev', 0),
	(63, 'thrust', 1000),
	(63, 'thrust_rev', 0),
	(63, 'volume', 280),
	(63, 'weight', 1000),
	(64, 'accel', 20),
	(64, 'accel_rev', 0),
	(64, 'az_level', 100),
	(64, 'heat_prod', 79),
	(64, 'slowdown', 20),
	(64, 'slowdown_rev', 0),
	(64, 'thrust', 1010),
	(64, 'thrust_rev', 0),
	(64, 'volume', 275),
	(64, 'weight', 1000),
	(65, 'accel', 20),
	(65, 'accel_rev', 0),
	(65, 'az_level', 100),
	(65, 'heat_prod', 81),
	(65, 'slowdown', 20),
	(65, 'slowdown_rev', 0),
	(65, 'thrust', 1010),
	(65, 'thrust_rev', 0),
	(65, 'volume', 272),
	(65, 'weight', 1000),
	(66, 'az_level', 100),
	(66, 'heat_prod', 79),
	(66, 'strafe_accel', 0),
	(66, 'strafe_max', 0),
	(66, 'strafe_slow', 0),
	(66, 'turn_accel', 80),
	(66, 'turn_max', 45),
	(66, 'turn_slow', 80),
	(66, 'volume', 184),
	(66, 'weight', 1000),
	(67, 'az_level', 100),
	(67, 'heat_prod', 79),
	(67, 'strafe_accel', 0),
	(67, 'strafe_max', 0),
	(67, 'strafe_slow', 0),
	(67, 'turn_accel', 80),
	(67, 'turn_max', 45),
	(67, 'turn_slow', 80),
	(67, 'volume', 186),
	(67, 'weight', 1000),
	(68, 'az_level', 100),
	(68, 'heat_prod', 79),
	(68, 'strafe_accel', 0),
	(68, 'strafe_max', 0),
	(68, 'strafe_slow', 0),
	(68, 'turn_accel', 80),
	(68, 'turn_max', 45),
	(68, 'turn_slow', 80),
	(68, 'volume', 182),
	(68, 'weight', 1000),
	(72, 'angle_change', 1),
	(72, 'angle_max', 35),
	(72, 'angle_min', 20),
	(72, 'az_level', 100),
	(72, 'range_change', 1),
	(72, 'range_max', 40),
	(72, 'rotate_speed', 12),
	(72, 'volume', 182),
	(72, 'weight', 1000),
	(73, 'angle_change', 1),
	(73, 'angle_max', 36),
	(73, 'angle_min', 20),
	(73, 'az_level', 100),
	(73, 'range_change', 1),
	(73, 'range_max', 41),
	(73, 'rotate_speed', 12),
	(73, 'volume', 186),
	(73, 'weight', 1000),
	(74, 'angle_change', 1),
	(74, 'angle_max', 35),
	(74, 'angle_min', 20),
	(74, 'az_level', 100),
	(74, 'range_change', 1),
	(74, 'range_max', 40),
	(74, 'rotate_speed', 12),
	(74, 'volume', 187),
	(74, 'weight', 1000),
	(78, 'az_level', 100),
	(78, 'fuel_protection', 5),
	(78, 'fuel_volume', 1010),
	(78, 'radiation_def', 101),
	(78, 'volume', 328),
	(78, 'weight', 1000),
	(79, 'az_level', 100),
	(79, 'fuel_protection', 5),
	(79, 'fuel_volume', 1010),
	(79, 'radiation_def', 100),
	(79, 'volume', 330),
	(79, 'weight', 1000),
	(80, 'az_level', 100),
	(80, 'fuel_protection', 5),
	(80, 'fuel_volume', 1000),
	(80, 'radiation_def', 99),
	(80, 'volume', 327),
	(80, 'weight', 1000),
	(83, 'angle_change', 1),
	(83, 'angle_max', 36),
	(83, 'angle_min', 20),
	(83, 'az_level', 100),
	(83, 'range_change', 1),
	(83, 'range_max', 40),
	(83, 'rotate_speed', 12),
	(83, 'volume', 187),
	(83, 'weight', 1000);
/*!40000 ALTER TABLE `model_parameters` ENABLE KEYS */;


-- Дамп структуры для таблица magellan.nodes
DROP TABLE IF EXISTS `nodes`;
CREATE TABLE IF NOT EXISTS `nodes` (
  `id` int(11) NOT NULL AUTO_INCREMENT COMMENT 'ID узла',
  `model_id` int(11) NOT NULL DEFAULT '0' COMMENT 'ID модели',
  `name` varchar(50) DEFAULT '' COMMENT 'Название (только для корпусов)',
  `az_level` int(11) NOT NULL DEFAULT '100' COMMENT 'Уровень АЗ',
  `status_code` varchar(10) NOT NULL DEFAULT 'free' COMMENT 'Статус',
  `date_created` datetime NOT NULL DEFAULT CURRENT_TIMESTAMP COMMENT 'Дата и время создания',
  `connected_to_hull_id` int(11) DEFAULT NULL,
  `password` varchar(50) DEFAULT NULL,
  `premium_expires` datetime DEFAULT NULL,
  PRIMARY KEY (`id`),
  KEY `FK_model_id` (`model_id`),
  KEY `FK_status_code` (`status_code`),
  CONSTRAINT `FK_model_id` FOREIGN KEY (`model_id`) REFERENCES `models` (`id`),
  CONSTRAINT `FK_status_code` FOREIGN KEY (`status_code`) REFERENCES `node_statuses` (`code`)
) ENGINE=InnoDB AUTO_INCREMENT=90 DEFAULT CHARSET=utf8 COMMENT='Узлы в технопарке';

-- Дамп данных таблицы magellan.nodes: ~37 rows (приблизительно)
/*!40000 ALTER TABLE `nodes` DISABLE KEYS */;
INSERT IGNORE INTO `nodes` (`id`, `model_id`, `name`, `az_level`, `status_code`, `date_created`, `connected_to_hull_id`, `password`, `premium_expires`) VALUES
	(9, 11, '', 115, 'free', '2018-07-22 20:14:21', NULL, '', '2018-07-08 17:51:21'),
	(47, 6, '', 100, 'free', '2018-07-22 20:16:47', NULL, '123', '0000-00-00 00:00:00'),
	(48, 7, '', 100, 'reserved', '2018-07-22 20:16:47', NULL, '', '2018-07-08 17:45:16'),
	(49, 8, '', 100, 'free', '2018-07-22 20:16:47', NULL, '', '2018-07-08 17:46:40'),
	(50, 9, '', 115, 'free', '2018-07-22 20:16:47', NULL, '', '2018-07-08 17:48:20'),
	(51, 10, '', 115, 'free', '2018-07-22 20:16:47', NULL, '', '2018-07-08 17:49:18'),
	(52, 11, '', 115, 'free', '2018-07-22 20:16:47', NULL, '', '2018-07-08 17:51:21'),
	(53, 12, '', 100, 'free', '2018-07-22 20:16:47', NULL, '', '2018-07-08 17:52:52'),
	(54, 13, '', 100, 'free', '2018-07-22 20:16:47', NULL, '', '2018-07-08 20:00:53'),
	(55, 14, '', 100, 'free', '2018-07-22 20:16:47', NULL, '', '2018-07-08 20:01:52'),
	(56, 15, '', 100, 'free', '2018-07-22 20:16:47', NULL, '', '2018-07-08 20:02:41'),
	(57, 16, '', 115, 'free', '2018-07-22 20:16:47', NULL, '', '2018-07-10 03:03:16'),
	(58, 17, '', 115, 'free', '2018-07-22 20:16:48', NULL, '', '2018-07-10 03:04:15'),
	(59, 18, '', 115, 'free', '2018-07-22 20:16:48', NULL, '', '2018-07-10 03:06:29'),
	(60, 19, '', 100, 'free', '2018-07-22 20:16:48', NULL, '', '2018-07-10 03:07:39'),
	(61, 20, '', 100, 'free', '2018-07-22 20:16:48', NULL, '', '2018-07-10 03:29:39'),
	(62, 21, '', 100, 'free', '2018-07-22 20:16:48', NULL, '', '2018-07-10 03:31:08'),
	(63, 22, '', 100, 'free', '2018-07-22 20:16:48', NULL, '', '2018-07-10 03:32:42'),
	(64, 23, '', 115, 'free', '2018-07-22 20:16:48', NULL, '', '2018-07-10 03:34:13'),
	(65, 24, '', 115, 'free', '2018-07-22 20:16:48', NULL, '', '2018-07-10 03:34:45'),
	(66, 25, '', 100, 'free', '2018-07-22 20:16:48', NULL, '', '2018-07-10 03:40:33'),
	(74, 34, '', 100, 'free', '2018-07-22 20:16:48', NULL, '', '2018-07-16 01:37:55'),
	(75, 35, '', 100, 'free', '2018-07-22 20:16:48', NULL, '', '2018-07-16 01:38:34'),
	(76, 36, '', 100, 'free', '2018-07-22 20:16:48', NULL, '', '2018-07-16 01:39:11'),
	(77, 37, '', 115, 'free', '2018-07-22 20:16:49', NULL, '', '2018-07-16 01:40:04'),
	(78, 38, '', 115, 'free', '2018-07-22 20:16:49', NULL, '', '2018-07-16 01:40:54'),
	(79, 39, '', 115, 'free', '2018-07-22 20:16:49', NULL, '', '2018-07-16 01:42:14'),
	(80, 40, '', 100, 'free', '2018-07-22 20:16:49', NULL, '', '2018-07-16 01:43:52'),
	(81, 41, '', 100, 'free', '2018-07-22 20:16:49', NULL, '', '2018-07-16 03:24:22'),
	(82, 42, '', 100, 'free', '2018-07-22 20:16:49', NULL, '', '2018-07-16 03:25:10'),
	(83, 43, '', 100, 'free', '2018-07-22 20:16:49', NULL, '', '2018-07-16 03:25:41'),
	(84, 44, '', 115, 'free', '2018-07-22 20:16:49', NULL, '', '2018-07-16 03:26:39'),
	(85, 45, '', 115, 'free', '2018-07-22 20:16:49', NULL, '', '2018-07-16 03:27:12'),
	(86, 46, '', 115, 'free', '2018-07-22 20:16:49', NULL, '', '2018-07-16 03:28:24'),
	(87, 47, '', 115, 'free', '2018-07-22 20:16:49', NULL, '', '2018-07-16 03:29:06'),
	(88, 48, '', 115, 'free', '2018-07-22 20:16:49', NULL, '', '2018-07-16 03:29:25'),
	(89, 49, '', 100, 'free', '2018-07-22 20:16:49', NULL, '', '2018-07-16 03:31:09');
/*!40000 ALTER TABLE `nodes` ENABLE KEYS */;


-- Дамп структуры для таблица magellan.node_statuses
DROP TABLE IF EXISTS `node_statuses`;
CREATE TABLE IF NOT EXISTS `node_statuses` (
  `code` varchar(10) NOT NULL,
  `name` varchar(30) NOT NULL,
  PRIMARY KEY (`code`)
) ENGINE=InnoDB DEFAULT CHARSET=utf8 COMMENT='Статусы узлов';

-- Дамп данных таблицы magellan.node_statuses: ~6 rows (приблизительно)
/*!40000 ALTER TABLE `node_statuses` DISABLE KEYS */;
INSERT IGNORE INTO `node_statuses` (`code`, `name`) VALUES
	('decomm', 'Списан'),
	('free', 'Свободен'),
	('freight', 'Зафрахтован'),
	('lost', 'Утрачен'),
	('reserved', 'Зарезервирован');
/*!40000 ALTER TABLE `node_statuses` ENABLE KEYS */;


-- Дамп структуры для таблица magellan.node_types
DROP TABLE IF EXISTS `node_types`;
CREATE TABLE IF NOT EXISTS `node_types` (
  `code` varchar(50) NOT NULL,
  `id` tinyint(4) NOT NULL,
  `name` varchar(50) NOT NULL DEFAULT '0',
  PRIMARY KEY (`code`)
) ENGINE=InnoDB DEFAULT CHARSET=utf8 COMMENT='Типы узлов';

-- Дамп данных таблицы magellan.node_types: ~9 rows (приблизительно)
/*!40000 ALTER TABLE `node_types` DISABLE KEYS */;
INSERT IGNORE INTO `node_types` (`code`, `id`, `name`) VALUES
	('fuel_tank', 7, 'Топливный бак'),
	('hull', 9, 'Корпус'),
	('lss', 8, 'Система жизнеобеспечения'),
	('march_engine', 1, 'Маршевый двигатель'),
	('radar', 5, 'Радар'),
	('scaner', 6, 'Сканер'),
	('shields', 4, 'Щиты'),
	('shunter', 2, 'Маневровые двигатели'),
	('warp_engine', 3, 'Двигатель Уайта');
/*!40000 ALTER TABLE `node_types` ENABLE KEYS */;


-- Дамп структуры для таблица magellan.parameters_list
DROP TABLE IF EXISTS `parameters_list`;
CREATE TABLE IF NOT EXISTS `parameters_list` (
  `id` int(11) NOT NULL AUTO_INCREMENT,
  `code` varchar(50) NOT NULL DEFAULT '',
  `name` varchar(50) NOT NULL DEFAULT '',
  `short_name` varchar(50) NOT NULL DEFAULT '',
  PRIMARY KEY (`id`),
  UNIQUE KEY `Индекс 2` (`code`)
) ENGINE=InnoDB AUTO_INCREMENT=50 DEFAULT CHARSET=utf8 COMMENT='Список параметров';

-- Дамп данных таблицы magellan.parameters_list: ~49 rows (приблизительно)
/*!40000 ALTER TABLE `parameters_list` DISABLE KEYS */;
INSERT IGNORE INTO `parameters_list` (`id`, `code`, `name`, `short_name`) VALUES
	(1, 'thrust', 'Маршевая тяга', 'Тяга'),
	(2, 'thrust_rev', 'Реверсная тяга', 'Реверс'),
	(3, 'accel', 'Набор маршевой тяги', 'Ускорение'),
	(4, 'accel_rev', 'Набор реверсной тяги', 'Ускор. реверса'),
	(5, 'slowdown', 'Сброс маршевой тяги', 'Торможение'),
	(6, 'slowdown_rev', 'Сброс реверсной тяги', 'Тормоз реверса'),
	(7, 'heat_prod', 'Тепловыделение', 'Тепловыделение'),
	(8, 'distort_level', 'Уровень искривления', 'Искривление'),
	(9, 'warp_enter_consumption', 'Цена входа в варп', 'Цена входа'),
	(10, 'distort_accel', 'Набор искривления', 'Ускорение'),
	(11, 'distort_slowdown', 'Сброс искривления', 'Торможение'),
	(12, 'consumption', 'Потребление топлива', 'Потребл. топлива'),
	(13, 'turn_speed', 'Скорость поворота в варпе', 'Поворот в варпе'),
	(14, 'turn_consumption', 'Цена поворота в варпе', 'Цена поворота'),
	(15, 'turn_max', 'Максимальная скорость поворота', 'Макс. поворот'),
	(16, 'strafe_max', 'Максимальная тяга стрейфа', 'Тяга стрейфа'),
	(17, 'turn_accel', 'Ускорение поворота', 'Ускорение поворота'),
	(18, 'strafe_accel', 'Ускорение стрейфа', 'Ускорение стрейфа'),
	(19, 'turn_slow', 'Замедление поворота', 'Замедление поворота'),
	(20, 'strafe_slow', 'Замедление стрейфа', 'Торможение стрейфа'),
	(21, 'range_min', 'Минимальная дальность радара', 'Мин. дальность'),
	(22, 'range_max', 'Максимальная дальность радара', 'Макс. дальность'),
	(23, 'angle_min', 'Минимальный угол охвата', 'Мин. охват'),
	(24, 'angle_max', 'Максимальный угол охвата', 'Макс. охват'),
	(25, 'angle_change', 'Скорость сведения угла', 'Сведение угла'),
	(26, 'range_change', 'Скорость изменения дальности', 'Изменение дальности'),
	(27, 'scan_range', 'Дальность сканирования', 'Дальность сканера'),
	(28, 'scan_speed', 'Скорость сканирования', 'Скорость сканера'),
	(29, 'rotate_speed', 'Скорость поворота', 'Скорость поворота'),
	(30, 'fuel_volume', 'Объем топлива', 'Объем топлива'),
	(31, 'fuel_protection', 'Защита топлива', 'Защита топлива'),
	(32, 'radiation_def', 'Радиационная защита', 'Рад. защита'),
	(33, 'thermal_def', 'Тепловая защита', 'Тепловая защита'),
	(34, 'co2_level', 'Поддержание уровня СО2', 'Поддержание СО2'),
	(35, 'air_volume', 'Запас воздуха', 'Запас воздуха'),
	(36, 'air_prepare_speed', 'Скорость выдачи воздуха', 'Выдача воздуха'),
	(37, 'lightness', 'Освещение', 'Освещение'),
	(38, 'desinfect_level', 'Уровень дезинфекции', 'Дезинфекция'),
	(39, 'mechanical_def', 'Механическая защита', 'Скорость ремонта'),
	(40, 'heat_reflection', 'Степень отражения', 'Теплоотражение'),
	(41, 'heat_capacity', 'Теплоемкость', 'Теплоемкость'),
	(42, 'heat_sink', 'Теплоотвод', 'Теплоотвод'),
	(43, 'weight', 'Масса', 'Масса'),
	(44, 'volume', 'Объем', 'Объем'),
	(45, 'az_level', 'Уровень аварийной защиты', 'Уровень АЗ'),
	(46, 'configurability', 'Конфигурабельность', 'Конфигурабельность'),
	(47, 'brand_lapse', 'Бренд-лапс', 'Бренд-лапс'),
	(48, 'drop_range', 'Дальность сброса', 'Дальность сброса'),
	(49, 'drop_speed', 'Скорость сброса', 'Скорость сброса');
/*!40000 ALTER TABLE `parameters_list` ENABLE KEYS */;


-- Дамп структуры для таблица magellan.pumps
DROP TABLE IF EXISTS `pumps`;
CREATE TABLE IF NOT EXISTS `pumps` (
  `id` int(11) NOT NULL AUTO_INCREMENT,
  `company` enum('mst','mat','gd','kkg','pre') NOT NULL,
  `date_begin` datetime NOT NULL DEFAULT CURRENT_TIMESTAMP COMMENT 'Дата начала актива',
  `date_end` datetime DEFAULT NULL COMMENT 'Дата завершения',
  `section` varchar(50) NOT NULL COMMENT 'Раздел (шахты, апкип и проч)',
  `entity_id` int(11) DEFAULT NULL,
  `comment` text,
  `is_income` tinyint(4) NOT NULL DEFAULT '0' COMMENT '0 - расход, 1 - доход',
  PRIMARY KEY (`id`),
  KEY `FK_resource_flows_resource_sections` (`section`),
  CONSTRAINT `FK_resource_flows_resource_sections` FOREIGN KEY (`section`) REFERENCES `pump_sections` (`code`) ON DELETE CASCADE ON UPDATE CASCADE
) ENGINE=InnoDB AUTO_INCREMENT=8 DEFAULT CHARSET=utf8 COMMENT='Доходы и расходы компаний';

-- Дамп данных таблицы magellan.pumps: ~6 rows (приблизительно)
/*!40000 ALTER TABLE `pumps` DISABLE KEYS */;
INSERT IGNORE INTO `pumps` (`id`, `company`, `date_begin`, `date_end`, `section`, `entity_id`, `comment`, `is_income`) VALUES
	(1, 'mat', '2018-07-28 13:20:38', NULL, 'mines', NULL, 'Шахты Мицубиси Автоваз Технолоджис на планетах Ойкумены', 1),
	(2, 'mst', '2018-07-28 13:22:17', NULL, 'mines', NULL, 'Шахты МарсСтройТреста на планетах Ойкумены', 1),
	(3, 'gd', '2018-07-28 13:22:34', NULL, 'mines', NULL, 'Шахты Гугл Диснея на планетах Ойкумены', 1),
	(4, 'pre', '2018-07-28 13:22:50', NULL, 'mines', NULL, 'Шахты Пони Роскосмос Экспресс на планетах Ойкумены', 1),
	(5, 'kkg', '2018-07-28 13:23:07', NULL, 'mines', NULL, 'Шахты Красный Крест Генетикс на планетах Ойкумены', 1),
	(7, 'mst', '2018-07-29 21:43:55', '2018-07-29 21:44:01', 'crises', NULL, 'Какой-то прошедший кризис', 0);
/*!40000 ALTER TABLE `pumps` ENABLE KEYS */;


-- Дамп структуры для таблица magellan.pump_resources
DROP TABLE IF EXISTS `pump_resources`;
CREATE TABLE IF NOT EXISTS `pump_resources` (
  `pump_id` int(11) NOT NULL,
  `resource_code` varchar(50) NOT NULL,
  `value` int(11) NOT NULL DEFAULT '0',
  UNIQUE KEY `pump_id_resource_code` (`pump_id`,`resource_code`),
  KEY `FK_pump_resources_resources` (`resource_code`),
  CONSTRAINT `FK_pump_resources_pumps` FOREIGN KEY (`pump_id`) REFERENCES `pumps` (`id`) ON DELETE CASCADE ON UPDATE CASCADE,
  CONSTRAINT `FK_pump_resources_resources` FOREIGN KEY (`resource_code`) REFERENCES `resources` (`code`) ON DELETE CASCADE ON UPDATE CASCADE
) ENGINE=InnoDB DEFAULT CHARSET=utf8 COMMENT='Конкретные доходы/расходы одного насоса';

-- Дамп данных таблицы magellan.pump_resources: ~25 rows (приблизительно)
/*!40000 ALTER TABLE `pump_resources` DISABLE KEYS */;
INSERT IGNORE INTO `pump_resources` (`pump_id`, `resource_code`, `value`) VALUES
	(1, 'aluminium', 500),
	(1, 'iron', 500),
	(1, 'magnesium', 500),
	(1, 'nickel', 500),
	(1, 'titan', 500),
	(2, 'aluminium', 500),
	(2, 'iron', 500),
	(2, 'magnesium', 500),
	(2, 'nickel', 500),
	(2, 'titan', 500),
	(3, 'aluminium', 500),
	(3, 'iron', 500),
	(3, 'magnesium', 500),
	(3, 'nickel', 500),
	(3, 'titan', 500),
	(4, 'aluminium', 500),
	(4, 'iron', 500),
	(4, 'magnesium', 500),
	(4, 'nickel', 500),
	(4, 'titan', 500),
	(5, 'aluminium', 500),
	(5, 'iron', 500),
	(5, 'magnesium', 500),
	(5, 'nickel', 500),
	(5, 'titan', 500);
/*!40000 ALTER TABLE `pump_resources` ENABLE KEYS */;


-- Дамп структуры для таблица magellan.pump_sections
DROP TABLE IF EXISTS `pump_sections`;
CREATE TABLE IF NOT EXISTS `pump_sections` (
  `code` varchar(50) NOT NULL,
  `name` varchar(50) NOT NULL,
  PRIMARY KEY (`code`)
) ENGINE=InnoDB DEFAULT CHARSET=utf8 COMMENT='Разделы трат и доходов';

-- Дамп данных таблицы magellan.pump_sections: ~4 rows (приблизительно)
/*!40000 ALTER TABLE `pump_sections` DISABLE KEYS */;
INSERT IGNORE INTO `pump_sections` (`code`, `name`) VALUES
	('crises', 'Кризисы'),
	('markets', 'Рынки Ойкумены'),
	('mines', 'Шахты'),
	('models', 'Разработка моделей'),
	('nodes', 'Апкип узлов');
/*!40000 ALTER TABLE `pump_sections` ENABLE KEYS */;


-- Дамп структуры для таблица magellan.resources
DROP TABLE IF EXISTS `resources`;
CREATE TABLE IF NOT EXISTS `resources` (
  `code` varchar(10) NOT NULL,
  `name` varchar(10) DEFAULT NULL,
  `is_active` tinyint(1) NOT NULL DEFAULT '0',
  PRIMARY KEY (`code`)
) ENGINE=InnoDB DEFAULT CHARSET=utf8 COMMENT='Ресурсы';

-- Дамп данных таблицы magellan.resources: ~12 rows (приблизительно)
/*!40000 ALTER TABLE `resources` DISABLE KEYS */;
INSERT IGNORE INTO `resources` (`code`, `name`, `is_active`) VALUES
	('aluminium', 'Алюминий', 1),
	('iron', 'Железо', 1),
	('m1', NULL, 0),
	('m2', NULL, 0),
	('m3', NULL, 0),
	('m4', NULL, 0),
	('m5', NULL, 0),
	('m6', NULL, 0),
	('m7', NULL, 0),
	('magnesium', 'Магний', 1),
	('nickel', 'Никель', 1),
	('titan', 'Титан', 1);
/*!40000 ALTER TABLE `resources` ENABLE KEYS */;


-- Дамп структуры для таблица magellan.technologies
DROP TABLE IF EXISTS `technologies`;
CREATE TABLE IF NOT EXISTS `technologies` (
  `id` int(11) NOT NULL AUTO_INCREMENT,
  `name` varchar(100) NOT NULL,
  `opened_at` datetime DEFAULT NULL,
  `level` int(11) NOT NULL DEFAULT '1',
  PRIMARY KEY (`id`)
) ENGINE=InnoDB DEFAULT CHARSET=utf8;

-- Дамп данных таблицы magellan.technologies: ~0 rows (приблизительно)
/*!40000 ALTER TABLE `technologies` DISABLE KEYS */;
/*!40000 ALTER TABLE `technologies` ENABLE KEYS */;


-- Дамп структуры для таблица magellan.tech_effects
DROP TABLE IF EXISTS `tech_effects`;
CREATE TABLE IF NOT EXISTS `tech_effects` (
  `tech_id` int(11) NOT NULL,
  `node_code` varchar(30) NOT NULL,
  `parameter_code` varchar(30) NOT NULL,
  `value` float NOT NULL,
  PRIMARY KEY (`tech_id`,`node_code`,`parameter_code`),
  KEY `FK_tech_effects_node_types` (`node_code`),
  KEY `FK_tech_effects_parameters_list` (`parameter_code`),
  CONSTRAINT `FK_tech_effects_node_types` FOREIGN KEY (`node_code`) REFERENCES `node_types` (`code`),
  CONSTRAINT `FK_tech_effects_parameters_list` FOREIGN KEY (`parameter_code`) REFERENCES `parameters_list` (`code`),
  CONSTRAINT `FK_tech_effects_technologies` FOREIGN KEY (`tech_id`) REFERENCES `technologies` (`id`)
) ENGINE=InnoDB DEFAULT CHARSET=utf8 COMMENT='Эффекты технологии';

-- Дамп данных таблицы magellan.tech_effects: ~0 rows (приблизительно)
/*!40000 ALTER TABLE `tech_effects` DISABLE KEYS */;
/*!40000 ALTER TABLE `tech_effects` ENABLE KEYS */;


-- Дамп структуры для таблица magellan.tech_inventors
DROP TABLE IF EXISTS `tech_inventors`;
CREATE TABLE IF NOT EXISTS `tech_inventors` (
  `tech_id` int(11) NOT NULL,
  `company` enum('mst','mat','kkg','gd','pre') NOT NULL,
  PRIMARY KEY (`tech_id`,`company`)
) ENGINE=InnoDB DEFAULT CHARSET=utf8;

-- Дамп данных таблицы magellan.tech_inventors: ~0 rows (приблизительно)
/*!40000 ALTER TABLE `tech_inventors` DISABLE KEYS */;
/*!40000 ALTER TABLE `tech_inventors` ENABLE KEYS */;


-- Дамп структуры для таблица magellan.tech_point_cost
DROP TABLE IF EXISTS `tech_point_cost`;
CREATE TABLE IF NOT EXISTS `tech_point_cost` (
  `tech_id` int(11) NOT NULL,
  `resource_id` int(11) NOT NULL,
  `amount` float NOT NULL,
  KEY `Индекс 1` (`tech_id`),
  CONSTRAINT `FK__technologies` FOREIGN KEY (`tech_id`) REFERENCES `technologies` (`id`)
) ENGINE=InnoDB DEFAULT CHARSET=utf8 COMMENT='Стоимость одного поинта технологии';

-- Дамп данных таблицы magellan.tech_point_cost: ~0 rows (приблизительно)
/*!40000 ALTER TABLE `tech_point_cost` DISABLE KEYS */;
/*!40000 ALTER TABLE `tech_point_cost` ENABLE KEYS */;


-- Дамп структуры для таблица magellan.users
DROP TABLE IF EXISTS `users`;
CREATE TABLE IF NOT EXISTS `users` (
  `id` int(11) NOT NULL AUTO_INCREMENT,
  `name` varchar(128) NOT NULL DEFAULT '' COMMENT 'Имя',
  `company_id` int(11) DEFAULT NULL COMMENT 'id компании (для менеджеров и прочих)',
  `is_active` tinyint(4) NOT NULL DEFAULT '1',
  PRIMARY KEY (`id`),
  KEY `fk_company_id` (`company_id`),
  CONSTRAINT `fk_company_id` FOREIGN KEY (`company_id`) REFERENCES `companies` (`id`) ON UPDATE CASCADE
) ENGINE=InnoDB AUTO_INCREMENT=9150 DEFAULT CHARSET=utf8 COMMENT='Пользователи системы';

-- Дамп данных таблицы magellan.users: ~150 rows (приблизительно)
/*!40000 ALTER TABLE `users` DISABLE KEYS */;
INSERT IGNORE INTO `users` (`id`, `name`, `company_id`, `is_active`) VALUES
	(1, 'Мик Джаггер', NULL, 1),
	(2, 'Пол МакКартни', NULL, 1),
	(3, 'Майкл Джексон', NULL, 1),
	(4, 'Дженнис Джоплин', NULL, 1),
	(5, 'Ума Турман', 3, 1),
	(6, 'Фредди Меркьюри', NULL, 1),
	(7, 'Тина Тернер', NULL, 1),
	(8000, 'Геннадий Лавров', NULL, 0),
	(9000, 'Геннадий Лавров', NULL, 1),
	(9008, 'Геннадий Лавров', NULL, 1),
	(9009, 'Геннадий Лавров', NULL, 1),
	(9010, 'Геннадий Лавров', NULL, 1),
	(9011, 'Геннадий Лавров', NULL, 1),
	(9012, 'Геннадий Лавров', NULL, 1),
	(9013, 'Геннадий Лавров', NULL, 1),
	(9014, 'Геннадий Лавров', NULL, 1),
	(9015, 'Геннадий Лавров', NULL, 1),
	(9016, 'Геннадий Лавров', NULL, 1),
	(9017, 'Геннадий Лавров', NULL, 1),
	(9018, 'Геннадий Лавров', NULL, 1),
	(9019, 'Геннадий Лавров', NULL, 1),
	(9020, 'Геннадий Лавров', NULL, 1),
	(9021, 'Геннадий Лавров', NULL, 1),
	(9022, 'Геннадий Лавров', NULL, 1),
	(9024, 'Геннадий Лавров', NULL, 1),
	(9025, 'Геннадий Лавров', NULL, 1),
	(9026, 'Геннадий Лавров', NULL, 1),
	(9027, 'Геннадий Лавров', NULL, 1),
	(9028, 'Геннадий Лавров', NULL, 1),
	(9029, 'Геннадий Лавров', NULL, 1),
	(9030, 'Геннадий Лавров', NULL, 1),
	(9031, 'Геннадий Лавров', NULL, 1),
	(9032, 'Геннадий Лавров', NULL, 1),
	(9033, 'Геннадий Лавров', NULL, 1),
	(9034, 'Геннадий Лавров', NULL, 1),
	(9035, 'Геннадий Лавров', NULL, 1),
	(9036, 'Геннадий Лавров', NULL, 1),
	(9037, 'Геннадий Лавров', NULL, 1),
	(9038, 'Геннадий Лавров', NULL, 1),
	(9039, 'Геннадий Лавров', NULL, 1),
	(9040, 'Геннадий Лавров', NULL, 1),
	(9041, 'Геннадий Лавров', NULL, 1),
	(9042, 'Геннадий Лавров', NULL, 1),
	(9043, 'Геннадий Лавров', NULL, 1),
	(9044, 'Геннадий Лавров', NULL, 1),
	(9045, 'Геннадий Лавров', NULL, 1),
	(9046, 'Геннадий Лавров', NULL, 1),
	(9047, 'Геннадий Лавров', NULL, 1),
	(9048, 'Геннадий Лавров', NULL, 1),
	(9049, 'Геннадий Лавров', NULL, 1),
	(9050, 'Геннадий Лавров', NULL, 1),
	(9051, 'Геннадий Лавров', NULL, 1),
	(9052, 'Геннадий Лавров', NULL, 1),
	(9053, 'Геннадий Лавров', NULL, 1),
	(9054, 'Геннадий Лавров', NULL, 1),
	(9055, 'Геннадий Лавров', NULL, 1),
	(9056, 'Геннадий Лавров', NULL, 1),
	(9057, 'Геннадий Лавров', NULL, 1),
	(9058, 'Геннадий Лавров', NULL, 1),
	(9059, 'Геннадий Лавров', NULL, 1),
	(9060, 'Геннадий Лавров', NULL, 1),
	(9061, 'Геннадий Лавров', NULL, 1),
	(9062, 'Геннадий Лавров', NULL, 1),
	(9063, 'Геннадий Лавров', NULL, 1),
	(9064, 'Геннадий Лавров', NULL, 1),
	(9065, 'Геннадий Лавров', NULL, 1),
	(9066, 'Геннадий Лавров', NULL, 1),
	(9067, 'Геннадий Лавров', NULL, 1),
	(9068, 'Геннадий Лавров', NULL, 1),
	(9069, 'Геннадий Лавров', NULL, 1),
	(9070, 'Геннадий Лавров', NULL, 1),
	(9071, 'Геннадий Лавров', NULL, 1),
	(9072, 'Геннадий Лавров', NULL, 1),
	(9073, 'Геннадий Лавров', NULL, 1),
	(9074, 'Геннадий Лавров', NULL, 1),
	(9075, 'Геннадий Лавров', NULL, 1),
	(9076, 'Геннадий Лавров', NULL, 1),
	(9077, 'Геннадий Лавров', NULL, 1),
	(9078, 'Геннадий Лавров', NULL, 1),
	(9079, 'Геннадий Лавров', NULL, 1),
	(9080, 'Геннадий Лавров', NULL, 1),
	(9081, 'Геннадий Лавров', NULL, 1),
	(9082, 'Геннадий Лавров', NULL, 1),
	(9083, 'Геннадий Лавров', NULL, 1),
	(9084, 'Геннадий Лавров', NULL, 1),
	(9085, 'Геннадий Лавров', NULL, 1),
	(9086, 'Геннадий Лавров', NULL, 1),
	(9087, 'Геннадий Лавров', NULL, 1),
	(9088, 'Геннадий Лавров', NULL, 1),
	(9089, 'Геннадий Лавров', NULL, 1),
	(9090, 'Геннадий Лавров', NULL, 1),
	(9091, 'Геннадий Лавров', NULL, 1),
	(9092, 'Геннадий Лавров', NULL, 1),
	(9093, 'Геннадий Лавров', NULL, 1),
	(9094, 'Геннадий Лавров', NULL, 1),
	(9095, 'Геннадий Лавров', NULL, 1),
	(9096, 'Геннадий Лавров', NULL, 1),
	(9097, 'Геннадий Лавров', NULL, 1),
	(9098, 'Геннадий Лавров', NULL, 1),
	(9099, 'Геннадий Лавров', NULL, 1),
	(9100, 'Геннадий Лавров', NULL, 1),
	(9101, 'Геннадий Лавров', NULL, 1),
	(9102, 'Геннадий Лавров', NULL, 1),
	(9103, 'Геннадий Лавров', NULL, 1),
	(9104, 'Геннадий Лавров', NULL, 1),
	(9105, 'Геннадий Лавров', NULL, 1),
	(9106, 'Геннадий Лавров', NULL, 1),
	(9107, 'Геннадий Лавров', NULL, 1),
	(9108, 'Геннадий Лавров', NULL, 1),
	(9109, 'Геннадий Лавров', NULL, 1),
	(9110, 'Геннадий Лавров', NULL, 1),
	(9111, 'Геннадий Лавров', NULL, 1),
	(9112, 'Геннадий Лавров', NULL, 1),
	(9113, 'Геннадий Лавров', NULL, 1),
	(9114, 'Геннадий Лавров', NULL, 1),
	(9115, 'Геннадий Лавров', NULL, 1),
	(9116, 'Геннадий Лавров', NULL, 1),
	(9117, 'Геннадий Лавров', NULL, 1),
	(9118, 'Геннадий Лавров', NULL, 1),
	(9119, 'Геннадий Лавров', NULL, 1),
	(9120, 'Геннадий Лавров', NULL, 1),
	(9121, 'Геннадий Лавров', NULL, 1),
	(9122, 'Геннадий Лавров', NULL, 1),
	(9123, 'Геннадий Лавров', NULL, 1),
	(9124, 'Геннадий Лавров', NULL, 1),
	(9125, 'Геннадий Лавров', NULL, 1),
	(9126, 'Геннадий Лавров', NULL, 1),
	(9127, 'Геннадий Лавров', NULL, 1),
	(9128, 'Геннадий Лавров', NULL, 1),
	(9129, 'Геннадий Лавров', NULL, 1),
	(9130, 'Геннадий Лавров', NULL, 1),
	(9131, 'Геннадий Лавров', NULL, 1),
	(9132, 'Геннадий Лавров', NULL, 1),
	(9133, 'Геннадий Лавров', NULL, 1),
	(9134, 'Геннадий Лавров', NULL, 1),
	(9135, 'Геннадий Лавров', NULL, 1),
	(9136, 'Геннадий Лавров', NULL, 1),
	(9137, 'Геннадий Лавров', NULL, 1),
	(9138, 'Геннадий Лавров', NULL, 1),
	(9139, 'Геннадий Лавров', NULL, 1),
	(9140, 'Геннадий Лавров', NULL, 1),
	(9141, 'Геннадий Лавров', NULL, 1),
	(9142, 'Геннадий Лавров', NULL, 1),
	(9143, 'Геннадий Лавров', NULL, 1),
	(9144, 'Геннадий Лавров', NULL, 1),
	(9145, 'Геннадий Лавров', NULL, 1),
	(9146, 'Геннадий Лавров', NULL, 1),
	(9147, 'Геннадий Лавров', NULL, 1),
	(9148, 'Геннадий Лавров', NULL, 1),
	(9149, 'Геннадий Лавров', NULL, 1);
/*!40000 ALTER TABLE `users` ENABLE KEYS */;


-- Дамп структуры для представление magellan.v_model_params
DROP VIEW IF EXISTS `v_model_params`;
-- Создание временной таблицы для обработки ошибок зависимостей представлений
CREATE TABLE `v_model_params` (
	`model_id` INT(11) NOT NULL,
	`parameter_code` VARCHAR(50) NOT NULL COLLATE 'utf8_general_ci',
	`value` DOUBLE(19,2) NULL
) ENGINE=MyISAM;


-- Дамп структуры для представление magellan.v_node_parameter_list
DROP VIEW IF EXISTS `v_node_parameter_list`;
-- Создание временной таблицы для обработки ошибок зависимостей представлений
CREATE TABLE `v_node_parameter_list` (
	`node_code` VARCHAR(50) NOT NULL COLLATE 'utf8_general_ci',
	`node_name` VARCHAR(50) NOT NULL COLLATE 'utf8_general_ci',
	`param_code` VARCHAR(50) NOT NULL COLLATE 'utf8_general_ci',
	`param_name` VARCHAR(50) NOT NULL COLLATE 'utf8_general_ci',
	`param_short_name` VARCHAR(50) NOT NULL COLLATE 'utf8_general_ci'
) ENGINE=MyISAM;


-- Дамп структуры для представление magellan.v_model_params
DROP VIEW IF EXISTS `v_model_params`;
-- Удаление временной таблицы и создание окончательной структуры представления
DROP TABLE IF EXISTS `v_model_params`;
CREATE ALGORITHM=UNDEFINED DEFINER=`root`@`localhost` VIEW `v_model_params` AS select 
	m.id as model_id,
	mhp.parameter_code, 
	round(
		coalesce(mp.value, mhp.def_value)*
		if(m.size='small', mhp.mult_small, if(m.size='large', mhp.mult_large,1))
	,2) value
from models m
join model_has_parameters mhp on m.node_type_code = mhp.node_code
left join model_parameters mp on mhp.parameter_code = mp.parameter_code and mp.model_id = m.id ;


-- Дамп структуры для представление magellan.v_node_parameter_list
DROP VIEW IF EXISTS `v_node_parameter_list`;
-- Удаление временной таблицы и создание окончательной структуры представления
DROP TABLE IF EXISTS `v_node_parameter_list`;
CREATE ALGORITHM=UNDEFINED DEFINER=`root`@`localhost` VIEW `v_node_parameter_list` AS SELECT nt.code node_code, 
	nt.name node_name,
	p.code param_code,
	p.name param_name,
	p.short_name param_short_name
from node_types nt
join model_has_parameters np on nt.code = np.node_code
join parameters_list p on np.parameter_code = p.code ;
/*!40101 SET SQL_MODE=IFNULL(@OLD_SQL_MODE, '') */;
/*!40014 SET FOREIGN_KEY_CHECKS=IF(@OLD_FOREIGN_KEY_CHECKS IS NULL, 1, @OLD_FOREIGN_KEY_CHECKS) */;
/*!40101 SET CHARACTER_SET_CLIENT=@OLD_CHARACTER_SET_CLIENT */;
