-- --------------------------------------------------------
-- Хост:                         127.0.0.1
-- Версия сервера:               10.1.22-MariaDB - mariadb.org binary distribution
-- ОС Сервера:                   Win32
-- HeidiSQL Версия:              9.3.0.4984
-- --------------------------------------------------------

/*!40101 SET @OLD_CHARACTER_SET_CLIENT=@@CHARACTER_SET_CLIENT */;
/*!40101 SET NAMES utf8mb4 */;
/*!40014 SET @OLD_FOREIGN_KEY_CHECKS=@@FOREIGN_KEY_CHECKS, FOREIGN_KEY_CHECKS=0 */;
/*!40101 SET @OLD_SQL_MODE=@@SQL_MODE, SQL_MODE='NO_AUTO_VALUE_ON_ZERO' */;

-- Дамп структуры базы данных magellan
DROP DATABASE IF EXISTS `magellan`;
CREATE DATABASE IF NOT EXISTS `magellan` /*!40100 DEFAULT CHARACTER SET utf8 */;
USE `magellan`;


-- Дамп структуры для таблица magellan.base_freq_vectors
DROP TABLE IF EXISTS `base_freq_vectors`;
CREATE TABLE IF NOT EXISTS `base_freq_vectors` (
  `company` enum('mst','mat','gd','pre','kkg') NOT NULL,
  `node_code` varchar(50) NOT NULL,
  `level` int(11) NOT NULL,
  `size` enum('small','medium','large') NOT NULL,
  `vector` varchar(16) NOT NULL,
  `correction` varchar(5) DEFAULT NULL
) ENGINE=InnoDB DEFAULT CHARSET=utf8 COMMENT='Базовые частотные вектора разных компаний на разных уровнях';

-- Дамп данных таблицы magellan.base_freq_vectors: ~1 200 rows (приблизительно)
/*!40000 ALTER TABLE `base_freq_vectors` DISABLE KEYS */;
INSERT IGNORE INTO `base_freq_vectors` (`company`, `node_code`, `level`, `size`, `vector`, `correction`) VALUES
	('mst', 'march_engine', 0, 'small', '1111110001111101', 'd'),
	('mst', 'march_engine', 0, 'medium', '1010100100101000', ''),
	('mst', 'march_engine', 0, 'large', '0101011001111101', 'A+d'),
	('mst', 'march_engine', 1, 'small', '0110100111101000', 'Cb'),
	('mst', 'march_engine', 1, 'medium', '0110010111100100', 'C'),
	('mst', 'march_engine', 1, 'large', '1001010100010100', 'B'),
	('mst', 'march_engine', 2, 'small', '1100111110110001', 'd'),
	('mst', 'march_engine', 2, 'medium', '1001101011100100', 'A'),
	('mst', 'march_engine', 2, 'large', '0010000101011111', 'c+D'),
	('mst', 'march_engine', 3, 'small', '0000001101111101', 'd'),
	('mst', 'march_engine', 3, 'medium', '0101011000101000', 'C'),
	('mst', 'march_engine', 3, 'large', '0000100101110111', 'd+b'),
	('mst', 'march_engine', 4, 'small', '1001101011010111', 'AC'),
	('mst', 'march_engine', 4, 'medium', '0101011011010111', 'a'),
	('mst', 'march_engine', 4, 'large', '0101100111011000', 'b'),
	('mst', 'march_engine', 5, 'small', '1010011011011000', 'a'),
	('mst', 'march_engine', 5, 'medium', '1010011000100111', 'B'),
	('mst', 'march_engine', 5, 'large', '0101011000100111', 'BA'),
	('mst', 'march_engine', 6, 'small', '1010011000100111', 'b'),
	('mst', 'march_engine', 6, 'medium', '1010100100101000', 'b'),
	('mst', 'march_engine', 6, 'large', '0101011010000010', 'A+D'),
	('mst', 'march_engine', 7, 'small', '0101011011010111', 'b'),
	('mst', 'march_engine', 7, 'medium', '0101100111011000', 'B'),
	('mst', 'march_engine', 7, 'large', '0101001111010010', 'Db'),
	('mst', 'march_engine', 8, 'small', '0110101000010100', 'A'),
	('mst', 'march_engine', 8, 'medium', '1001010100010100', 'C'),
	('mst', 'march_engine', 8, 'large', '1001101000010100', 'Ab'),
	('mst', 'march_engine', 9, 'small', '0010111001010000', 'c+D'),
	('mst', 'march_engine', 9, 'medium', '1001010111101011', 'a'),
	('mst', 'march_engine', 9, 'large', '0011111101000001', 'D'),
	('mst', 'warp_engine', 0, 'small', '1110101011001110', 'a'),
	('mst', 'warp_engine', 0, 'medium', '1110101000110001', ''),
	('mst', 'warp_engine', 0, 'large', '0101000110001010', 'D+c'),
	('mst', 'warp_engine', 1, 'small', '0100010101100001', 'dB'),
	('mst', 'warp_engine', 1, 'medium', '0001010100110001', 'A'),
	('mst', 'warp_engine', 1, 'large', '1110101000110001', 'A'),
	('mst', 'warp_engine', 2, 'small', '0001010100110001', 'c'),
	('mst', 'warp_engine', 2, 'medium', '0010011000000010', 'c'),
	('mst', 'warp_engine', 2, 'large', '0010011011001110', 'Ca'),
	('mst', 'warp_engine', 3, 'small', '0010001111111000', 'B+D'),
	('mst', 'warp_engine', 3, 'medium', '1101100100000010', 'A'),
	('mst', 'warp_engine', 3, 'large', '0010100111110010', 'B'),
	('mst', 'warp_engine', 4, 'small', '1101010100001110', 'BC'),
	('mst', 'warp_engine', 4, 'medium', '0001010111001110', 'C'),
	('mst', 'warp_engine', 4, 'large', '0001010100110001', 'a'),
	('mst', 'warp_engine', 5, 'small', '0000101111010000', 'cd'),
	('mst', 'warp_engine', 5, 'medium', '0001101011000001', 'b'),
	('mst', 'warp_engine', 5, 'large', '0100111110010100', 'd'),
	('mst', 'warp_engine', 6, 'small', '0111110010100111', 'c'),
	('mst', 'warp_engine', 6, 'medium', '0100111110010100', 'd'),
	('mst', 'warp_engine', 6, 'large', '1111010000101111', 'D+c'),
	('mst', 'warp_engine', 7, 'small', '1110010101101011', 'A+D'),
	('mst', 'warp_engine', 7, 'medium', '0001101011000001', 'd'),
	('mst', 'warp_engine', 7, 'large', '0001101000111110', 'a'),
	('mst', 'warp_engine', 8, 'small', '0001101011000001', 'd'),
	('mst', 'warp_engine', 8, 'medium', '0100111110010100', 'd'),
	('mst', 'warp_engine', 8, 'large', '0100111110011011', 'ba'),
	('mst', 'warp_engine', 9, 'small', '1101011000001101', 'c'),
	('mst', 'warp_engine', 9, 'medium', '1110010100111110', 'D'),
	('mst', 'warp_engine', 9, 'large', '0110110110110110', 'DC'),
	('mst', 'shunter', 0, 'small', '1111010011010111', 'b'),
	('mst', 'shunter', 0, 'medium', '1111101111011000', ''),
	('mst', 'shunter', 0, 'large', '0011101100011000', 'CB'),
	('mst', 'shunter', 1, 'small', '1111101111011000', 'C'),
	('mst', 'shunter', 1, 'medium', '0011011100010100', 'C'),
	('mst', 'shunter', 1, 'large', '0011110100011110', 'bD'),
	('mst', 'shunter', 2, 'small', '0101000101110010', 'C'),
	('mst', 'shunter', 2, 'medium', '1001110110111110', 'D'),
	('mst', 'shunter', 2, 'large', '1110101011001001', 'd+c'),
	('mst', 'shunter', 3, 'small', '0110001001000001', 'd'),
	('mst', 'shunter', 3, 'medium', '0011011100010100', 'D'),
	('mst', 'shunter', 3, 'large', '0000010000010100', 'Ac'),
	('mst', 'shunter', 4, 'small', '0011011100011011', 'a+B'),
	('mst', 'shunter', 4, 'medium', '1100011111100100', 'B'),
	('mst', 'shunter', 4, 'large', '1100100011101011', 'b'),
	('mst', 'shunter', 5, 'small', '1100011100010100', 'ab'),
	('mst', 'shunter', 5, 'medium', '1100011100011011', 'a'),
	('mst', 'shunter', 5, 'large', '1100011111100100', 'a'),
	('mst', 'shunter', 6, 'small', '0110110101001110', 'A'),
	('mst', 'shunter', 6, 'medium', '1001001001001110', 'd'),
	('mst', 'shunter', 6, 'large', '1011000001101100', 'cD'),
	('mst', 'shunter', 7, 'small', '1010111001110010', 'c'),
	('mst', 'shunter', 7, 'medium', '1001110101000001', 'b'),
	('mst', 'shunter', 7, 'large', '0100000010011100', 'C+d'),
	('mst', 'shunter', 8, 'small', '1001110110001101', 'C+A'),
	('mst', 'shunter', 8, 'medium', '0110001001000001', 'A'),
	('mst', 'shunter', 8, 'large', '0101000101110010', 'c'),
	('mst', 'shunter', 9, 'small', '1111101111011000', 'c'),
	('mst', 'shunter', 9, 'medium', '1100100011101011', 'D'),
	('mst', 'shunter', 9, 'large', '1100101111101000', 'cb'),
	('mst', 'radar', 0, 'small', '1100011110111111', 'a'),
	('mst', 'radar', 0, 'medium', '1100011101000000', ''),
	('mst', 'radar', 0, 'large', '0011100010001100', 'C+A'),
	('mst', 'radar', 1, 'small', '1111101101111100', 'C'),
	('mst', 'radar', 1, 'medium', '0011011110110000', 'B'),
	('mst', 'radar', 1, 'large', '1111100001111111', 'b+C'),
	('mst', 'radar', 2, 'small', '1010111000101001', 'c'),
	('mst', 'radar', 2, 'medium', '1001110100011010', 'D'),
	('mst', 'radar', 2, 'large', '0110001011010110', 'A+C'),
	('mst', 'radar', 3, 'small', '0000010010000011', 'c'),
	('mst', 'radar', 3, 'medium', '0011011110110000', 'D'),
	('mst', 'radar', 3, 'large', '1001110101001111', 'D+a'),
	('mst', 'radar', 4, 'small', '0011101110111100', 'b+c'),
	('mst', 'radar', 4, 'medium', '0000010010000011', 'c'),
	('mst', 'radar', 4, 'large', '0000010001111100', 'a'),
	('mst', 'radar', 5, 'small', '0101111011011001', 'D'),
	('mst', 'radar', 5, 'medium', '1111010001110011', 'B'),
	('mst', 'radar', 5, 'large', '1111100001111111', 'bC'),
	('mst', 'radar', 6, 'small', '1100011110111111', 'c'),
	('mst', 'radar', 6, 'medium', '1111010010001100', 'a'),
	('mst', 'radar', 6, 'large', '0011010001001100', 'BC'),
	('mst', 'radar', 7, 'small', '0101111011011001', 'd'),
	('mst', 'radar', 7, 'medium', '0000101110001100', 'A'),
	('mst', 'radar', 7, 'large', '0000101111011001', 'ad'),
	('mst', 'radar', 8, 'small', '0011011110110000', 'C'),
	('mst', 'radar', 8, 'medium', '1111101101111100', 'B'),
	('mst', 'radar', 8, 'large', '0011101110111100', 'BC'),
	('mst', 'radar', 9, 'small', '0011100010111111', 'b'),
	('mst', 'radar', 9, 'medium', '0011011110110000', 'C'),
	('mst', 'radar', 9, 'large', '0011101110111100', 'bC'),
	('mst', 'scaner', 0, 'small', '0101000000110000', 'B'),
	('mst', 'scaner', 0, 'medium', '1010000011000000', ''),
	('mst', 'scaner', 0, 'large', '0110111100001111', 'b+C'),
	('mst', 'scaner', 1, 'small', '1011000100101110', 'dc'),
	('mst', 'scaner', 1, 'medium', '1010000000111111', 'a'),
	('mst', 'scaner', 1, 'large', '0101111100111111', 'A'),
	('mst', 'scaner', 2, 'small', '1010000000111111', 'B'),
	('mst', 'scaner', 2, 'medium', '0101000011001111', 'B'),
	('mst', 'scaner', 2, 'large', '1001111100000000', 'C+b'),
	('mst', 'scaner', 3, 'small', '0011011010101001', 'D'),
	('mst', 'scaner', 3, 'medium', '1001110000000011', 'C'),
	('mst', 'scaner', 3, 'large', '0110001111110011', 'A+B'),
	('mst', 'scaner', 4, 'small', '0011011000000011', 'Da'),
	('mst', 'scaner', 4, 'medium', '0011011010101001', 'D'),
	('mst', 'scaner', 4, 'large', '0110001111111100', 'd'),
	('mst', 'scaner', 5, 'small', '0000011001100110', 'b+C'),
	('mst', 'scaner', 5, 'medium', '1100100110101001', 'A'),
	('mst', 'scaner', 5, 'large', '0000010101100101', 'C'),
	('mst', 'scaner', 6, 'small', '0101000000110000', 'C'),
	('mst', 'scaner', 6, 'medium', '1001110011111100', 'd'),
	('mst', 'scaner', 6, 'large', '0110001100001100', 'A+B'),
	('mst', 'scaner', 7, 'small', '0100000100100001', 'D+C'),
	('mst', 'scaner', 7, 'medium', '1010111111001111', 'c'),
	('mst', 'scaner', 7, 'large', '0110001100000011', 'C'),
	('mst', 'scaner', 8, 'small', '0000101001101010', 'b'),
	('mst', 'scaner', 8, 'medium', '0000010101100101', 'D'),
	('mst', 'scaner', 8, 'large', '0101010100110101', 'Bd'),
	('mst', 'scaner', 9, 'small', '0000010101100101', 'c'),
	('mst', 'scaner', 9, 'medium', '0011011001010110', 'c'),
	('mst', 'scaner', 9, 'large', '0011001101010011', 'bd'),
	('mst', 'fuel_tank', 0, 'small', '0101001100000110', 'B+c'),
	('mst', 'fuel_tank', 0, 'medium', '1010000011110101', ''),
	('mst', 'fuel_tank', 0, 'large', '0101111111110101', 'A'),
	('mst', 'fuel_tank', 1, 'small', '0000010111111010', 'a+d'),
	('mst', 'fuel_tank', 1, 'medium', '0101000000000101', 'B'),
	('mst', 'fuel_tank', 1, 'large', '1010000011110101', 'B'),
	('mst', 'fuel_tank', 2, 'small', '1111010110100000', 'b'),
	('mst', 'fuel_tank', 2, 'medium', '1111101010101111', 'D'),
	('mst', 'fuel_tank', 2, 'large', '0000010101100011', 'A+C'),
	('mst', 'fuel_tank', 3, 'small', '1010000011110101', 'D'),
	('mst', 'fuel_tank', 3, 'medium', '0000101001011111', 'B'),
	('mst', 'fuel_tank', 3, 'large', '0101111110100000', 'd+a'),
	('mst', 'fuel_tank', 4, 'small', '0110110000111001', 'D'),
	('mst', 'fuel_tank', 4, 'medium', '1100011010010011', 'C'),
	('mst', 'fuel_tank', 4, 'large', '1100011001100011', 'aB'),
	('mst', 'fuel_tank', 5, 'small', '0101010100000000', 'd+b'),
	('mst', 'fuel_tank', 5, 'medium', '0000101001011111', 'C'),
	('mst', 'fuel_tank', 5, 'large', '1010000011110101', 'D'),
	('mst', 'fuel_tank', 6, 'small', '1100100110011100', 'B'),
	('mst', 'fuel_tank', 6, 'medium', '0011100101101100', 'c'),
	('mst', 'fuel_tank', 6, 'large', '1111010101101100', 'CA'),
	('mst', 'fuel_tank', 7, 'small', '1001100111001100', 'Bd'),
	('mst', 'fuel_tank', 7, 'medium', '1100100110011100', 'B'),
	('mst', 'fuel_tank', 7, 'large', '0000010101010000', 'C'),
	('mst', 'fuel_tank', 8, 'small', '1111010110100000', 'b'),
	('mst', 'fuel_tank', 8, 'medium', '1111101010101111', 'c'),
	('mst', 'fuel_tank', 8, 'large', '1010111110101111', 'Ad'),
	('mst', 'fuel_tank', 9, 'small', '1100100101100011', 'A'),
	('mst', 'fuel_tank', 9, 'medium', '0011011001100011', 'C'),
	('mst', 'fuel_tank', 9, 'large', '1001011011000011', 'BD'),
	('mst', 'shields', 0, 'small', '0010110010000000', 'C+A'),
	('mst', 'shields', 0, 'medium', '1101001101001100', ''),
	('mst', 'shields', 0, 'large', '0010110001001100', 'A'),
	('mst', 'shields', 1, 'small', '1011010111100110', 'CA'),
	('mst', 'shields', 1, 'medium', '0111100111100110', 'D'),
	('mst', 'shields', 1, 'large', '0010110010110011', 'd'),
	('mst', 'shields', 2, 'small', '0100101000011001', 'aC'),
	('mst', 'shields', 2, 'medium', '0100101011010101', 'c'),
	('mst', 'shields', 2, 'large', '0111100111100110', 'c'),
	('mst', 'shields', 3, 'small', '0001000011011010', 'D+a'),
	('mst', 'shields', 3, 'medium', '1011101000100101', 'B'),
	('mst', 'shields', 3, 'large', '0111011011101001', 'C'),
	('mst', 'shields', 4, 'small', '0100010111011010', 'c'),
	('mst', 'shields', 4, 'medium', '0111011011101001', 'C'),
	('mst', 'shields', 4, 'large', '1000100100011001', 'B+A'),
	('mst', 'shields', 5, 'small', '0001000010111100', 'Ac'),
	('mst', 'shields', 5, 'medium', '0010001110111100', 'd'),
	('mst', 'shields', 5, 'large', '0010001101000011', 'a'),
	('mst', 'shields', 6, 'small', '0010110001001100', 'b'),
	('mst', 'shields', 6, 'medium', '0010001101000011', 'a'),
	('mst', 'shields', 6, 'large', '1101100110111001', 'D+B'),
	('mst', 'shields', 7, 'small', '1000011000010110', 'b+a'),
	('mst', 'shields', 7, 'medium', '1000100111101001', 'D'),
	('mst', 'shields', 7, 'large', '1101110010111100', 'd'),
	('mst', 'shields', 8, 'small', '0100010100010110', 'c+a'),
	('mst', 'shields', 8, 'medium', '0111011011101001', 'A'),
	('mst', 'shields', 8, 'large', '1000100111101001', 'A'),
	('mst', 'shields', 9, 'small', '0000000101100001', 'DC'),
	('mst', 'shields', 9, 'medium', '1000100111101001', 'A'),
	('mst', 'shields', 9, 'large', '0010001101000011', 'D'),
	('mst', 'lss', 0, 'small', '0110011111000110', 'D'),
	('mst', 'lss', 0, 'medium', '1100110101101100', ''),
	('mst', 'lss', 0, 'large', '1100110100111001', 'da'),
	('mst', 'lss', 1, 'small', '0111011000101000', 'dC'),
	('mst', 'lss', 1, 'medium', '0011001001101100', 'A'),
	('mst', 'lss', 1, 'large', '0011110101100011', 'b'),
	('mst', 'lss', 2, 'small', '1100001001100011', 'B'),
	('mst', 'lss', 2, 'medium', '0011001010010011', 'a'),
	('mst', 'lss', 2, 'large', '1111111010010011', 'CA'),
	('mst', 'lss', 3, 'small', '0000000101011111', 'C'),
	('mst', 'lss', 3, 'medium', '1100110110010011', 'A'),
	('mst', 'lss', 3, 'large', '1000100111010111', 'dC'),
	('mst', 'lss', 4, 'small', '0000000101101100', 'CA'),
	('mst', 'lss', 4, 'medium', '1100110101101100', 'a'),
	('mst', 'lss', 4, 'large', '1111111001011111', 'c'),
	('mst', 'lss', 5, 'small', '1001110100111100', 'd+b'),
	('mst', 'lss', 5, 'medium', '1100001001100011', 'b'),
	('mst', 'lss', 5, 'large', '0110100011001001', 'D'),
	('mst', 'lss', 6, 'small', '1111000110101111', 'A'),
	('mst', 'lss', 6, 'medium', '0000111010101111', 'C'),
	('mst', 'lss', 6, 'large', '0000111010100000', 'ab'),
	('mst', 'lss', 7, 'small', '0010110001110010', 'd+C'),
	('mst', 'lss', 7, 'medium', '1111000110101111', 'A'),
	('mst', 'lss', 7, 'large', '0000000101011111', 'B'),
	('mst', 'lss', 8, 'small', '0000000110100000', 'b'),
	('mst', 'lss', 8, 'medium', '0000111010101111', 'A'),
	('mst', 'lss', 8, 'large', '1111000111111010', 'd+A'),
	('mst', 'lss', 9, 'small', '0000111001011111', 'b+a'),
	('mst', 'lss', 9, 'medium', '0000000110100000', 'b'),
	('mst', 'lss', 9, 'large', '0000111010101111', 'b'),
	('mat', 'march_engine', 0, 'small', '0101101111010110', 'B'),
	('mat', 'march_engine', 0, 'medium', '1010101100100110', ''),
	('mat', 'march_engine', 0, 'large', '0101010011101010', 'A+C'),
	('mat', 'march_engine', 1, 'small', '0110010000010110', 'cB'),
	('mat', 'march_engine', 1, 'medium', '0101010000100110', 'A'),
	('mat', 'march_engine', 1, 'large', '0000000101110011', 'd'),
	('mat', 'march_engine', 2, 'small', '1001100000010101', 'c'),
	('mat', 'march_engine', 2, 'medium', '1010101100100110', 'A'),
	('mat', 'march_engine', 2, 'large', '1001100011011001', 'a+c'),
	('mat', 'march_engine', 3, 'small', '0000000111011001', 'a+d'),
	('mat', 'march_engine', 3, 'medium', '0101010000100110', 'A'),
	('mat', 'march_engine', 3, 'large', '0000000101110011', 'd'),
	('mat', 'march_engine', 4, 'small', '1111111001110011', 'A'),
	('mat', 'march_engine', 4, 'medium', '0000000101110011', 'd'),
	('mat', 'march_engine', 4, 'large', '1111000101110011', 'BA'),
	('mat', 'march_engine', 5, 'small', '0000000101110011', 'C'),
	('mat', 'march_engine', 5, 'medium', '1100110110111111', 'C'),
	('mat', 'march_engine', 5, 'large', '0011001001110011', 'C+A'),
	('mat', 'march_engine', 6, 'small', '1001100000010101', 'D'),
	('mat', 'march_engine', 6, 'medium', '0011001010111111', 'A'),
	('mat', 'march_engine', 6, 'large', '0110110111100000', 'b+d'),
	('mat', 'march_engine', 7, 'small', '0011001010111111', 'd'),
	('mat', 'march_engine', 7, 'medium', '0110011111101010', 'd'),
	('mat', 'march_engine', 7, 'large', '1100100001000101', 'b+D'),
	('mat', 'march_engine', 8, 'small', '0001000010011101', 'c+D'),
	('mat', 'march_engine', 8, 'medium', '1010101100100110', 'C'),
	('mat', 'march_engine', 8, 'large', '1111111001110011', 'd'),
	('mat', 'march_engine', 9, 'small', '0110100011100101', 'B'),
	('mat', 'march_engine', 9, 'medium', '1001100000010101', 'c'),
	('mat', 'march_engine', 9, 'large', '0010001110101110', 'c+D'),
	('mat', 'warp_engine', 0, 'small', '0110101011100010', 'B+a'),
	('mat', 'warp_engine', 0, 'medium', '1001101000011101', ''),
	('mat', 'warp_engine', 0, 'large', '0110101011101101', 'B'),
	('mat', 'warp_engine', 1, 'small', '1100000001000111', 'b'),
	('mat', 'warp_engine', 1, 'medium', '1100111101001000', 'd'),
	('mat', 'warp_engine', 1, 'large', '1011100000111111', 'c+d'),
	('mat', 'warp_engine', 2, 'small', '0011000010110111', 'a'),
	('mat', 'warp_engine', 2, 'medium', '0011000001001000', 'A'),
	('mat', 'warp_engine', 2, 'large', '1111110010110111', 'a+C'),
	('mat', 'warp_engine', 3, 'small', '1111110010110111', 'ac'),
	('mat', 'warp_engine', 3, 'medium', '1111110010000100', 'C'),
	('mat', 'warp_engine', 3, 'large', '0000110001110100', 'B'),
	('mat', 'warp_engine', 4, 'small', '0000110010001011', 'A'),
	('mat', 'warp_engine', 4, 'medium', '1111001110001011', 'b'),
	('mat', 'warp_engine', 4, 'large', '0000000001111000', 'B+c'),
	('mat', 'warp_engine', 5, 'small', '0000001110110111', 'aC'),
	('mat', 'warp_engine', 5, 'medium', '0000001101111011', 'B'),
	('mat', 'warp_engine', 5, 'large', '0101011000101110', 'd'),
	('mat', 'warp_engine', 6, 'small', '0101001100101011', 'DB'),
	('mat', 'warp_engine', 6, 'medium', '1111001110001011', 'B'),
	('mat', 'warp_engine', 6, 'large', '0101100100100001', 'D'),
	('mat', 'warp_engine', 7, 'small', '1111001110001011', 'D'),
	('mat', 'warp_engine', 7, 'medium', '0101100100100001', 'D'),
	('mat', 'warp_engine', 7, 'large', '0110011000011110', 'c+b'),
	('mat', 'warp_engine', 8, 'small', '1010011001110100', 'da'),
	('mat', 'warp_engine', 8, 'medium', '1010011000100001', 'A'),
	('mat', 'warp_engine', 8, 'large', '0000110010001011', 'D'),
	('mat', 'warp_engine', 9, 'small', '0000110001110100', 'A'),
	('mat', 'warp_engine', 9, 'medium', '1111001101110100', 'd'),
	('mat', 'warp_engine', 9, 'large', '0000001101110100', 'AB'),
	('mat', 'shunter', 0, 'small', '0010010001000100', 'C'),
	('mat', 'shunter', 0, 'medium', '1110100010001000', ''),
	('mat', 'shunter', 0, 'large', '1011110110001000', 'Ad'),
	('mat', 'shunter', 1, 'small', '1101101101001011', 'aB'),
	('mat', 'shunter', 1, 'medium', '1101101110111011', 'c'),
	('mat', 'shunter', 1, 'large', '0111000100010001', 'D'),
	('mat', 'shunter', 2, 'small', '1101010001001011', 'a'),
	('mat', 'shunter', 2, 'medium', '1101010010110100', 'b'),
	('mat', 'shunter', 2, 'large', '1000000101001011', 'd+a'),
	('mat', 'shunter', 3, 'small', '1000000101001011', 'D+a'),
	('mat', 'shunter', 3, 'medium', '0010101110110100', 'A'),
	('mat', 'shunter', 3, 'large', '1110011101111000', 'C'),
	('mat', 'shunter', 4, 'small', '1101111001000001', 'd+b'),
	('mat', 'shunter', 4, 'medium', '1000000100011110', 'D'),
	('mat', 'shunter', 4, 'large', '1000111000010001', 'b'),
	('mat', 'shunter', 5, 'small', '0111101111100100', 'D+b'),
	('mat', 'shunter', 5, 'medium', '1101010001001011', 'd'),
	('mat', 'shunter', 5, 'large', '1000000100011110', 'd'),
	('mat', 'shunter', 6, 'small', '1000010000011011', 'bd'),
	('mat', 'shunter', 6, 'medium', '1000000100011110', 'd'),
	('mat', 'shunter', 6, 'large', '0111111000011110', 'A'),
	('mat', 'shunter', 7, 'small', '1000000100011110', 'D'),
	('mat', 'shunter', 7, 'medium', '0010101110110100', 'D'),
	('mat', 'shunter', 7, 'large', '0111111010110100', 'dA'),
	('mat', 'shunter', 8, 'small', '0100110111010010', 'c'),
	('mat', 'shunter', 8, 'medium', '0111111011100001', 'd'),
	('mat', 'shunter', 8, 'large', '0111001011101101', 'bC'),
	('mat', 'shunter', 9, 'small', '1011110100100010', 'c'),
	('mat', 'shunter', 9, 'medium', '1000111000010001', 'B'),
	('mat', 'shunter', 9, 'large', '0111010011101011', 'D+B'),
	('mat', 'radar', 0, 'small', '1001101000100000', 'cA'),
	('mat', 'radar', 0, 'medium', '1010100100100000', ''),
	('mat', 'radar', 0, 'large', '0000001110001010', 'D'),
	('mat', 'radar', 1, 'small', '1111001101111010', 'B'),
	('mat', 'radar', 1, 'medium', '0000001110001010', 'D'),
	('mat', 'radar', 1, 'large', '0000001100100000', 'Da'),
	('mat', 'radar', 2, 'small', '0000111101111001', 'bC'),
	('mat', 'radar', 2, 'medium', '0000001101110101', 'a'),
	('mat', 'radar', 2, 'large', '1100111110111001', 'C'),
	('mat', 'radar', 3, 'small', '0000111101111001', 'bc'),
	('mat', 'radar', 3, 'medium', '0000110001111010', 'b'),
	('mat', 'radar', 3, 'large', '1111001101111010', 'A'),
	('mat', 'radar', 4, 'small', '1010011000101111', 'D'),
	('mat', 'radar', 4, 'medium', '0000110010000101', 'a'),
	('mat', 'radar', 4, 'large', '1110001001101011', 'C+D'),
	('mat', 'radar', 5, 'small', '0011000010110110', 'B+a'),
	('mat', 'radar', 5, 'medium', '1100000001001001', 'C'),
	('mat', 'radar', 5, 'large', '1111001101111010', 'c'),
	('mat', 'radar', 6, 'small', '0110101000011100', 'a'),
	('mat', 'radar', 6, 'medium', '0110101011100011', 'D'),
	('mat', 'radar', 6, 'large', '1001010101001001', 'D+A'),
	('mat', 'radar', 7, 'small', '0110000011101001', 'BD'),
	('mat', 'radar', 7, 'medium', '1100000001001001', 'D'),
	('mat', 'radar', 7, 'large', '0000110010000101', 'C'),
	('mat', 'radar', 8, 'small', '0101100111010000', 'C'),
	('mat', 'radar', 8, 'medium', '1001010100011100', 'd'),
	('mat', 'radar', 8, 'large', '0101100111100011', 'a+C'),
	('mat', 'radar', 9, 'small', '0000110010000101', 'D'),
	('mat', 'radar', 9, 'medium', '1010011000101111', 'c'),
	('mat', 'radar', 9, 'large', '0010111010100111', 'DC'),
	('mat', 'scaner', 0, 'small', '1010010001101001', 'd'),
	('mat', 'scaner', 0, 'medium', '1111000100111100', ''),
	('mat', 'scaner', 0, 'large', '0011000111111100', 'CB'),
	('mat', 'scaner', 1, 'small', '0011111011110011', 'BC'),
	('mat', 'scaner', 1, 'medium', '1111111000110011', 'b'),
	('mat', 'scaner', 1, 'large', '1100110100000000', 'c'),
	('mat', 'scaner', 2, 'small', '1111101100110110', 'dB'),
	('mat', 'scaner', 2, 'medium', '1010101101100110', 'd'),
	('mat', 'scaner', 2, 'large', '1001100001010101', 'c'),
	('mat', 'scaner', 3, 'small', '0011001011111111', 'c'),
	('mat', 'scaner', 3, 'medium', '0000000111001100', 'D'),
	('mat', 'scaner', 3, 'large', '0000000100000000', 'aC'),
	('mat', 'scaner', 4, 'small', '0101101110010110', 'D'),
	('mat', 'scaner', 4, 'medium', '1111000100111100', 'B'),
	('mat', 'scaner', 4, 'large', '0000111001101001', 'A+d'),
	('mat', 'scaner', 5, 'small', '1111110111001111', 'Cb'),
	('mat', 'scaner', 5, 'medium', '1111000111000011', 'a'),
	('mat', 'scaner', 5, 'large', '0101101101101001', 'D'),
	('mat', 'scaner', 6, 'small', '0000111000110011', 'A+b'),
	('mat', 'scaner', 6, 'medium', '1111000100111100', 'a'),
	('mat', 'scaner', 6, 'large', '1111111000110011', 'b'),
	('mat', 'scaner', 7, 'small', '0011001011111111', 'C'),
	('mat', 'scaner', 7, 'medium', '1111111000110011', 'b'),
	('mat', 'scaner', 7, 'large', '0000111000110011', 'BA'),
	('mat', 'scaner', 8, 'small', '1011101010001000', 'c+D'),
	('mat', 'scaner', 8, 'medium', '0000000100110011', 'A'),
	('mat', 'scaner', 8, 'large', '1010101110011001', 'D'),
	('mat', 'scaner', 9, 'small', '1000100110111011', 'dC'),
	('mat', 'scaner', 9, 'medium', '1100110111111111', 'C'),
	('mat', 'scaner', 9, 'large', '0011001011111111', 'A'),
	('mat', 'fuel_tank', 0, 'small', '1000011010110001', 'b'),
	('mat', 'fuel_tank', 0, 'medium', '1000100110111110', ''),
	('mat', 'fuel_tank', 0, 'large', '1011101010111110', 'cA'),
	('mat', 'fuel_tank', 1, 'small', '0011001011111010', 'D+c'),
	('mat', 'fuel_tank', 1, 'medium', '1000100101000001', 'a'),
	('mat', 'fuel_tank', 1, 'large', '0100010110001101', 'C'),
	('mat', 'fuel_tank', 2, 'small', '1000100100010100', 'dA'),
	('mat', 'fuel_tank', 2, 'medium', '1101110000010100', 'd'),
	('mat', 'fuel_tank', 2, 'large', '1110111100100111', 'c'),
	('mat', 'fuel_tank', 3, 'small', '0010110001001110', 'A+d'),
	('mat', 'fuel_tank', 3, 'medium', '1101001100011011', 'b'),
	('mat', 'fuel_tank', 3, 'large', '0001111111010111', 'C'),
	('mat', 'fuel_tank', 4, 'small', '1011010101001110', 'a+C'),
	('mat', 'fuel_tank', 4, 'medium', '0111100110110001', 'D'),
	('mat', 'fuel_tank', 4, 'large', '0100101010000010', 'c'),
	('mat', 'fuel_tank', 5, 'small', '1011010110000010', 'a'),
	('mat', 'fuel_tank', 5, 'medium', '1011010101111101', 'C'),
	('mat', 'fuel_tank', 5, 'large', '1100001000001010', 'c+d'),
	('mat', 'fuel_tank', 6, 'small', '1101001110110001', 'DA'),
	('mat', 'fuel_tank', 6, 'medium', '0111100110110001', 'C'),
	('mat', 'fuel_tank', 6, 'large', '1011010101111101', 'C'),
	('mat', 'fuel_tank', 7, 'small', '0000111000111001', 'CD'),
	('mat', 'fuel_tank', 7, 'medium', '1000011010110001', 'A'),
	('mat', 'fuel_tank', 7, 'large', '0111100110110001', 'A'),
	('mat', 'fuel_tank', 8, 'small', '0100101001001110', 'ac'),
	('mat', 'fuel_tank', 8, 'medium', '0100101001111101', 'C'),
	('mat', 'fuel_tank', 8, 'large', '1011010101111101', 'A'),
	('mat', 'fuel_tank', 9, 'small', '1110000000100111', 'aB'),
	('mat', 'fuel_tank', 9, 'medium', '1110000011010111', 'D'),
	('mat', 'fuel_tank', 9, 'large', '1110000000101000', 'a'),
	('mat', 'shields', 0, 'small', '0010100010111111', 'B'),
	('mat', 'shields', 0, 'medium', '1101100001001111', ''),
	('mat', 'shields', 0, 'large', '1101100000011010', 'ad'),
	('mat', 'shields', 1, 'small', '1101100001111100', 'Ca'),
	('mat', 'shields', 1, 'medium', '1101100010110000', 'a'),
	('mat', 'shields', 1, 'large', '0010011110110000', 'A'),
	('mat', 'shields', 2, 'small', '0111001011100101', 'd'),
	('mat', 'shields', 2, 'medium', '0010011110110000', 'A'),
	('mat', 'shields', 2, 'large', '1000100000011111', 'D+b'),
	('mat', 'shields', 3, 'small', '1101011110111111', 'A'),
	('mat', 'shields', 3, 'medium', '0010100010111111', 'b'),
	('mat', 'shields', 3, 'large', '0111100011101111', 'Bd'),
	('mat', 'shields', 4, 'small', '0001010010000011', 'c'),
	('mat', 'shields', 4, 'medium', '0010011110110000', 'b'),
	('mat', 'shields', 4, 'large', '1101100001111100', 'C+A'),
	('mat', 'shields', 5, 'small', '0111001011101010', 'ab'),
	('mat', 'shields', 5, 'medium', '0111001011100101', 'd'),
	('mat', 'shields', 5, 'large', '1101100001001111', 'D'),
	('mat', 'shields', 6, 'small', '0010011101001111', 'A'),
	('mat', 'shields', 6, 'medium', '1101100001001111', 'D'),
	('mat', 'shields', 6, 'large', '1000110101001111', 'Ad'),
	('mat', 'shields', 7, 'small', '1101100000011010', 'd+A'),
	('mat', 'shields', 7, 'medium', '0010011101001111', 'A'),
	('mat', 'shields', 7, 'large', '1101100001001111', 'A'),
	('mat', 'shields', 8, 'small', '1101011110001100', 'C+A'),
	('mat', 'shields', 8, 'medium', '0010100001000000', 'b'),
	('mat', 'shields', 8, 'large', '0010100010111111', 'a'),
	('mat', 'shields', 9, 'small', '0010100001000000', 'a'),
	('mat', 'shields', 9, 'medium', '0010100010111111', 'a'),
	('mat', 'shields', 9, 'large', '0111110101000000', 'd+a'),
	('mat', 'lss', 0, 'small', '0110100111110111', 'B'),
	('mat', 'lss', 0, 'medium', '1001100100000111', ''),
	('mat', 'lss', 0, 'large', '0001000110001111', 'CD'),
	('mat', 'lss', 1, 'small', '1001100100000111', 'D'),
	('mat', 'lss', 1, 'medium', '0011001110101101', 'D'),
	('mat', 'lss', 1, 'large', '1100110011111000', 'A+d'),
	('mat', 'lss', 2, 'small', '1100001100001000', 'ad'),
	('mat', 'lss', 2, 'medium', '1100001101011101', 'B'),
	('mat', 'lss', 2, 'large', '1100001110100010', 'a'),
	('mat', 'lss', 3, 'small', '1100110011111000', 'd+A'),
	('mat', 'lss', 3, 'medium', '0011001110101101', 'B'),
	('mat', 'lss', 3, 'large', '0011110010100010', 'b'),
	('mat', 'lss', 4, 'small', '1001011000001000', 'B'),
	('mat', 'lss', 4, 'medium', '0110011011111000', 'd'),
	('mat', 'lss', 4, 'large', '1000100000010110', 'D+C'),
	('mat', 'lss', 5, 'small', '0101101011000100', 'B'),
	('mat', 'lss', 5, 'medium', '1010101000110100', 'C'),
	('mat', 'lss', 5, 'large', '0110010111111011', 'b+C'),
	('mat', 'lss', 6, 'small', '1111111110011110', 'A'),
	('mat', 'lss', 6, 'medium', '0000000010011110', 'D'),
	('mat', 'lss', 6, 'large', '1000100000010110', 'DC'),
	('mat', 'lss', 7, 'small', '0000111110011110', 'BA'),
	('mat', 'lss', 7, 'medium', '1111111110011110', 'A'),
	('mat', 'lss', 7, 'large', '0011001101010010', 'C'),
	('mat', 'lss', 8, 'small', '0110011000110100', 'a+C'),
	('mat', 'lss', 8, 'medium', '1010101011001011', 'd'),
	('mat', 'lss', 8, 'large', '1010101000110100', 'a'),
	('mat', 'lss', 9, 'small', '0001000101110000', 'cd'),
	('mat', 'lss', 9, 'medium', '0000000001100001', 'D'),
	('mat', 'lss', 9, 'large', '1100110010101101', 'C'),
	('gd', 'march_engine', 0, 'small', '0101100011101010', 'B'),
	('gd', 'march_engine', 0, 'medium', '1010100000011010', ''),
	('gd', 'march_engine', 0, 'large', '1010100000101001', 'ca'),
	('gd', 'march_engine', 1, 'small', '1010011101000000', 'D+A'),
	('gd', 'march_engine', 1, 'medium', '0101100011101010', 'B'),
	('gd', 'march_engine', 1, 'large', '1010100000011010', 'B'),
	('gd', 'march_engine', 2, 'small', '1111110101001111', 'd'),
	('gd', 'march_engine', 2, 'medium', '1010100000011010', 'B'),
	('gd', 'march_engine', 2, 'large', '1101111101101101', 'd+c'),
	('gd', 'march_engine', 3, 'small', '0101010000011001', 'bc'),
	('gd', 'march_engine', 3, 'medium', '0101011100011010', 'A'),
	('gd', 'march_engine', 3, 'large', '1010100000011010', 'A'),
	('gd', 'march_engine', 4, 'small', '1111001010111111', 'B'),
	('gd', 'march_engine', 4, 'medium', '0000001001001111', 'd'),
	('gd', 'march_engine', 4, 'large', '1111111010110011', 'B+C'),
	('gd', 'march_engine', 5, 'small', '1001101111100101', 'a+C'),
	('gd', 'march_engine', 5, 'medium', '0101011100011010', 'd'),
	('gd', 'march_engine', 5, 'large', '1001101111010110', 'C'),
	('gd', 'march_engine', 6, 'small', '0100100100000100', 'C+D'),
	('gd', 'march_engine', 6, 'medium', '1010011111101010', 'B'),
	('gd', 'march_engine', 6, 'large', '0110101100100110', 'C'),
	('gd', 'march_engine', 7, 'small', '1010100011101010', 'ab'),
	('gd', 'march_engine', 7, 'medium', '1010100011100101', 'b'),
	('gd', 'march_engine', 7, 'large', '0110010000101001', 'C'),
	('gd', 'march_engine', 8, 'small', '1001010011011001', 'b'),
	('gd', 'march_engine', 8, 'medium', '1001101111010110', 'c'),
	('gd', 'march_engine', 8, 'large', '0110100000100101', 'c+B'),
	('gd', 'march_engine', 9, 'small', '0111010111000111', 'cd'),
	('gd', 'march_engine', 9, 'medium', '0110010011010110', 'A'),
	('gd', 'march_engine', 9, 'large', '1001010000100110', 'B'),
	('gd', 'warp_engine', 0, 'small', '1110100001110011', 'ca'),
	('gd', 'warp_engine', 0, 'medium', '1110100001000000', ''),
	('gd', 'warp_engine', 0, 'large', '0010010010001100', 'C'),
	('gd', 'warp_engine', 1, 'small', '0100100011100000', 'bD'),
	('gd', 'warp_engine', 1, 'medium', '0100001011101010', 'D'),
	('gd', 'warp_engine', 1, 'large', '0100001000010101', 'a'),
	('gd', 'warp_engine', 2, 'small', '1110011101001111', 'B'),
	('gd', 'warp_engine', 2, 'medium', '0001011110111111', 'd'),
	('gd', 'warp_engine', 2, 'large', '1110100010001100', 'c+A'),
	('gd', 'warp_engine', 3, 'small', '0001100001001111', 'b'),
	('gd', 'warp_engine', 3, 'medium', '0001011101000000', 'a'),
	('gd', 'warp_engine', 3, 'large', '1011110110111111', 'D+a'),
	('gd', 'warp_engine', 4, 'small', '0100011111101111', 'D+b'),
	('gd', 'warp_engine', 4, 'medium', '1110100001000000', 'A'),
	('gd', 'warp_engine', 4, 'large', '1110100010111111', 'a'),
	('gd', 'warp_engine', 5, 'small', '1101101110001100', 'c'),
	('gd', 'warp_engine', 5, 'medium', '1110100010111111', 'a'),
	('gd', 'warp_engine', 5, 'large', '0001011100010101', 'A+D'),
	('gd', 'warp_engine', 6, 'small', '1011001011100101', 'b'),
	('gd', 'warp_engine', 6, 'medium', '1011110111101010', 'd'),
	('gd', 'warp_engine', 6, 'large', '1110100011101010', 'Ad'),
	('gd', 'warp_engine', 7, 'small', '0100001000010101', 'c'),
	('gd', 'warp_engine', 7, 'medium', '0111000100100110', 'C'),
	('gd', 'warp_engine', 7, 'large', '0010111001111001', 'b+d'),
	('gd', 'warp_engine', 8, 'small', '0100000111101001', 'C+b'),
	('gd', 'warp_engine', 8, 'medium', '1000111000100110', 'A'),
	('gd', 'warp_engine', 8, 'large', '1000000100101001', 'b'),
	('gd', 'warp_engine', 9, 'small', '0010010010111111', 'A+C'),
	('gd', 'warp_engine', 9, 'medium', '1101101101110011', 'd'),
	('gd', 'warp_engine', 9, 'large', '1101010001111100', 'b'),
	('gd', 'shunter', 0, 'small', '1001100111111001', 'a'),
	('gd', 'shunter', 0, 'medium', '1001100100000110', ''),
	('gd', 'shunter', 0, 'large', '0011100110100110', 'BD'),
	('gd', 'shunter', 1, 'small', '1000100000010111', 'cD'),
	('gd', 'shunter', 1, 'medium', '1010101000110101', 'c'),
	('gd', 'shunter', 1, 'large', '0101010100110101', 'A'),
	('gd', 'shunter', 2, 'small', '1100110000000110', 'a+D'),
	('gd', 'shunter', 2, 'medium', '0110011011111001', 'C'),
	('gd', 'shunter', 2, 'large', '0110011000000110', 'a'),
	('gd', 'shunter', 3, 'small', '0101100100111001', 'BC'),
	('gd', 'shunter', 3, 'medium', '1001100111111001', 'A'),
	('gd', 'shunter', 3, 'large', '0011001101010011', 'D'),
	('gd', 'shunter', 4, 'small', '1001100111111001', 'B'),
	('gd', 'shunter', 4, 'medium', '0110100100001001', 'B'),
	('gd', 'shunter', 4, 'large', '1010100111001001', 'CB'),
	('gd', 'shunter', 5, 'small', '1111000010100011', 'a+C'),
	('gd', 'shunter', 5, 'medium', '0011110001011100', 'd'),
	('gd', 'shunter', 5, 'large', '0011001101010011', 'b'),
	('gd', 'shunter', 6, 'small', '1100000001011111', 'bc'),
	('gd', 'shunter', 6, 'medium', '1100001101011100', 'A'),
	('gd', 'shunter', 6, 'large', '0011110001011100', 'A'),
	('gd', 'shunter', 7, 'small', '1010010100111010', 'C'),
	('gd', 'shunter', 7, 'medium', '0110100111110110', 'D'),
	('gd', 'shunter', 7, 'large', '1001101000000101', 'B+c'),
	('gd', 'shunter', 8, 'small', '0110100100111010', 'A+C'),
	('gd', 'shunter', 8, 'medium', '1001011011110110', 'A'),
	('gd', 'shunter', 8, 'large', '1100001110100011', 'd'),
	('gd', 'shunter', 9, 'small', '0101101010010000', 'd+A'),
	('gd', 'shunter', 9, 'medium', '1010010111000101', 'c'),
	('gd', 'shunter', 9, 'large', '0101101011000101', 'A'),
	('gd', 'radar', 0, 'small', '1000100110011100', 'b'),
	('gd', 'radar', 0, 'medium', '1000011010010011', ''),
	('gd', 'radar', 0, 'large', '0010011000110011', 'BD'),
	('gd', 'radar', 1, 'small', '0100010101010000', 'B'),
	('gd', 'radar', 1, 'medium', '1011010110100000', 'c'),
	('gd', 'radar', 1, 'large', '1001011110000010', 'Dc'),
	('gd', 'radar', 2, 'small', '0111100110010011', 'A'),
	('gd', 'radar', 2, 'medium', '1000011010010011', 'c'),
	('gd', 'radar', 2, 'large', '0101101101001110', 'd+C'),
	('gd', 'radar', 3, 'small', '1000110010011001', 'D+B'),
	('gd', 'radar', 3, 'medium', '0111011001100011', 'B'),
	('gd', 'radar', 3, 'large', '0111011010011100', 'a'),
	('gd', 'radar', 4, 'small', '1011010110100000', 'b'),
	('gd', 'radar', 4, 'medium', '1011101010101111', 'C'),
	('gd', 'radar', 4, 'large', '0101010001000001', 'D+C'),
	('gd', 'radar', 5, 'small', '1011101010101111', 'A'),
	('gd', 'radar', 5, 'medium', '0100010110101111', 'A'),
	('gd', 'radar', 5, 'large', '1110111110101111', 'DA'),
	('gd', 'radar', 6, 'small', '1011101001010000', 'B'),
	('gd', 'radar', 6, 'medium', '0100101010100000', 'b'),
	('gd', 'radar', 6, 'large', '0100101001101100', 'Ca'),
	('gd', 'radar', 7, 'small', '1110000011110101', 'd'),
	('gd', 'radar', 7, 'medium', '1011010110100000', 'A'),
	('gd', 'radar', 7, 'large', '0001010100000000', 'BD'),
	('gd', 'radar', 8, 'small', '0100011001010011', 'B+C'),
	('gd', 'radar', 8, 'medium', '1011101010101111', 'b'),
	('gd', 'radar', 8, 'large', '1011010110100000', 'b'),
	('gd', 'radar', 9, 'small', '0111101010010000', 'b+c'),
	('gd', 'radar', 9, 'medium', '0100010110101111', 'A'),
	('gd', 'radar', 9, 'large', '0001000011111010', 'd'),
	('gd', 'scaner', 0, 'small', '0000011011100000', 'A'),
	('gd', 'scaner', 0, 'medium', '1111100111100000', ''),
	('gd', 'scaner', 0, 'large', '1100101011100000', 'cA'),
	('gd', 'scaner', 1, 'small', '0101100101000000', 'Bd'),
	('gd', 'scaner', 1, 'medium', '0000100100010000', 'B'),
	('gd', 'scaner', 1, 'large', '1111100111100000', 'B'),
	('gd', 'scaner', 2, 'small', '0011010100101100', 'C'),
	('gd', 'scaner', 2, 'medium', '1111100111100000', 'B'),
	('gd', 'scaner', 2, 'large', '0000100111100000', 'AB'),
	('gd', 'scaner', 3, 'small', '0100001001011011', 'D+C'),
	('gd', 'scaner', 3, 'medium', '1010110010110101', 'd'),
	('gd', 'scaner', 3, 'large', '0000011000011111', 'D'),
	('gd', 'scaner', 4, 'small', '1010111101001001', 'B+C'),
	('gd', 'scaner', 4, 'medium', '0101001110110101', 'A'),
	('gd', 'scaner', 4, 'large', '1010001101000101', 'B'),
	('gd', 'scaner', 5, 'small', '0110000000101100', 'd+A'),
	('gd', 'scaner', 5, 'medium', '1001111101111001', 'C'),
	('gd', 'scaner', 5, 'large', '1001000001110110', 'b'),
	('gd', 'scaner', 6, 'small', '0110000010000110', 'D'),
	('gd', 'scaner', 6, 'medium', '1100101000101100', 'd'),
	('gd', 'scaner', 6, 'large', '1100101010000110', 'Da'),
	('gd', 'scaner', 7, 'small', '0000011000101100', 'A+c'),
	('gd', 'scaner', 7, 'medium', '1111100100011111', 'c'),
	('gd', 'scaner', 7, 'large', '0011010111010011', 'C'),
	('gd', 'scaner', 8, 'small', '1111100100011111', 'C'),
	('gd', 'scaner', 8, 'medium', '0011010111010011', 'C'),
	('gd', 'scaner', 8, 'large', '1100010111010011', 'BA'),
	('gd', 'scaner', 9, 'small', '1111011000010000', 'C'),
	('gd', 'scaner', 9, 'medium', '0011101011011100', 'b'),
	('gd', 'scaner', 9, 'large', '0011101001110110', 'Da'),
	('gd', 'fuel_tank', 0, 'small', '0100110111011100', 'B+C'),
	('gd', 'fuel_tank', 0, 'medium', '1011000100100000', ''),
	('gd', 'fuel_tank', 0, 'large', '0111110111101100', 'C'),
	('gd', 'fuel_tank', 1, 'small', '0100111011011111', 'D'),
	('gd', 'fuel_tank', 1, 'medium', '1110010001110101', 'd'),
	('gd', 'fuel_tank', 1, 'large', '1011000101110101', 'dA'),
	('gd', 'fuel_tank', 2, 'small', '1101011110111001', 'c'),
	('gd', 'fuel_tank', 2, 'medium', '1110010010001010', 'a'),
	('gd', 'fuel_tank', 2, 'large', '1110101110001010', 'Ab'),
	('gd', 'fuel_tank', 3, 'small', '1101001010111100', 'D+B'),
	('gd', 'fuel_tank', 3, 'medium', '0010100001000110', 'C'),
	('gd', 'fuel_tank', 3, 'large', '1101100010110110', 'B'),
	('gd', 'fuel_tank', 4, 'small', '1100011001010111', 'dc'),
	('gd', 'fuel_tank', 4, 'medium', '1101011101000110', 'A'),
	('gd', 'fuel_tank', 4, 'large', '1110010001110101', 'c'),
	('gd', 'fuel_tank', 5, 'small', '0101111111001110', 'C+d'),
	('gd', 'fuel_tank', 5, 'medium', '1000001000010011', 'd'),
	('gd', 'fuel_tank', 5, 'large', '0100111011011111', 'C'),
	('gd', 'fuel_tank', 6, 'small', '1011000111011111', 'A'),
	('gd', 'fuel_tank', 6, 'medium', '0100111011011111', 'C'),
	('gd', 'fuel_tank', 6, 'large', '0001000110000000', 'd+b'),
	('gd', 'fuel_tank', 7, 'small', '1011111011010000', 'B'),
	('gd', 'fuel_tank', 7, 'medium', '0100111000100000', 'a'),
	('gd', 'fuel_tank', 7, 'large', '0110110000000010', 'Dc'),
	('gd', 'fuel_tank', 8, 'small', '1011111000101111', 'a'),
	('gd', 'fuel_tank', 8, 'medium', '1011111011010000', 'B'),
	('gd', 'fuel_tank', 8, 'large', '1000000111101111', 'b+c'),
	('gd', 'fuel_tank', 9, 'small', '0001101101110101', 'B'),
	('gd', 'fuel_tank', 9, 'medium', '1110101110000101', 'd'),
	('gd', 'fuel_tank', 9, 'large', '0100000101111010', 'a+D'),
	('gd', 'shields', 0, 'small', '1011101000100101', 'a'),
	('gd', 'shields', 0, 'medium', '1011101011011010', ''),
	('gd', 'shields', 0, 'large', '0100111100101111', 'd+B'),
	('gd', 'shields', 1, 'small', '1011101011011010', 'd'),
	('gd', 'shields', 1, 'medium', '1110111110001111', 'd'),
	('gd', 'shields', 1, 'large', '0100111100101111', 'BD'),
	('gd', 'shields', 2, 'small', '1101001110110011', 'b'),
	('gd', 'shields', 2, 'medium', '1101110010111100', 'c'),
	('gd', 'shields', 2, 'large', '0001000010111100', 'AC'),
	('gd', 'shields', 3, 'small', '0010001110001111', 'ca'),
	('gd', 'shields', 3, 'medium', '0010001110111100', 'A'),
	('gd', 'shields', 3, 'large', '1110111101110000', 'C'),
	('gd', 'shields', 4, 'small', '1010101111001011', 'c+d'),
	('gd', 'shields', 4, 'medium', '1101110010111100', 'A'),
	('gd', 'shields', 4, 'large', '0010110001001100', 'B'),
	('gd', 'shields', 5, 'small', '1101110010111100', 'D'),
	('gd', 'shields', 5, 'medium', '0111011000010110', 'D'),
	('gd', 'shields', 5, 'large', '1000011011101001', 'a+B'),
	('gd', 'shields', 6, 'small', '0111100111100110', 'A'),
	('gd', 'shields', 6, 'medium', '1000011011100110', 'B'),
	('gd', 'shields', 6, 'large', '0011110101011101', 'D+c'),
	('gd', 'shields', 7, 'small', '0101101100111011', 'D+C'),
	('gd', 'shields', 7, 'medium', '1011010111010101', 'c'),
	('gd', 'shields', 7, 'large', '0100101011010101', 'A'),
	('gd', 'shields', 8, 'small', '1011101000101010', 'b+A'),
	('gd', 'shields', 8, 'medium', '0100010100100101', 'B'),
	('gd', 'shields', 8, 'large', '1000100111101001', 'C'),
	('gd', 'shields', 9, 'small', '0001000010111100', 'c+A'),
	('gd', 'shields', 9, 'medium', '1110111110001111', 'D'),
	('gd', 'shields', 9, 'large', '0100010100100101', 'D'),
	('gd', 'lss', 0, 'small', '0101011011010000', 'C+B'),
	('gd', 'lss', 0, 'medium', '1010101000101100', ''),
	('gd', 'lss', 0, 'large', '0000000010000110', 'D'),
	('gd', 'lss', 1, 'small', '0101010100011111', 'CA'),
	('gd', 'lss', 1, 'medium', '1001100100011111', 'c'),
	('gd', 'lss', 1, 'large', '1001011000010000', 'b'),
	('gd', 'lss', 2, 'small', '0011001101001010', 'A'),
	('gd', 'lss', 2, 'medium', '1100110001001010', 'd'),
	('gd', 'lss', 2, 'large', '1001110000011010', 'Bd'),
	('gd', 'lss', 3, 'small', '1111110001111010', 'cb'),
	('gd', 'lss', 3, 'medium', '1111111101111001', 'c'),
	('gd', 'lss', 3, 'large', '1111111110000110', 'a'),
	('gd', 'lss', 4, 'small', '0011110010111010', 'C'),
	('gd', 'lss', 4, 'medium', '1111000001110110', 'b'),
	('gd', 'lss', 4, 'large', '0101111111011001', 'D+b'),
	('gd', 'lss', 5, 'small', '1010010111011100', 'A'),
	('gd', 'lss', 5, 'medium', '0101101011011100', 'D'),
	('gd', 'lss', 5, 'large', '0101101001110110', 'aD'),
	('gd', 'lss', 6, 'small', '0001111001100111', 'Cd'),
	('gd', 'lss', 6, 'medium', '0101101000100011', 'a'),
	('gd', 'lss', 6, 'large', '0101101011011100', 'a'),
	('gd', 'lss', 7, 'small', '1111000001110110', 'A'),
	('gd', 'lss', 7, 'medium', '0000111101110110', 'd'),
	('gd', 'lss', 7, 'large', '1010010101110110', 'AD'),
	('gd', 'lss', 8, 'small', '0100101111001101', 'D+c'),
	('gd', 'lss', 8, 'medium', '1111000001110110', 'A'),
	('gd', 'lss', 8, 'large', '1010010100100011', 'd'),
	('gd', 'lss', 9, 'small', '1110000110011000', 'D+C'),
	('gd', 'lss', 9, 'medium', '0000111101110110', 'A'),
	('gd', 'lss', 9, 'large', '1111111110000110', 'B'),
	('pre', 'march_engine', 0, 'small', '1011000101001011', 'ab'),
	('pre', 'march_engine', 0, 'medium', '1011000101000100', ''),
	('pre', 'march_engine', 0, 'large', '0111110110001000', 'C'),
	('pre', 'march_engine', 1, 'small', '0100000101001011', 'b'),
	('pre', 'march_engine', 1, 'medium', '0100111001000100', 'A'),
	('pre', 'march_engine', 1, 'large', '1110000111101011', 'b+D'),
	('pre', 'march_engine', 2, 'small', '0001010000011110', 'D'),
	('pre', 'march_engine', 2, 'medium', '1011111010110100', 'B'),
	('pre', 'march_engine', 2, 'large', '1011111000011110', 'Da'),
	('pre', 'march_engine', 3, 'small', '0100111010111011', 'b'),
	('pre', 'march_engine', 3, 'medium', '0100000110110100', 'A'),
	('pre', 'march_engine', 3, 'large', '0111001001001011', 'c+a'),
	('pre', 'march_engine', 4, 'small', '1011111001001011', 'b'),
	('pre', 'march_engine', 4, 'medium', '1011000101000100', 'B'),
	('pre', 'march_engine', 4, 'large', '0011100111001100', 'CD'),
	('pre', 'march_engine', 5, 'small', '1011111010110100', 'A'),
	('pre', 'march_engine', 5, 'medium', '0100000110110100', 'B'),
	('pre', 'march_engine', 5, 'large', '0111001001001011', 'c+a'),
	('pre', 'march_engine', 6, 'small', '1110101111100001', 'd'),
	('pre', 'march_engine', 6, 'medium', '1011111010110100', 'A'),
	('pre', 'march_engine', 6, 'large', '0001010010110100', 'AD'),
	('pre', 'march_engine', 7, 'small', '1011111010110100', 'D'),
	('pre', 'march_engine', 7, 'medium', '0001010000011110', 'D'),
	('pre', 'march_engine', 7, 'large', '1001110010010110', 'CD'),
	('pre', 'march_engine', 8, 'small', '1101011111011101', 'c'),
	('pre', 'march_engine', 8, 'medium', '1110010011101110', 'B'),
	('pre', 'march_engine', 8, 'large', '0000101000000000', 'D+C'),
	('pre', 'march_engine', 9, 'small', '0001010000101101', 'ca'),
	('pre', 'march_engine', 9, 'medium', '0001010000011110', 'B'),
	('pre', 'march_engine', 9, 'large', '1101100011010010', 'C'),
	('pre', 'warp_engine', 0, 'small', '0011110011010110', 'D'),
	('pre', 'warp_engine', 0, 'medium', '1001011001111100', ''),
	('pre', 'warp_engine', 0, 'large', '0110011010000011', 'B+a'),
	('pre', 'warp_engine', 1, 'small', '0110011010000011', 'a+b'),
	('pre', 'warp_engine', 1, 'medium', '0110100101111100', 'A'),
	('pre', 'warp_engine', 1, 'large', '1001100110001100', 'B'),
	('pre', 'warp_engine', 2, 'small', '1001011010000011', 'D'),
	('pre', 'warp_engine', 2, 'medium', '0011110000101001', 'd'),
	('pre', 'warp_engine', 2, 'large', '1001001110000110', 'b+D'),
	('pre', 'warp_engine', 3, 'small', '1111000000101001', 'C+a'),
	('pre', 'warp_engine', 3, 'medium', '0011110011010110', 'a'),
	('pre', 'warp_engine', 3, 'large', '1111000000011010', 'C'),
	('pre', 'warp_engine', 4, 'small', '1111000010110000', 'Da'),
	('pre', 'warp_engine', 4, 'medium', '1111000000011010', 'C'),
	('pre', 'warp_engine', 4, 'large', '0000111100011010', 'A'),
	('pre', 'warp_engine', 5, 'small', '0011110000101001', 'a'),
	('pre', 'warp_engine', 5, 'medium', '0011110011010110', 'C'),
	('pre', 'warp_engine', 5, 'large', '0011110010000011', 'ad'),
	('pre', 'warp_engine', 6, 'small', '1001100101110011', 'D'),
	('pre', 'warp_engine', 6, 'medium', '0011001111011001', 'b'),
	('pre', 'warp_engine', 6, 'large', '0011001101110011', 'Da'),
	('pre', 'warp_engine', 7, 'small', '1100110000101001', 'Ba'),
	('pre', 'warp_engine', 7, 'medium', '1100110011011001', 'A'),
	('pre', 'warp_engine', 7, 'large', '1001100110001100', 'd'),
	('pre', 'warp_engine', 8, 'small', '0000111100011010', 'B'),
	('pre', 'warp_engine', 8, 'medium', '1111111111101010', 'c'),
	('pre', 'warp_engine', 8, 'large', '0000001100010110', 'C+B'),
	('pre', 'warp_engine', 9, 'small', '0011001111011001', 'C'),
	('pre', 'warp_engine', 9, 'medium', '1111111100010101', 'a'),
	('pre', 'warp_engine', 9, 'large', '0101010100010101', 'DA'),
	('pre', 'shunter', 0, 'small', '1000000000010011', 'cA'),
	('pre', 'shunter', 0, 'medium', '1011001100010011', ''),
	('pre', 'shunter', 0, 'large', '0100001111100011', 'B'),
	('pre', 'shunter', 1, 'small', '0001011011100011', 'D+a'),
	('pre', 'shunter', 1, 'medium', '1011110000011100', 'b'),
	('pre', 'shunter', 1, 'large', '1110100101001001', 'd'),
	('pre', 'shunter', 2, 'small', '0100001111010000', 'A+c'),
	('pre', 'shunter', 2, 'medium', '1011110011100011', 'a'),
	('pre', 'shunter', 2, 'large', '1011110000011100', 'a'),
	('pre', 'shunter', 3, 'small', '1000111111011111', 'A+B'),
	('pre', 'shunter', 3, 'medium', '0111000000101111', 'C'),
	('pre', 'shunter', 3, 'large', '1101101010000101', 'D'),
	('pre', 'shunter', 4, 'small', '1011000011101111', 'b+C'),
	('pre', 'shunter', 4, 'medium', '0111111100100000', 'b'),
	('pre', 'shunter', 4, 'large', '0111000000101111', 'b'),
	('pre', 'shunter', 5, 'small', '0001100101000110', 'D'),
	('pre', 'shunter', 5, 'medium', '1011001111101100', 'C'),
	('pre', 'shunter', 5, 'large', '1011100111100110', 'Db'),
	('pre', 'shunter', 6, 'small', '0001100110111001', 'A'),
	('pre', 'shunter', 6, 'medium', '1110011010111001', 'd'),
	('pre', 'shunter', 6, 'large', '0001001101001100', 'd+B'),
	('pre', 'shunter', 7, 'small', '1000000011011111', 'C'),
	('pre', 'shunter', 7, 'medium', '0100110000010011', 'D'),
	('pre', 'shunter', 7, 'large', '1011110011101100', 'a+B'),
	('pre', 'shunter', 8, 'small', '1000111100011100', 'AC'),
	('pre', 'shunter', 8, 'medium', '0100001100011100', 'b'),
	('pre', 'shunter', 8, 'large', '1110100110110110', 'D'),
	('pre', 'shunter', 9, 'small', '0111111100100000', 'B'),
	('pre', 'shunter', 9, 'medium', '1000111111010000', 'C'),
	('pre', 'shunter', 9, 'large', '1000111100100000', 'aB'),
	('pre', 'radar', 0, 'small', '1011000110100110', 'db'),
	('pre', 'radar', 0, 'medium', '1011010010100011', ''),
	('pre', 'radar', 0, 'large', '1011010001011100', 'a'),
	('pre', 'radar', 1, 'small', '0111011110101100', 'CA'),
	('pre', 'radar', 1, 'medium', '1011101110101100', 'b'),
	('pre', 'radar', 1, 'large', '1110111011111001', 'd'),
	('pre', 'radar', 2, 'small', '0001000111111001', 'D'),
	('pre', 'radar', 2, 'medium', '1011101101010011', 'a'),
	('pre', 'radar', 2, 'large', '0110011010001110', 'd+C'),
	('pre', 'radar', 3, 'small', '1010101001000010', 'Cd'),
	('pre', 'radar', 3, 'medium', '1110111000000110', 'd'),
	('pre', 'radar', 3, 'large', '1110111011111001', 'a'),
	('pre', 'radar', 4, 'small', '1011111001010110', 'bd'),
	('pre', 'radar', 4, 'medium', '1011101101010011', 'd'),
	('pre', 'radar', 4, 'large', '0100010001010011', 'A'),
	('pre', 'radar', 5, 'small', '0111011101100000', 'A'),
	('pre', 'radar', 5, 'medium', '1000100001100000', 'c'),
	('pre', 'radar', 5, 'large', '1000100001010011', 'ac'),
	('pre', 'radar', 6, 'small', '1101110111001010', 'D'),
	('pre', 'radar', 6, 'medium', '0111011101100000', 'A'),
	('pre', 'radar', 6, 'large', '0010011100110000', 'dB'),
	('pre', 'radar', 7, 'small', '1110111011111001', 'c'),
	('pre', 'radar', 7, 'medium', '1101110111001010', 'D'),
	('pre', 'radar', 7, 'large', '0010000100110110', 'B+C'),
	('pre', 'radar', 8, 'small', '0100010001010011', 'C'),
	('pre', 'radar', 8, 'medium', '1000100010011111', 'd'),
	('pre', 'radar', 8, 'large', '1000010010010011', 'Cb'),
	('pre', 'radar', 9, 'small', '1101110111111001', 'C+A'),
	('pre', 'radar', 9, 'medium', '0010001000110101', 'D'),
	('pre', 'radar', 9, 'large', '0010110100111010', 'b'),
	('pre', 'scaner', 0, 'small', '0011111000010011', 'B+d'),
	('pre', 'scaner', 0, 'medium', '1100101111100110', ''),
	('pre', 'scaner', 0, 'large', '1001111010110011', 'd'),
	('pre', 'scaner', 1, 'small', '0011111011101100', 'Db'),
	('pre', 'scaner', 1, 'medium', '0011010011100110', 'A'),
	('pre', 'scaner', 1, 'large', '1001111001001100', 'D'),
	('pre', 'scaner', 2, 'small', '1100010011101001', 'B'),
	('pre', 'scaner', 2, 'medium', '0011010000011001', 'a'),
	('pre', 'scaner', 2, 'large', '1100101100010110', 'A+b'),
	('pre', 'scaner', 3, 'small', '0110000110110011', 'A'),
	('pre', 'scaner', 3, 'medium', '1001111010110011', 'D'),
	('pre', 'scaner', 3, 'large', '0110000100011001', 'D+A'),
	('pre', 'scaner', 4, 'small', '0011000111100011', 'Bd'),
	('pre', 'scaner', 4, 'medium', '0110000110110011', 'A'),
	('pre', 'scaner', 4, 'large', '1010110101111111', 'C'),
	('pre', 'scaner', 5, 'small', '1111100011100110', 'a+c'),
	('pre', 'scaner', 5, 'medium', '1100101100011001', 'D'),
	('pre', 'scaner', 5, 'large', '1001111001001100', 'd'),
	('pre', 'scaner', 6, 'small', '0000100011011010', 'C'),
	('pre', 'scaner', 6, 'medium', '1100010000010110', 'b'),
	('pre', 'scaner', 6, 'large', '1001101101001001', 'b+d'),
	('pre', 'scaner', 7, 'small', '0101110111011010', 'dA'),
	('pre', 'scaner', 7, 'medium', '0000100011011010', 'C'),
	('pre', 'scaner', 7, 'large', '0000100000100101', 'a'),
	('pre', 'scaner', 8, 'small', '0101110101000011', 'aC'),
	('pre', 'scaner', 8, 'medium', '0101110110001111', 'd'),
	('pre', 'scaner', 8, 'large', '0101110101110000', 'a'),
	('pre', 'scaner', 9, 'small', '1001111001001100', 'c'),
	('pre', 'scaner', 9, 'medium', '1010110101111111', 'B'),
	('pre', 'scaner', 9, 'large', '0000011101111111', 'AD'),
	('pre', 'fuel_tank', 0, 'small', '0001001010010110', 'B'),
	('pre', 'fuel_tank', 0, 'medium', '1110001001100110', ''),
	('pre', 'fuel_tank', 0, 'large', '1011011101100110', 'Ad'),
	('pre', 'fuel_tank', 1, 'small', '0001110110011001', 'D'),
	('pre', 'fuel_tank', 1, 'medium', '1011011100110011', 'd'),
	('pre', 'fuel_tank', 1, 'large', '0100100011000011', 'A+B'),
	('pre', 'fuel_tank', 2, 'small', '1011011100000000', 'cA'),
	('pre', 'fuel_tank', 2, 'medium', '1000010000000000', 'c'),
	('pre', 'fuel_tank', 2, 'large', '1000010011111111', 'a'),
	('pre', 'fuel_tank', 3, 'small', '1101111001011010', 'd'),
	('pre', 'fuel_tank', 3, 'medium', '1000101100001111', 'b'),
	('pre', 'fuel_tank', 3, 'large', '0000001110000111', 'DC'),
	('pre', 'fuel_tank', 4, 'small', '0010000110101010', 'B+A'),
	('pre', 'fuel_tank', 4, 'medium', '1101111001011010', 'd'),
	('pre', 'fuel_tank', 4, 'large', '0010111010101010', 'B'),
	('pre', 'fuel_tank', 5, 'small', '0111010000000000', 'aB'),
	('pre', 'fuel_tank', 5, 'medium', '0111010011110000', 'D'),
	('pre', 'fuel_tank', 5, 'large', '1011100000111100', 'C'),
	('pre', 'fuel_tank', 6, 'small', '1011011100000000', 'cA'),
	('pre', 'fuel_tank', 6, 'medium', '1000010000000000', 'B'),
	('pre', 'fuel_tank', 6, 'large', '0010111010101010', 'D'),
	('pre', 'fuel_tank', 7, 'small', '0111011100001100', 'B+c'),
	('pre', 'fuel_tank', 7, 'medium', '1000010011111111', 'a'),
	('pre', 'fuel_tank', 7, 'large', '0010111001010101', 'D'),
	('pre', 'fuel_tank', 8, 'small', '1000010001010101', 'D+A'),
	('pre', 'fuel_tank', 8, 'medium', '0111101111111111', 'A'),
	('pre', 'fuel_tank', 8, 'large', '1000010011111111', 'A'),
	('pre', 'fuel_tank', 9, 'small', '1110001010101010', 'a+c'),
	('pre', 'fuel_tank', 9, 'medium', '1101000101010101', 'D'),
	('pre', 'fuel_tank', 9, 'large', '0001110110011001', 'C'),
	('pre', 'shields', 0, 'small', '1101001011100011', 'a'),
	('pre', 'shields', 0, 'medium', '1101001000011100', ''),
	('pre', 'shields', 0, 'large', '0010100011100110', 'B+D'),
	('pre', 'shields', 1, 'small', '1101110111101100', 'a'),
	('pre', 'shields', 1, 'medium', '1101110100010011', 'b'),
	('pre', 'shields', 1, 'large', '0001000100010011', 'CA'),
	('pre', 'shields', 2, 'small', '1100110000000010', 'Dc'),
	('pre', 'shields', 2, 'medium', '1110111000100000', 'c'),
	('pre', 'shields', 2, 'large', '1101110100010011', 'c'),
	('pre', 'shields', 3, 'small', '1110000111010000', 'A'),
	('pre', 'shields', 3, 'medium', '0001111011010000', 'B'),
	('pre', 'shields', 3, 'large', '1110000111100011', 'A+c'),
	('pre', 'shields', 4, 'small', '0010110100011100', 'A'),
	('pre', 'shields', 4, 'medium', '1101001000011100', 'C'),
	('pre', 'shields', 4, 'large', '0010110111010000', 'C+A'),
	('pre', 'shields', 5, 'small', '0100101110000101', 'D'),
	('pre', 'shields', 5, 'medium', '1110000100101111', 'c'),
	('pre', 'shields', 5, 'large', '1110101100100101', 'bD'),
	('pre', 'shields', 6, 'small', '0100111010000000', 'D+B'),
	('pre', 'shields', 6, 'medium', '1011010001111010', 'd'),
	('pre', 'shields', 6, 'large', '0001111011010000', 'D'),
	('pre', 'shields', 7, 'small', '1000011100011100', 'ad'),
	('pre', 'shields', 7, 'medium', '1000011101001001', 'c'),
	('pre', 'shields', 7, 'large', '0111100001001001', 'A'),
	('pre', 'shields', 8, 'small', '1000100011101100', 'd+A'),
	('pre', 'shields', 8, 'medium', '0111011110111001', 'B'),
	('pre', 'shields', 8, 'large', '0010001011101100', 'd'),
	('pre', 'shields', 9, 'small', '0010100011100110', 'd+B'),
	('pre', 'shields', 9, 'medium', '1101110100010011', 'D'),
	('pre', 'shields', 9, 'large', '1000100001000110', 'd'),
	('pre', 'lss', 0, 'small', '0111000100110010', 'B'),
	('pre', 'lss', 0, 'medium', '1000000111000010', ''),
	('pre', 'lss', 0, 'large', '1101010011000010', 'dA'),
	('pre', 'lss', 1, 'small', '0100100000001011', 'D+B'),
	('pre', 'lss', 1, 'medium', '1011001011110001', 'c'),
	('pre', 'lss', 1, 'large', '1000000111000010', 'c'),
	('pre', 'lss', 2, 'small', '0111000100110010', 'C'),
	('pre', 'lss', 2, 'medium', '1011110111111110', 'b'),
	('pre', 'lss', 2, 'large', '0100001000110010', 'C+A'),
	('pre', 'lss', 3, 'small', '0111000111001101', 'a'),
	('pre', 'lss', 3, 'medium', '0111000100110010', 'C'),
	('pre', 'lss', 3, 'large', '1101111010011101', 'D+b'),
	('pre', 'lss', 4, 'small', '0111111000110010', 'a+b'),
	('pre', 'lss', 4, 'medium', '0111000111001101', 'a'),
	('pre', 'lss', 4, 'large', '0010010010011000', 'd'),
	('pre', 'lss', 5, 'small', '0010101110010111', 'B'),
	('pre', 'lss', 5, 'medium', '1101101101100111', 'D'),
	('pre', 'lss', 5, 'large', '0010010001010100', 'c+A'),
	('pre', 'lss', 6, 'small', '0111111011000010', 'd'),
	('pre', 'lss', 6, 'medium', '0010101110010111', 'B'),
	('pre', 'lss', 6, 'large', '1101010010100100', 'c+A'),
	('pre', 'lss', 7, 'small', '0001011101100111', 'a+c'),
	('pre', 'lss', 7, 'medium', '0010010010011000', 'b'),
	('pre', 'lss', 7, 'large', '1000111000110010', 'D'),
	('pre', 'lss', 8, 'small', '0010010010011000', 'c'),
	('pre', 'lss', 8, 'medium', '0001011110101011', 'c'),
	('pre', 'lss', 8, 'large', '1110010001011000', 'B+c'),
	('pre', 'lss', 9, 'small', '0111000111001101', 'c'),
	('pre', 'lss', 9, 'medium', '0100001011111110', 'd'),
	('pre', 'lss', 9, 'large', '1000111011111110', 'AC'),
	('kkg', 'march_engine', 0, 'small', '1111000110110111', 'b'),
	('kkg', 'march_engine', 0, 'medium', '1111111010111000', ''),
	('kkg', 'march_engine', 0, 'large', '0100010100000011', 'D+c'),
	('kkg', 'march_engine', 1, 'small', '1110111110101001', 'D+c'),
	('kkg', 'march_engine', 1, 'medium', '0101010000010010', 'D'),
	('kkg', 'march_engine', 1, 'large', '1010010011100010', 'B'),
	('kkg', 'march_engine', 2, 'small', '0110011111011110', 'c'),
	('kkg', 'march_engine', 2, 'medium', '0101010011101101', 'a'),
	('kkg', 'march_engine', 2, 'large', '0100010111111100', 'cd'),
	('kkg', 'march_engine', 3, 'small', '1010101100010010', 'C'),
	('kkg', 'march_engine', 3, 'medium', '0110011111011110', 'c'),
	('kkg', 'march_engine', 3, 'large', '0110100011011110', 'Ab'),
	('kkg', 'march_engine', 4, 'small', '0101101111100010', 'b'),
	('kkg', 'march_engine', 4, 'medium', '0101010011101101', 'c'),
	('kkg', 'march_engine', 4, 'large', '0000000100010010', 'a+d'),
	('kkg', 'march_engine', 5, 'small', '0000000111101101', 'D+A'),
	('kkg', 'march_engine', 5, 'medium', '1111111001000111', 'D'),
	('kkg', 'march_engine', 5, 'large', '0000000101000111', 'A'),
	('kkg', 'march_engine', 6, 'small', '1010101110111000', 'aD'),
	('kkg', 'march_engine', 6, 'medium', '1010101100010010', 'd'),
	('kkg', 'march_engine', 6, 'large', '1010101111101101', 'a'),
	('kkg', 'march_engine', 7, 'small', '1001011100101110', 'B'),
	('kkg', 'march_engine', 7, 'medium', '0110011111011110', 'C'),
	('kkg', 'march_engine', 7, 'large', '1001100011010001', 'b+A'),
	('kkg', 'march_engine', 8, 'small', '0110100000101110', 'A'),
	('kkg', 'march_engine', 8, 'medium', '1001011100101110', 'B'),
	('kkg', 'march_engine', 8, 'large', '1001101100100010', 'bC'),
	('kkg', 'march_engine', 9, 'small', '0110011100010010', 'c+A'),
	('kkg', 'march_engine', 9, 'medium', '1001100000100001', 'b'),
	('kkg', 'march_engine', 9, 'large', '1001011100101110', 'b'),
	('kkg', 'warp_engine', 0, 'small', '1000111110100111', 'b+a'),
	('kkg', 'warp_engine', 0, 'medium', '1000000001011000', ''),
	('kkg', 'warp_engine', 0, 'large', '1000000010100111', 'a'),
	('kkg', 'warp_engine', 1, 'small', '0100110001101011', 'C'),
	('kkg', 'warp_engine', 1, 'medium', '1000000010100111', 'a'),
	('kkg', 'warp_engine', 1, 'large', '1001000110110110', 'cd'),
	('kkg', 'warp_engine', 2, 'small', '0111001110101011', 'bC'),
	('kkg', 'warp_engine', 2, 'medium', '0111111110100111', 'A'),
	('kkg', 'warp_engine', 2, 'large', '1011001101101011', 'C'),
	('kkg', 'warp_engine', 3, 'small', '0001100101101011', 'AD'),
	('kkg', 'warp_engine', 3, 'medium', '1011001101101011', 'C'),
	('kkg', 'warp_engine', 3, 'large', '1110011000111110', 'd'),
	('kkg', 'warp_engine', 4, 'small', '1000101001010010', 'bD'),
	('kkg', 'warp_engine', 4, 'medium', '1000000001011000', 'c'),
	('kkg', 'warp_engine', 4, 'large', '1101010100001101', 'd'),
	('kkg', 'warp_engine', 5, 'small', '0100001110011011', 'b'),
	('kkg', 'warp_engine', 5, 'medium', '0100110010010100', 'C'),
	('kkg', 'warp_engine', 5, 'large', '0001110011000100', 'dB'),
	('kkg', 'warp_engine', 6, 'small', '0001100100111110', 'D'),
	('kkg', 'warp_engine', 6, 'medium', '1011001110010100', 'A'),
	('kkg', 'warp_engine', 6, 'large', '1110011010010100', 'Ad'),
	('kkg', 'warp_engine', 7, 'small', '1000010110100010', 'D+B'),
	('kkg', 'warp_engine', 7, 'medium', '0111111101011000', 'C'),
	('kkg', 'warp_engine', 7, 'large', '1000111110101000', 'B'),
	('kkg', 'warp_engine', 8, 'small', '1101101011111101', 'b'),
	('kkg', 'warp_engine', 8, 'medium', '1101010111110010', 'D'),
	('kkg', 'warp_engine', 8, 'large', '1110011011110010', 'Ac'),
	('kkg', 'warp_engine', 9, 'small', '0001100111000001', 'A'),
	('kkg', 'warp_engine', 9, 'medium', '1110011011000001', 'c'),
	('kkg', 'warp_engine', 9, 'large', '1100010011100011', 'cD'),
	('kkg', 'shunter', 0, 'small', '1000001100010000', 'dB'),
	('kkg', 'shunter', 0, 'medium', '1101001101000000', ''),
	('kkg', 'shunter', 0, 'large', '1101001110111111', 'a'),
	('kkg', 'shunter', 1, 'small', '1110111110110000', 'AC'),
	('kkg', 'shunter', 1, 'medium', '0010001110110000', 'B'),
	('kkg', 'shunter', 1, 'large', '0111011011100101', 'd'),
	('kkg', 'shunter', 2, 'small', '0111001100011111', 'D+b'),
	('kkg', 'shunter', 2, 'medium', '1101110010110000', 'A'),
	('kkg', 'shunter', 2, 'large', '1110111110000011', 'c'),
	('kkg', 'shunter', 3, 'small', '1000100100011010', 'D'),
	('kkg', 'shunter', 3, 'medium', '0010001110110000', 'A'),
	('kkg', 'shunter', 3, 'large', '0001000010110000', 'Ac'),
	('kkg', 'shunter', 4, 'small', '0000111010011101', 'Dc'),
	('kkg', 'shunter', 4, 'medium', '0010110010111111', 'b'),
	('kkg', 'shunter', 4, 'large', '1000011000010101', 'D'),
	('kkg', 'shunter', 5, 'small', '0010110010111111', 'B'),
	('kkg', 'shunter', 5, 'medium', '1101110001001111', 'B'),
	('kkg', 'shunter', 5, 'large', '1101001110110000', 'b+a'),
	('kkg', 'shunter', 6, 'small', '1000100110110000', 'd+A'),
	('kkg', 'shunter', 6, 'medium', '0111011011100101', 'D'),
	('kkg', 'shunter', 6, 'large', '1000100111100101', 'A'),
	('kkg', 'shunter', 7, 'small', '0111011011100101', 'a'),
	('kkg', 'shunter', 7, 'medium', '0111011000011010', 'a'),
	('kkg', 'shunter', 7, 'large', '0100100100100101', 'c+b'),
	('kkg', 'shunter', 8, 'small', '1000011011011001', 'A+C'),
	('kkg', 'shunter', 8, 'medium', '0111100100010101', 'b'),
	('kkg', 'shunter', 8, 'large', '0111011000011010', 'b'),
	('kkg', 'shunter', 9, 'small', '1101011001000101', 'Bd'),
	('kkg', 'shunter', 9, 'medium', '1000011000010101', 'A'),
	('kkg', 'shunter', 9, 'large', '1101001101000000', 'd'),
	('kkg', 'radar', 0, 'small', '0001000110111100', 'A+C'),
	('kkg', 'radar', 0, 'medium', '1110111001110000', ''),
	('kkg', 'radar', 0, 'large', '0010001010111100', 'C'),
	('kkg', 'radar', 1, 'small', '1011101111011010', 'D'),
	('kkg', 'radar', 1, 'medium', '0001000101110000', 'A'),
	('kkg', 'radar', 1, 'large', '0001000101111111', 'ba'),
	('kkg', 'radar', 2, 'small', '1111111110011110', 'c+D'),
	('kkg', 'radar', 2, 'medium', '0100010000100101', 'd'),
	('kkg', 'radar', 2, 'large', '0100010011011010', 'a'),
	('kkg', 'radar', 3, 'small', '1011101111011010', 'd'),
	('kkg', 'radar', 3, 'medium', '1110111010001111', 'D'),
	('kkg', 'radar', 3, 'large', '1011000111010000', 'b+d'),
	('kkg', 'radar', 4, 'small', '1110000101111111', 'B'),
	('kkg', 'radar', 4, 'medium', '0001000110001111', 'A'),
	('kkg', 'radar', 4, 'large', '1110010001111010', 'B+d'),
	('kkg', 'radar', 5, 'small', '0001111001111111', 'b'),
	('kkg', 'radar', 5, 'medium', '0001000101110000', 'a'),
	('kkg', 'radar', 5, 'large', '0001111001110000', 'bA'),
	('kkg', 'radar', 6, 'small', '0100010011011010', 'A'),
	('kkg', 'radar', 6, 'medium', '1011101111011010', 'D'),
	('kkg', 'radar', 6, 'large', '0000000001100001', 'c+D'),
	('kkg', 'radar', 7, 'small', '0100010000100101', 'A'),
	('kkg', 'radar', 7, 'medium', '1011101100100101', 'a'),
	('kkg', 'radar', 7, 'large', '0101010111001011', 'C+D'),
	('kkg', 'radar', 8, 'small', '1000100000100101', 'c+a'),
	('kkg', 'radar', 8, 'medium', '1011101111011010', 'a'),
	('kkg', 'radar', 8, 'large', '1011101100100101', 'a'),
	('kkg', 'radar', 9, 'small', '1110111000100101', 'a+D'),
	('kkg', 'radar', 9, 'medium', '0100010011011010', 'A'),
	('kkg', 'radar', 9, 'large', '0100010000100101', 'a'),
	('kkg', 'scaner', 0, 'small', '1001001001111000', 'Ab'),
	('kkg', 'scaner', 0, 'medium', '1001110101111000', ''),
	('kkg', 'scaner', 0, 'large', '0110110110001000', 'B'),
	('kkg', 'scaner', 1, 'small', '0000111011101011', 'b+d'),
	('kkg', 'scaner', 1, 'medium', '0101000110110100', 'C'),
	('kkg', 'scaner', 1, 'large', '0101000101001011', 'a'),
	('kkg', 'scaner', 2, 'small', '1010111001001011', 'c'),
	('kkg', 'scaner', 2, 'medium', '1001110101111000', 'C'),
	('kkg', 'scaner', 2, 'large', '1011111101011010', 'cD'),
	('kkg', 'scaner', 3, 'small', '0000010011100001', 'd'),
	('kkg', 'scaner', 3, 'medium', '0101000110110100', 'C'),
	('kkg', 'scaner', 3, 'large', '1111101101001011', 'D+a'),
	('kkg', 'scaner', 4, 'small', '0101001001001000', 'C+B'),
	('kkg', 'scaner', 4, 'medium', '1010111010110100', 'A'),
	('kkg', 'scaner', 4, 'large', '1010000110111011', 'b'),
	('kkg', 'scaner', 5, 'small', '0110111001110100', 'Bc'),
	('kkg', 'scaner', 5, 'medium', '0101111001000100', 'B'),
	('kkg', 'scaner', 5, 'large', '0110110101110111', 'c'),
	('kkg', 'scaner', 6, 'small', '0110110101000100', 'ca'),
	('kkg', 'scaner', 6, 'medium', '0110110101110111', 'c'),
	('kkg', 'scaner', 6, 'large', '0110110110001000', 'a'),
	('kkg', 'scaner', 7, 'small', '0110001010000111', 'A'),
	('kkg', 'scaner', 7, 'medium', '1001110110000111', 'B'),
	('kkg', 'scaner', 7, 'large', '1010111010000111', 'Ac'),
	('kkg', 'scaner', 8, 'small', '1111101111100001', 'C'),
	('kkg', 'scaner', 8, 'medium', '0011011100101101', 'D'),
	('kkg', 'scaner', 8, 'large', '1111101111010010', 'a+C'),
	('kkg', 'scaner', 9, 'small', '0110001000101101', 'DA'),
	('kkg', 'scaner', 9, 'medium', '1100100000101101', 'A'),
	('kkg', 'scaner', 9, 'large', '0000010011100001', 'C'),
	('kkg', 'fuel_tank', 0, 'small', '1000101100000001', 'a'),
	('kkg', 'fuel_tank', 0, 'medium', '1000101111111110', ''),
	('kkg', 'fuel_tank', 0, 'large', '0100101100111110', 'CB'),
	('kkg', 'fuel_tank', 1, 'small', '1000101100110010', 'c+a'),
	('kkg', 'fuel_tank', 1, 'medium', '1011100011001101', 'c'),
	('kkg', 'fuel_tank', 1, 'large', '1110110110011000', 'd'),
	('kkg', 'fuel_tank', 2, 'small', '1110001010010111', 'D'),
	('kkg', 'fuel_tank', 2, 'medium', '0100100000111101', 'B'),
	('kkg', 'fuel_tank', 2, 'large', '0100100011110001', 'Ca'),
	('kkg', 'fuel_tank', 3, 'small', '1101000110100100', 'C'),
	('kkg', 'fuel_tank', 3, 'medium', '0001110101101000', 'd'),
	('kkg', 'fuel_tank', 3, 'large', '1111001110000110', 'D+C'),
	('kkg', 'fuel_tank', 4, 'small', '1110001010010111', 'A'),
	('kkg', 'fuel_tank', 4, 'medium', '0001110110010111', 'a'),
	('kkg', 'fuel_tank', 4, 'large', '0100001011001000', 'b+d'),
	('kkg', 'fuel_tank', 5, 'small', '0010000110101011', 'c'),
	('kkg', 'fuel_tank', 5, 'medium', '0001001010011000', 'b'),
	('kkg', 'fuel_tank', 5, 'large', '0100011110011000', 'Ad'),
	('kkg', 'fuel_tank', 6, 'small', '1110111001100100', 'b+C'),
	('kkg', 'fuel_tank', 6, 'medium', '0010000110101011', 'c'),
	('kkg', 'fuel_tank', 6, 'large', '0010000101010100', 'a'),
	('kkg', 'fuel_tank', 7, 'small', '0100101111000001', 'CB'),
	('kkg', 'fuel_tank', 7, 'medium', '1000101100000001', 'D'),
	('kkg', 'fuel_tank', 7, 'large', '1000101111111110', 'a'),
	('kkg', 'fuel_tank', 8, 'small', '1001101000010000', 'dC'),
	('kkg', 'fuel_tank', 8, 'medium', '1101111001010100', 'd'),
	('kkg', 'fuel_tank', 8, 'large', '0001001010011000', 'C'),
	('kkg', 'fuel_tank', 9, 'small', '1110001001011011', 'C+a'),
	('kkg', 'fuel_tank', 9, 'medium', '0010111010100100', 'B'),
	('kkg', 'fuel_tank', 9, 'large', '0001110110010111', 'c'),
	('kkg', 'shields', 0, 'small', '0010010011111101', 'A'),
	('kkg', 'shields', 0, 'medium', '1101101111111101', ''),
	('kkg', 'shields', 0, 'large', '0111101101011101', 'DB'),
	('kkg', 'shields', 1, 'small', '1011110110011011', 'D'),
	('kkg', 'shields', 1, 'medium', '0001011100110001', 'C'),
	('kkg', 'shields', 1, 'large', '0010010000110001', 'cA'),
	('kkg', 'shields', 2, 'small', '0001100011000001', 'a'),
	('kkg', 'shields', 2, 'medium', '0001100000111110', 'b'),
	('kkg', 'shields', 2, 'large', '1110011111110010', 'C+A'),
	('kkg', 'shields', 3, 'small', '1110011111000001', 'c'),
	('kkg', 'shields', 3, 'medium', '1101010011110010', 'C'),
	('kkg', 'shields', 3, 'large', '1101010000111110', 'aC'),
	('kkg', 'shields', 4, 'small', '0010010000001101', 'B+A'),
	('kkg', 'shields', 4, 'medium', '1101101111111101', 'b'),
	('kkg', 'shields', 4, 'large', '0111000101010111', 'D'),
	('kkg', 'shields', 5, 'small', '1101111000000111', 'D+B'),
	('kkg', 'shields', 5, 'medium', '0010010011111101', 'A'),
	('kkg', 'shields', 5, 'large', '1110100000110001', 'C'),
	('kkg', 'shields', 6, 'small', '0111111010100111', 'b'),
	('kkg', 'shields', 6, 'medium', '0111000110101000', 'd'),
	('kkg', 'shields', 6, 'large', '1011110110101000', 'AC'),
	('kkg', 'shields', 7, 'small', '1011001001011000', 'Ac'),
	('kkg', 'shields', 7, 'medium', '1000000101011000', 'B'),
	('kkg', 'shields', 7, 'large', '1000111001010111', 'b'),
	('kkg', 'shields', 8, 'small', '0100110101101011', 'a'),
	('kkg', 'shields', 8, 'medium', '0100110110010100', 'C'),
	('kkg', 'shields', 8, 'large', '0100001001101011', 'b+a'),
	('kkg', 'shields', 9, 'small', '0001100010010100', 'd+a'),
	('kkg', 'shields', 9, 'medium', '0100110101101011', 'a'),
	('kkg', 'shields', 9, 'large', '1011110110011011', 'B'),
	('kkg', 'lss', 0, 'small', '0100011100100011', 'b+C'),
	('kkg', 'lss', 0, 'medium', '1000100011101100', ''),
	('kkg', 'lss', 0, 'large', '0010001001000110', 'D'),
	('kkg', 'lss', 1, 'small', '1000100011101100', 'a'),
	('kkg', 'lss', 1, 'medium', '1000100000010011', 'a'),
	('kkg', 'lss', 1, 'large', '1101011101001100', 'b+d'),
	('kkg', 'lss', 2, 'small', '1000010000011111', 'c+b'),
	('kkg', 'lss', 2, 'medium', '1011101100100000', 'c'),
	('kkg', 'lss', 2, 'large', '1110111001110101', 'd'),
	('kkg', 'lss', 3, 'small', '1011101111101100', 'C+A'),
	('kkg', 'lss', 3, 'medium', '0100010000100000', 'A'),
	('kkg', 'lss', 3, 'large', '1011101100100000', 'A'),
	('kkg', 'lss', 4, 'small', '1110111001110101', 'd'),
	('kkg', 'lss', 4, 'medium', '1011101100100000', 'A'),
	('kkg', 'lss', 4, 'large', '0001000100100000', 'DA'),
	('kkg', 'lss', 5, 'small', '1000011100011100', 'c'),
	('kkg', 'lss', 5, 'medium', '1011010000101111', 'b'),
	('kkg', 'lss', 5, 'large', '0100011111011100', 'B+c'),
	('kkg', 'lss', 6, 'small', '0001000110000101', 'bA'),
	('kkg', 'lss', 6, 'medium', '0001111010000101', 'D'),
	('kkg', 'lss', 6, 'large', '0001111001111010', 'a'),
	('kkg', 'lss', 7, 'small', '0100101100101111', 'd'),
	('kkg', 'lss', 7, 'medium', '0001111001111010', 'a'),
	('kkg', 'lss', 7, 'large', '0011110001011000', 'Dc'),
	('kkg', 'lss', 8, 'small', '1110000110000101', 'c'),
	('kkg', 'lss', 8, 'medium', '1101001010110110', 'C'),
	('kkg', 'lss', 8, 'large', '1010010111000001', 'd+c'),
	('kkg', 'lss', 9, 'small', '0010011110111100', 'd+B'),
	('kkg', 'lss', 9, 'medium', '1101001001001001', 'a'),
	('kkg', 'lss', 9, 'large', '0010110101001001', 'A');
/*!40000 ALTER TABLE `base_freq_vectors` ENABLE KEYS */;


-- Дамп структуры для таблица magellan.boosts
DROP TABLE IF EXISTS `boosts`;
CREATE TABLE IF NOT EXISTS `boosts` (
  `node_type` varchar(50) NOT NULL COMMENT 'Тип узла',
  `base_time` smallint(6) NOT NULL COMMENT 'Базовое время работы',
  `az_bonus` smallint(6) NOT NULL COMMENT 'Бонус времени работы от % АЗ',
  `az_damage` smallint(6) NOT NULL COMMENT 'Урон по АЗ',
  `boost_percent` smallint(6) NOT NULL COMMENT 'Процент усиления параметров',
  `usefulness` smallint(6) NOT NULL,
  `level` smallint(6) NOT NULL,
  `code` varchar(20) NOT NULL,
  `password` varchar(20) NOT NULL,
  `used_datetime` datetime DEFAULT NULL,
  UNIQUE KEY `password` (`password`),
  KEY `FK_boosts_node_types` (`node_type`),
  CONSTRAINT `FK_boosts_node_types` FOREIGN KEY (`node_type`) REFERENCES `node_types` (`code`) ON DELETE CASCADE ON UPDATE CASCADE
) ENGINE=InnoDB DEFAULT CHARSET=utf8;

-- Дамп данных таблицы magellan.boosts: ~663 rows (приблизительно)
/*!40000 ALTER TABLE `boosts` DISABLE KEYS */;
INSERT IGNORE INTO `boosts` (`node_type`, `base_time`, `az_bonus`, `az_damage`, `boost_percent`, `usefulness`, `level`, `code`, `password`, `used_datetime`) VALUES
	('shields', 480, 120, 35, 70, 540, 1, 'P540-EM-I', '005-275-332', NULL),
	('scaner', 480, 80, 20, 110, 1430, 4, 'S520-BX-IV', '005-335-719', NULL),
	('lss', 600, 240, 15, 70, 1680, 4, 'L720-AM-IV', '005-982-586', NULL),
	('warp_engine', 420, 120, 35, 110, 754, 1, 'W480-EX-I', '008-467-608', NULL),
	('fuel_tank', 360, 120, 25, 70, 588, 1, 'F420-CM-I', '010-638-284', NULL),
	('scaner', 540, 80, 20, 110, 1595, 4, 'S580-BX-IV', '011-065-093', NULL),
	('lss', 540, 80, 40, 70, 508, 1, 'L580-FM-I', '011-995-683', NULL),
	('lss', 540, 200, 15, 70, 1493, 4, 'L640-AM-IV', '013-330-041', NULL),
	('march_engine', 420, 160, 20, 70, 875, 2, 'E500-BM-II', '015-191-211', NULL),
	('scaner', 420, 100, 15, 70, 1097, 2, 'S470-AM-II', '015-842-861', NULL),
	('warp_engine', 300, 200, 20, 90, 900, 2, 'W400-BL-II', '015-853-958', NULL),
	('shields', 540, 80, 40, 90, 653, 1, 'P580-FL-I', '016-124-990', NULL),
	('fuel_tank', 480, 240, 25, 50, 600, 1, 'F600-CS-I', '017-696-465', NULL),
	('shunter', 360, 200, 15, 90, 1380, 3, 'M460-AL-III', '019-693-015', NULL),
	('radar', 540, 120, 30, 90, 900, 2, 'R600-DL-II', '020-089-349', NULL),
	('warp_engine', 480, 80, 25, 70, 728, 1, 'W520-CM-I', '020-538-421', NULL),
	('fuel_tank', 420, 240, 30, 90, 810, 2, 'F540-DL-II', '021-030-901', NULL),
	('fuel_tank', 600, 200, 35, 90, 900, 2, 'F700-EL-II', '023-530-519', NULL),
	('shunter', 540, 200, 30, 110, 1173, 3, 'M640-DX-III', '024-897-371', NULL),
	('shields', 360, 160, 30, 110, 807, 2, 'P440-DX-II', '027-423-366', NULL),
	('march_engine', 420, 200, 40, 110, 715, 1, 'E520-FX-I', '028-176-125', NULL),
	('shields', 360, 80, 15, 110, 1467, 4, 'P400-AX-IV', '028-850-259', NULL),
	('lss', 480, 240, 20, 50, 750, 1, 'L600-BS-I', '030-614-502', NULL),
	('shields', 480, 200, 25, 50, 580, 1, 'P580-CS-I', '031-537-251', NULL),
	('march_engine', 360, 120, 20, 50, 525, 1, 'E420-BS-I', '032-635-872', NULL),
	('shields', 480, 240, 35, 70, 600, 1, 'P600-EM-I', '034-474-105', NULL),
	('fuel_tank', 600, 200, 25, 70, 980, 2, 'F700-CM-II', '035-190-648', NULL),
	('scaner', 600, 160, 35, 90, 874, 2, 'S680-EL-II', '035-844-929', NULL),
	('warp_engine', 300, 240, 15, 110, 1540, 4, 'W420-AX-IV', '037-048-850', NULL),
	('shunter', 600, 200, 35, 70, 700, 1, 'M700-EM-I', '037-192-208', NULL),
	('scaner', 480, 120, 20, 50, 675, 1, 'S540-BS-I', '038-307-250', NULL),
	('scaner', 540, 120, 25, 110, 1320, 3, 'S600-CX-III', '044-761-511', NULL),
	('march_engine', 600, 80, 15, 90, 1920, 5, 'E640-AL-V', '045-206-489', NULL),
	('lss', 360, 100, 15, 110, 1503, 4, 'L410-AX-IV', '045-991-750', NULL),
	('shields', 480, 80, 30, 110, 953, 2, 'P520-DX-II', '047-341-210', NULL),
	('warp_engine', 300, 80, 15, 110, 1247, 3, 'W340-AX-III', '047-584-445', NULL),
	('shields', 360, 200, 40, 110, 633, 1, 'P460-FX-I', '049-491-625', NULL),
	('scaner', 420, 80, 20, 90, 1035, 2, 'S460-BL-II', '050-941-577', NULL),
	('march_engine', 600, 240, 35, 90, 926, 2, 'E720-EL-II', '051-150-050', NULL),
	('warp_engine', 420, 120, 15, 110, 1760, 5, 'W480-AX-V', '052-700-945', NULL),
	('shields', 300, 160, 30, 110, 697, 1, 'P380-DX-I', '055-216-721', NULL),
	('march_engine', 360, 100, 30, 110, 752, 1, 'E410-DX-I', '057-749-219', NULL),
	('radar', 540, 120, 30, 110, 1100, 3, 'R600-DX-III', '058-423-975', NULL),
	('fuel_tank', 480, 80, 25, 90, 936, 2, 'F520-CL-II', '058-511-370', NULL),
	('radar', 540, 80, 30, 70, 677, 1, 'R580-DM-I', '060-548-479', NULL),
	('lss', 480, 120, 25, 110, 1188, 3, 'L540-CX-III', '064-484-228', NULL),
	('lss', 600, 240, 20, 70, 1260, 3, 'L720-BM-III', '065-152-915', NULL),
	('radar', 540, 160, 30, 90, 930, 2, 'R620-DL-II', '065-475-760', NULL),
	('warp_engine', 600, 80, 20, 70, 1120, 3, 'W640-BM-III', '065-487-445', NULL),
	('warp_engine', 420, 240, 40, 90, 608, 1, 'W540-FL-I', '065-822-906', NULL),
	('warp_engine', 480, 200, 15, 70, 1353, 3, 'W580-AM-III', '066-578-366', NULL),
	('radar', 540, 240, 20, 70, 1155, 3, 'R660-BM-III', '068-863-699', NULL),
	('march_engine', 420, 240, 35, 110, 849, 2, 'E540-EX-II', '070-331-660', NULL),
	('shields', 600, 100, 30, 50, 542, 1, 'P650-DS-I', '072-139-141', NULL),
	('shunter', 420, 200, 35, 70, 520, 1, 'M520-EM-I', '074-574-982', NULL),
	('lss', 480, 100, 35, 90, 681, 1, 'L530-EL-I', '075-641-969', NULL),
	('scaner', 600, 160, 15, 70, 1587, 4, 'S680-AM-IV', '078-917-963', NULL),
	('shields', 480, 240, 25, 90, 1080, 2, 'P600-CL-II', '081-445-949', NULL),
	('lss', 480, 80, 35, 70, 520, 1, 'L520-EM-I', '082-528-280', NULL),
	('fuel_tank', 360, 100, 20, 50, 513, 1, 'F410-BS-I', '083-375-057', NULL),
	('fuel_tank', 600, 160, 30, 50, 567, 1, 'F680-DS-I', '084-258-969', NULL),
	('shunter', 480, 160, 20, 70, 980, 2, 'M560-BM-II', '088-605-982', NULL),
	('fuel_tank', 420, 80, 20, 70, 805, 2, 'F460-BM-II', '089-733-296', NULL),
	('lss', 360, 80, 40, 110, 550, 1, 'L400-FX-I', '090-209-881', NULL),
	('march_engine', 540, 160, 25, 50, 620, 1, 'E620-CS-I', '092-719-929', NULL),
	('scaner', 600, 160, 30, 110, 1247, 3, 'S680-DX-III', '092-813-537', NULL),
	('shields', 300, 160, 25, 110, 836, 2, 'P380-CX-II', '093-013-715', NULL),
	('lss', 300, 120, 25, 90, 648, 1, 'L360-CL-I', '093-448-311', NULL),
	('warp_engine', 600, 200, 40, 70, 613, 1, 'W700-FM-I', '093-638-474', NULL),
	('shunter', 360, 240, 15, 110, 1760, 5, 'M480-AX-V', '093-649-122', NULL),
	('scaner', 360, 200, 25, 90, 828, 2, 'S460-CL-II', '093-830-730', NULL),
	('lss', 600, 100, 35, 90, 836, 2, 'L650-EL-II', '094-281-306', NULL),
	('radar', 300, 240, 40, 110, 578, 1, 'R420-FX-I', '094-395-593', NULL),
	('march_engine', 600, 100, 30, 70, 758, 1, 'E650-DM-I', '095-498-447', NULL),
	('lss', 600, 200, 25, 90, 1260, 3, 'L700-CL-III', '097-307-216', NULL),
	('lss', 480, 120, 30, 110, 990, 2, 'L540-DX-II', '102-584-491', NULL),
	('warp_engine', 540, 80, 15, 90, 1740, 5, 'W580-AL-V', '105-862-342', NULL),
	('radar', 480, 80, 40, 90, 585, 1, 'R520-FL-I', '106-477-608', NULL),
	('warp_engine', 480, 160, 25, 110, 1232, 3, 'W560-CX-III', '107-619-093', NULL),
	('shields', 420, 160, 30, 90, 750, 1, 'P500-DL-I', '109-168-672', NULL),
	('march_engine', 360, 120, 15, 50, 700, 1, 'E420-AS-I', '109-309-512', NULL),
	('march_engine', 480, 160, 40, 90, 630, 1, 'E560-FL-I', '109-579-011', NULL),
	('shields', 360, 160, 20, 90, 990, 2, 'P440-BL-II', '111-156-122', NULL),
	('fuel_tank', 540, 100, 35, 110, 927, 2, 'F590-EX-II', '111-521-379', NULL),
	('warp_engine', 420, 160, 35, 70, 500, 1, 'W500-EM-I', '112-528-287', NULL),
	('shunter', 480, 240, 25, 70, 840, 2, 'M600-CM-II', '114-334-586', NULL),
	('fuel_tank', 420, 120, 20, 90, 1080, 2, 'F480-BL-II', '114-408-896', NULL),
	('warp_engine', 480, 100, 20, 110, 1458, 4, 'W530-BX-IV', '115-401-506', NULL),
	('march_engine', 480, 100, 15, 90, 1590, 4, 'E530-AL-IV', '116-251-475', NULL),
	('warp_engine', 600, 80, 25, 50, 640, 1, 'W640-CS-I', '116-941-651', NULL),
	('radar', 480, 120, 20, 90, 1215, 3, 'R540-BL-III', '117-368-008', NULL),
	('shields', 420, 80, 30, 110, 843, 2, 'P460-DX-II', '118-362-325', NULL),
	('march_engine', 540, 200, 35, 70, 640, 1, 'E640-EM-I', '120-316-239', NULL),
	('radar', 540, 100, 40, 70, 516, 1, 'R590-FM-I', '120-394-088', NULL),
	('march_engine', 480, 80, 15, 110, 1907, 5, 'E520-AX-V', '122-672-846', NULL),
	('fuel_tank', 480, 80, 30, 70, 607, 1, 'F520-DM-I', '123-367-081', NULL),
	('shields', 420, 120, 30, 70, 560, 1, 'P480-DM-I', '125-031-991', NULL),
	('lss', 360, 240, 35, 110, 754, 1, 'L480-EX-I', '125-914-206', NULL),
	('shields', 540, 100, 40, 90, 664, 1, 'P590-FL-I', '128-292-182', NULL),
	('shunter', 300, 80, 20, 70, 595, 1, 'M340-BM-I', '129-827-286', NULL),
	('fuel_tank', 420, 200, 15, 70, 1213, 3, 'F520-AM-III', '130-030-836', NULL),
	('warp_engine', 540, 80, 35, 70, 580, 1, 'W580-EM-I', '132-759-323', NULL),
	('lss', 420, 240, 20, 70, 945, 2, 'L540-BM-II', '133-166-392', NULL),
	('shields', 300, 240, 35, 110, 660, 1, 'P420-EX-I', '134-415-008', NULL),
	('warp_engine', 480, 120, 25, 90, 972, 2, 'W540-CL-II', '136-525-326', NULL),
	('fuel_tank', 300, 160, 15, 90, 1140, 3, 'F380-AL-III', '137-051-314', NULL),
	('march_engine', 360, 240, 15, 70, 1120, 3, 'E480-AM-III', '140-084-175', NULL),
	('march_engine', 600, 120, 20, 110, 1815, 5, 'E660-BX-V', '142-398-453', NULL),
	('scaner', 480, 240, 20, 110, 1650, 4, 'S600-BX-IV', '142-841-404', NULL),
	('shunter', 480, 100, 25, 110, 1166, 3, 'M530-CX-III', '145-822-205', NULL),
	('shunter', 420, 100, 15, 50, 783, 1, 'M470-AS-I', '148-724-929', NULL),
	('fuel_tank', 420, 160, 20, 90, 1125, 3, 'F500-BL-III', '150-285-622', NULL),
	('warp_engine', 300, 200, 30, 90, 600, 1, 'W400-DL-I', '153-679-436', NULL),
	('march_engine', 540, 240, 25, 110, 1452, 4, 'E660-CX-IV', '154-840-342', NULL),
	('warp_engine', 480, 120, 40, 110, 743, 1, 'W540-FX-I', '157-575-883', NULL),
	('march_engine', 600, 100, 25, 110, 1430, 4, 'E650-CX-IV', '158-161-278', NULL),
	('scaner', 360, 160, 20, 70, 770, 1, 'S440-BM-I', '158-617-022', NULL),
	('march_engine', 420, 200, 15, 50, 867, 2, 'E520-AS-II', '159-191-818', NULL),
	('scaner', 300, 100, 20, 110, 963, 2, 'S350-BX-II', '159-430-773', NULL),
	('shields', 540, 100, 20, 50, 738, 1, 'P590-BS-I', '159-733-116', NULL),
	('shields', 540, 200, 20, 110, 1760, 5, 'P640-BX-V', '160-600-129', NULL),
	('lss', 300, 100, 20, 70, 613, 1, 'L350-BM-I', '160-852-672', NULL),
	('warp_engine', 420, 240, 35, 70, 540, 1, 'W540-EM-I', '161-901-877', NULL),
	('warp_engine', 480, 120, 25, 50, 540, 1, 'W540-CS-I', '162-691-962', NULL),
	('march_engine', 360, 120, 15, 70, 980, 2, 'E420-AM-II', '163-240-008', NULL),
	('shunter', 420, 240, 20, 50, 675, 1, 'M540-BS-I', '163-578-676', NULL),
	('shields', 360, 100, 20, 90, 923, 2, 'P410-BL-II', '163-761-522', NULL),
	('fuel_tank', 480, 200, 20, 90, 1305, 3, 'F580-BL-III', '164-026-806', NULL),
	('lss', 420, 200, 30, 70, 607, 1, 'L520-DM-I', '166-908-624', NULL),
	('march_engine', 300, 80, 25, 90, 612, 1, 'E340-CL-I', '169-562-379', NULL),
	('shields', 480, 200, 35, 70, 580, 1, 'P580-EM-I', '170-201-456', NULL),
	('lss', 480, 200, 40, 70, 508, 1, 'L580-FM-I', '171-798-934', NULL),
	('march_engine', 360, 120, 20, 70, 735, 1, 'E420-BM-I', '176-100-202', NULL),
	('warp_engine', 300, 120, 20, 110, 990, 2, 'W360-BX-II', '176-197-038', NULL),
	('lss', 480, 160, 15, 90, 1680, 4, 'L560-AL-IV', '177-762-485', NULL),
	('shunter', 540, 200, 30, 90, 960, 2, 'M640-DL-II', '184-116-961', NULL),
	('shields', 600, 160, 40, 110, 935, 2, 'P680-FX-II', '185-771-920', NULL),
	('lss', 540, 200, 15, 50, 1067, 2, 'L640-AS-II', '186-074-551', NULL),
	('shields', 360, 160, 35, 90, 566, 1, 'P440-EL-I', '187-661-032', NULL),
	('fuel_tank', 600, 240, 15, 50, 1200, 3, 'F720-AS-III', '187-784-348', NULL),
	('shunter', 360, 240, 15, 90, 1440, 4, 'M480-AL-IV', '189-736-898', NULL),
	('fuel_tank', 600, 120, 35, 90, 849, 2, 'F660-EL-II', '190-918-952', NULL),
	('shields', 540, 120, 35, 70, 600, 1, 'P600-EM-I', '200-836-984', NULL),
	('fuel_tank', 600, 160, 25, 70, 952, 2, 'F680-CM-II', '204-626-048', NULL),
	('lss', 480, 120, 15, 70, 1260, 3, 'L540-AM-III', '206-243-585', NULL),
	('lss', 480, 240, 30, 90, 900, 2, 'L600-DL-II', '207-532-406', NULL),
	('shunter', 480, 100, 30, 90, 795, 1, 'M530-DL-I', '208-687-407', NULL),
	('shunter', 480, 200, 30, 90, 870, 2, 'M580-DL-II', '209-278-870', NULL),
	('warp_engine', 300, 160, 15, 50, 633, 1, 'W380-AS-I', '211-274-205', NULL),
	('warp_engine', 480, 200, 15, 90, 1740, 5, 'W580-AL-V', '215-679-011', NULL),
	('lss', 540, 80, 20, 90, 1305, 3, 'L580-BL-III', '216-561-695', NULL),
	('lss', 540, 160, 20, 50, 775, 1, 'L620-BS-I', '217-399-145', NULL),
	('scaner', 480, 100, 25, 90, 954, 2, 'S530-CL-II', '218-235-247', NULL),
	('radar', 300, 200, 35, 90, 514, 1, 'R400-EL-I', '224-810-422', NULL),
	('lss', 360, 200, 25, 70, 644, 1, 'L460-CM-I', '225-606-960', NULL),
	('shields', 540, 200, 15, 90, 1920, 5, 'P640-AL-V', '227-724-791', NULL),
	('march_engine', 300, 240, 20, 70, 735, 1, 'E420-BM-I', '227-907-587', NULL),
	('shields', 600, 160, 20, 110, 1870, 5, 'P680-BX-V', '228-969-556', NULL),
	('warp_engine', 480, 100, 25, 70, 742, 1, 'W530-CM-I', '229-361-318', NULL),
	('lss', 420, 120, 20, 70, 840, 2, 'L480-BM-II', '229-990-895', NULL),
	('march_engine', 360, 160, 25, 110, 968, 2, 'E440-CX-II', '230-397-063', NULL),
	('radar', 540, 100, 20, 90, 1328, 3, 'R590-BL-III', '231-466-674', NULL),
	('lss', 540, 120, 40, 110, 825, 2, 'L600-FX-II', '232-198-940', NULL),
	('shunter', 540, 240, 20, 110, 1815, 5, 'M660-BX-V', '232-983-270', NULL),
	('lss', 480, 160, 15, 70, 1307, 3, 'L560-AM-III', '236-718-812', NULL),
	('march_engine', 300, 240, 20, 50, 525, 1, 'E420-BS-I', '236-915-301', NULL),
	('fuel_tank', 420, 80, 30, 70, 537, 1, 'F460-DM-I', '237-315-174', NULL),
	('fuel_tank', 540, 120, 15, 50, 1000, 2, 'F600-AS-II', '237-495-134', NULL),
	('scaner', 360, 100, 30, 90, 615, 1, 'S410-DL-I', '237-936-686', NULL),
	('shields', 600, 100, 25, 90, 1170, 3, 'P650-CL-III', '240-311-798', NULL),
	('march_engine', 480, 120, 20, 70, 945, 2, 'E540-BM-II', '240-545-648', NULL),
	('fuel_tank', 540, 100, 25, 110, 1298, 3, 'F590-CX-III', '241-749-135', NULL),
	('march_engine', 300, 200, 15, 70, 933, 2, 'E400-AM-II', '244-761-219', NULL),
	('fuel_tank', 600, 200, 40, 110, 963, 2, 'F700-FX-II', '247-289-068', NULL),
	('fuel_tank', 540, 200, 20, 90, 1440, 4, 'F640-BL-IV', '247-491-106', NULL),
	('shunter', 300, 200, 15, 90, 1200, 3, 'M400-AL-III', '249-918-037', NULL),
	('shields', 360, 80, 30, 90, 600, 1, 'P400-DL-I', '250-335-741', NULL),
	('march_engine', 420, 100, 35, 90, 604, 1, 'E470-EL-I', '252-495-416', NULL),
	('warp_engine', 540, 120, 20, 90, 1350, 3, 'W600-BL-III', '254-435-632', NULL),
	('warp_engine', 600, 120, 30, 110, 1210, 3, 'W660-DX-III', '254-494-943', NULL),
	('march_engine', 540, 240, 15, 50, 1100, 3, 'E660-AS-III', '254-735-344', NULL),
	('fuel_tank', 300, 200, 15, 110, 1467, 4, 'F400-AX-IV', '255-980-863', NULL),
	('shunter', 300, 100, 30, 110, 642, 1, 'M350-DX-I', '256-667-726', NULL),
	('lss', 600, 80, 25, 90, 1152, 3, 'L640-CL-III', '258-644-910', NULL),
	('shields', 300, 160, 35, 110, 597, 1, 'P380-EX-I', '259-472-097', NULL),
	('shields', 540, 160, 15, 90, 1860, 5, 'P620-AL-V', '260-382-400', NULL),
	('fuel_tank', 300, 240, 20, 90, 945, 2, 'F420-BL-II', '261-591-872', NULL),
	('lss', 540, 200, 25, 110, 1408, 4, 'L640-CX-IV', '262-118-802', NULL),
	('shunter', 480, 160, 30, 90, 840, 2, 'M560-DL-II', '263-627-434', NULL),
	('lss', 300, 200, 15, 50, 667, 1, 'L400-AS-I', '268-145-294', NULL),
	('march_engine', 540, 100, 25, 70, 826, 2, 'E590-CM-II', '271-561-197', NULL),
	('march_engine', 300, 120, 15, 50, 600, 1, 'E360-AS-I', '272-566-219', NULL),
	('march_engine', 600, 240, 40, 90, 810, 2, 'E720-FL-II', '276-986-192', NULL),
	('fuel_tank', 300, 200, 20, 50, 500, 1, 'F400-BS-I', '277-119-443', NULL),
	('march_engine', 480, 160, 25, 70, 784, 1, 'E560-CM-I', '278-062-368', NULL),
	('lss', 360, 120, 25, 90, 756, 1, 'L420-CL-I', '278-167-547', NULL),
	('shields', 420, 160, 40, 110, 688, 1, 'P500-FX-I', '279-908-174', NULL),
	('warp_engine', 300, 240, 20, 110, 1155, 3, 'W420-BX-III', '279-923-660', NULL),
	('fuel_tank', 300, 200, 20, 70, 700, 1, 'F400-BM-I', '281-118-967', NULL),
	('radar', 300, 240, 15, 90, 1260, 3, 'R420-AL-III', '282-105-350', NULL),
	('march_engine', 420, 240, 20, 110, 1485, 4, 'E540-BX-IV', '283-555-826', NULL),
	('fuel_tank', 420, 240, 25, 70, 756, 1, 'F540-CM-I', '286-146-690', NULL),
	('lss', 540, 100, 15, 50, 983, 2, 'L590-AS-II', '286-880-446', NULL),
	('march_engine', 360, 160, 30, 70, 513, 1, 'E440-DM-I', '288-280-785', NULL),
	('march_engine', 300, 240, 25, 110, 924, 2, 'E420-CX-II', '289-535-047', NULL),
	('lss', 480, 160, 15, 50, 933, 2, 'L560-AS-II', '291-419-787', NULL),
	('march_engine', 600, 160, 20, 70, 1190, 3, 'E680-BM-III', '291-667-389', NULL),
	('fuel_tank', 420, 100, 20, 110, 1293, 3, 'F470-BX-III', '292-183-116', NULL),
	('fuel_tank', 600, 200, 35, 50, 500, 1, 'F700-ES-I', '293-542-498', NULL),
	('shields', 600, 160, 25, 110, 1496, 4, 'P680-CX-IV', '294-258-382', NULL),
	('shunter', 480, 160, 40, 110, 770, 1, 'M560-FX-I', '297-565-610', NULL),
	('shunter', 420, 80, 15, 70, 1073, 2, 'M460-AM-II', '298-439-283', NULL),
	('lss', 480, 100, 20, 90, 1193, 3, 'L530-BL-III', '301-383-929', NULL),
	('lss', 540, 240, 25, 50, 660, 1, 'L660-CS-I', '301-633-375', NULL),
	('lss', 420, 200, 35, 90, 669, 1, 'L520-EL-I', '303-631-152', NULL),
	('lss', 540, 160, 20, 110, 1705, 5, 'L620-BX-V', '304-338-054', NULL),
	('march_engine', 540, 100, 30, 90, 885, 2, 'E590-DL-II', '304-526-444', NULL),
	('shunter', 600, 80, 30, 110, 1173, 3, 'M640-DX-III', '304-877-240', NULL),
	('fuel_tank', 540, 160, 35, 110, 974, 2, 'F620-EX-II', '306-286-393', NULL),
	('shields', 300, 120, 20, 70, 630, 1, 'P360-BM-I', '306-678-728', NULL),
	('lss', 480, 100, 30, 110, 972, 2, 'L530-DX-II', '307-556-430', NULL),
	('lss', 600, 80, 35, 70, 640, 1, 'L640-EM-I', '307-659-927', NULL),
	('warp_engine', 420, 100, 15, 90, 1410, 4, 'W470-AL-IV', '308-664-186', NULL),
	('warp_engine', 600, 200, 35, 110, 1100, 3, 'W700-EX-III', '309-354-082', NULL),
	('warp_engine', 540, 120, 15, 90, 1800, 5, 'W600-AL-V', '310-617-015', NULL),
	('shields', 600, 100, 15, 70, 1517, 4, 'P650-AM-IV', '311-958-074', NULL),
	('lss', 600, 240, 30, 110, 1320, 3, 'L720-DX-III', '312-459-364', NULL),
	('scaner', 480, 100, 25, 50, 530, 1, 'S530-CS-I', '313-296-425', NULL),
	('shunter', 600, 200, 15, 70, 1633, 4, 'M700-AM-IV', '314-026-795', NULL),
	('shunter', 300, 100, 20, 90, 788, 1, 'M350-BL-I', '314-784-823', NULL),
	('radar', 420, 100, 20, 90, 1058, 2, 'R470-BL-II', '316-246-672', NULL),
	('radar', 600, 80, 35, 90, 823, 2, 'R640-EL-II', '318-231-787', NULL),
	('shields', 300, 80, 15, 90, 1020, 2, 'P340-AL-II', '318-618-062', NULL),
	('lss', 360, 240, 25, 110, 1056, 2, 'L480-CX-II', '319-216-286', NULL),
	('lss', 420, 80, 15, 110, 1687, 4, 'L460-AX-IV', '320-039-846', NULL),
	('warp_engine', 540, 100, 25, 50, 590, 1, 'W590-CS-I', '322-432-935', NULL),
	('radar', 480, 100, 30, 70, 618, 1, 'R530-DM-I', '322-773-016', NULL),
	('shunter', 300, 120, 25, 110, 792, 1, 'M360-CX-I', '324-130-664', NULL),
	('scaner', 360, 100, 40, 110, 564, 1, 'S410-FX-I', '325-305-933', NULL),
	('march_engine', 540, 120, 25, 50, 600, 1, 'E600-CS-I', '328-673-926', NULL),
	('shields', 480, 120, 35, 110, 849, 2, 'P540-EX-II', '330-807-879', NULL),
	('lss', 540, 80, 30, 110, 1063, 2, 'L580-DX-II', '332-312-402', NULL),
	('warp_engine', 480, 160, 35, 90, 720, 1, 'W560-EL-I', '332-716-133', NULL),
	('march_engine', 360, 100, 35, 90, 527, 1, 'E410-EL-I', '333-561-376', NULL),
	('lss', 420, 80, 20, 110, 1265, 3, 'L460-BX-III', '333-600-699', NULL),
	('radar', 360, 80, 20, 50, 500, 1, 'R400-BS-I', '334-149-668', NULL),
	('lss', 360, 80, 15, 50, 667, 1, 'L400-AS-I', '337-500-274', NULL),
	('warp_engine', 300, 200, 20, 110, 1100, 3, 'W400-BX-III', '339-624-527', NULL),
	('warp_engine', 300, 200, 35, 110, 629, 1, 'W400-EX-I', '343-270-112', NULL),
	('fuel_tank', 300, 240, 35, 90, 540, 1, 'F420-EL-I', '346-788-618', NULL),
	('lss', 600, 200, 30, 50, 583, 1, 'L700-DS-I', '348-787-641', NULL),
	('warp_engine', 540, 200, 25, 90, 1152, 3, 'W640-CL-III', '352-454-691', NULL),
	('lss', 420, 240, 30, 70, 630, 1, 'L540-DM-I', '357-442-515', NULL),
	('fuel_tank', 480, 80, 15, 50, 867, 2, 'F520-AS-II', '360-349-709', NULL),
	('radar', 420, 160, 15, 70, 1167, 3, 'R500-AM-III', '362-982-311', NULL),
	('shunter', 480, 240, 30, 50, 500, 1, 'M600-DS-I', '366-571-001', NULL),
	('march_engine', 540, 160, 25, 90, 1116, 3, 'E620-CL-III', '366-777-062', NULL),
	('shields', 480, 200, 40, 90, 653, 1, 'P580-FL-I', '369-026-884', NULL),
	('shields', 360, 100, 35, 110, 644, 1, 'P410-EX-I', '369-177-073', NULL),
	('shunter', 360, 120, 35, 90, 540, 1, 'M420-EL-I', '369-753-059', NULL),
	('shields', 540, 120, 20, 50, 750, 1, 'P600-BS-I', '372-068-515', NULL),
	('radar', 300, 160, 20, 70, 665, 1, 'R380-BM-I', '374-342-724', NULL),
	('march_engine', 480, 240, 15, 50, 1000, 2, 'E600-AS-II', '374-598-776', NULL),
	('fuel_tank', 540, 120, 25, 90, 1080, 2, 'F600-CL-II', '374-676-537', NULL),
	('shields', 420, 80, 35, 110, 723, 1, 'P460-EX-I', '374-825-738', NULL),
	('lss', 540, 240, 25, 70, 924, 2, 'L660-CM-II', '375-118-004', NULL),
	('march_engine', 600, 120, 15, 50, 1100, 3, 'E660-AS-III', '375-411-178', NULL),
	('shields', 540, 100, 35, 90, 759, 1, 'P590-EL-I', '377-632-529', NULL),
	('march_engine', 600, 240, 25, 110, 1584, 4, 'E720-CX-IV', '379-966-698', NULL),
	('lss', 480, 120, 15, 90, 1620, 4, 'L540-AL-IV', '380-465-568', NULL),
	('shields', 540, 160, 35, 90, 797, 1, 'P620-EL-I', '380-892-080', NULL),
	('shields', 600, 100, 35, 70, 650, 1, 'P650-EM-I', '381-853-708', NULL),
	('shields', 480, 160, 30, 70, 653, 1, 'P560-DM-I', '383-201-303', NULL),
	('shields', 420, 160, 25, 50, 500, 1, 'P500-CS-I', '383-333-038', NULL),
	('warp_engine', 600, 120, 25, 70, 924, 2, 'W660-CM-II', '384-751-191', NULL),
	('radar', 300, 240, 25, 70, 588, 1, 'R420-CM-I', '385-521-924', NULL),
	('lss', 480, 120, 20, 110, 1485, 4, 'L540-BX-IV', '386-568-740', NULL),
	('warp_engine', 300, 80, 20, 110, 935, 2, 'W340-BX-II', '387-691-720', NULL),
	('march_engine', 420, 80, 15, 90, 1380, 3, 'E460-AL-III', '392-409-332', NULL),
	('fuel_tank', 540, 240, 20, 50, 825, 2, 'F660-BS-II', '392-724-856', NULL),
	('radar', 600, 240, 35, 70, 720, 1, 'R720-EM-I', '393-968-715', NULL),
	('lss', 540, 80, 40, 110, 798, 1, 'L580-FX-I', '395-158-809', NULL),
	('fuel_tank', 360, 120, 20, 90, 945, 2, 'F420-BL-II', '397-714-452', NULL),
	('shields', 540, 80, 15, 70, 1353, 3, 'P580-AM-III', '399-573-117', NULL),
	('radar', 540, 120, 40, 90, 675, 1, 'R600-FL-I', '400-546-759', NULL),
	('shunter', 600, 160, 40, 70, 595, 1, 'M680-FM-I', '402-010-052', NULL),
	('shields', 540, 200, 20, 70, 1120, 3, 'P640-BM-III', '402-774-854', NULL),
	('march_engine', 600, 80, 30, 90, 960, 2, 'E640-DL-II', '403-164-832', NULL),
	('warp_engine', 600, 160, 35, 110, 1069, 2, 'W680-EX-II', '404-354-602', NULL),
	('shunter', 540, 240, 30, 70, 770, 1, 'M660-DM-I', '407-693-485', NULL),
	('shields', 360, 160, 40, 110, 605, 1, 'P440-FX-I', '408-696-176', NULL),
	('shields', 600, 120, 40, 70, 578, 1, 'P660-FM-I', '409-259-173', NULL),
	('lss', 600, 100, 40, 110, 894, 2, 'L650-FX-II', '410-746-443', NULL),
	('lss', 540, 80, 20, 70, 1015, 2, 'L580-BM-II', '414-471-739', NULL),
	('shunter', 480, 240, 20, 90, 1350, 3, 'M600-BL-III', '415-044-811', NULL),
	('lss', 600, 80, 40, 70, 560, 1, 'L640-FM-I', '416-774-213', NULL),
	('scaner', 300, 160, 20, 90, 855, 2, 'S380-BL-II', '417-848-503', NULL),
	('fuel_tank', 600, 240, 25, 90, 1296, 3, 'F720-CL-III', '423-025-435', NULL),
	('warp_engine', 360, 240, 15, 50, 800, 2, 'W480-AS-II', '424-268-269', NULL),
	('shields', 600, 80, 15, 70, 1493, 4, 'P640-AM-IV', '424-952-066', NULL),
	('fuel_tank', 540, 240, 25, 90, 1188, 3, 'F660-CL-III', '427-590-146', NULL),
	('radar', 300, 120, 30, 110, 660, 1, 'R360-DX-I', '428-160-998', NULL),
	('shunter', 360, 240, 30, 110, 880, 2, 'M480-DX-II', '430-119-992', NULL),
	('lss', 480, 160, 20, 110, 1540, 4, 'L560-BX-IV', '431-921-649', NULL),
	('warp_engine', 600, 200, 30, 90, 1050, 2, 'W700-DL-II', '432-413-638', NULL),
	('lss', 540, 160, 30, 50, 517, 1, 'L620-DS-I', '432-609-372', NULL),
	('shields', 360, 240, 20, 70, 840, 2, 'P480-BM-II', '434-737-718', NULL),
	('shunter', 540, 100, 30, 70, 688, 1, 'M590-DM-I', '435-210-211', NULL),
	('shields', 540, 160, 15, 70, 1447, 4, 'P620-AM-IV', '440-018-205', NULL),
	('lss', 360, 200, 30, 90, 690, 1, 'L460-DL-I', '440-567-912', NULL),
	('shunter', 360, 240, 40, 90, 540, 1, 'M480-FL-I', '441-057-210', NULL),
	('shields', 360, 240, 20, 110, 1320, 3, 'P480-BX-III', '441-915-801', NULL),
	('lss', 300, 80, 15, 50, 567, 1, 'L340-AS-I', '444-423-166', NULL),
	('lss', 600, 80, 20, 110, 1760, 5, 'L640-BX-V', '445-343-084', NULL),
	('lss', 540, 100, 35, 70, 590, 1, 'L590-EM-I', '447-599-303', NULL),
	('shields', 360, 120, 40, 110, 578, 1, 'P420-FX-I', '450-693-706', NULL),
	('fuel_tank', 480, 160, 35, 70, 560, 1, 'F560-EM-I', '452-464-112', NULL),
	('lss', 480, 200, 20, 70, 1015, 2, 'L580-BM-II', '452-511-531', NULL),
	('shields', 480, 100, 15, 110, 1943, 5, 'P530-AX-V', '453-667-132', NULL),
	('warp_engine', 300, 200, 40, 110, 550, 1, 'W400-FX-I', '454-073-274', NULL),
	('march_engine', 480, 120, 35, 90, 694, 1, 'E540-EL-I', '455-662-580', NULL),
	('march_engine', 360, 200, 20, 50, 575, 1, 'E460-BS-I', '457-505-797', NULL),
	('fuel_tank', 420, 240, 15, 90, 1620, 4, 'F540-AL-IV', '458-726-430', NULL),
	('march_engine', 600, 160, 15, 50, 1133, 3, 'E680-AS-III', '460-386-893', NULL),
	('march_engine', 300, 160, 15, 110, 1393, 3, 'E380-AX-III', '461-740-300', NULL),
	('shields', 300, 240, 30, 110, 770, 1, 'P420-DX-I', '462-558-752', NULL),
	('march_engine', 480, 240, 35, 110, 943, 2, 'E600-EX-II', '463-800-611', NULL),
	('shunter', 480, 80, 35, 90, 669, 1, 'M520-EL-I', '464-756-742', NULL),
	('lss', 360, 160, 15, 50, 733, 1, 'L440-AS-I', '468-706-118', NULL),
	('warp_engine', 300, 100, 35, 110, 550, 1, 'W350-EX-I', '470-885-747', NULL),
	('shunter', 360, 100, 20, 110, 1128, 3, 'M410-BX-III', '472-756-210', NULL),
	('fuel_tank', 600, 100, 30, 90, 975, 2, 'F650-DL-II', '473-363-347', NULL),
	('lss', 540, 80, 35, 110, 911, 2, 'L580-EX-II', '478-295-377', NULL),
	('shields', 480, 80, 35, 110, 817, 2, 'P520-EX-II', '478-871-403', NULL),
	('shunter', 300, 160, 25, 70, 532, 1, 'M380-CM-I', '480-103-921', NULL),
	('march_engine', 600, 100, 40, 70, 569, 1, 'E650-FM-I', '480-273-224', NULL),
	('lss', 600, 120, 30, 90, 990, 2, 'L660-DL-II', '482-555-135', NULL),
	('shields', 360, 80, 15, 90, 1200, 3, 'P400-AL-III', '484-691-443', NULL),
	('shields', 540, 240, 40, 110, 908, 2, 'P660-FX-II', '484-821-093', NULL),
	('fuel_tank', 600, 240, 35, 50, 514, 1, 'F720-ES-I', '485-320-079', NULL),
	('fuel_tank', 480, 80, 25, 50, 520, 1, 'F520-CS-I', '487-349-214', NULL),
	('shunter', 600, 240, 40, 70, 630, 1, 'M720-FM-I', '487-711-267', NULL),
	('lss', 420, 240, 20, 90, 1215, 3, 'L540-BL-III', '488-157-527', NULL),
	('warp_engine', 420, 80, 25, 110, 1012, 2, 'W460-CX-II', '491-782-432', NULL),
	('fuel_tank', 600, 120, 15, 70, 1540, 4, 'F660-AM-IV', '493-278-647', NULL),
	('lss', 480, 240, 35, 90, 771, 1, 'L600-EL-I', '493-402-589', NULL),
	('warp_engine', 480, 240, 15, 70, 1400, 4, 'W600-AM-IV', '493-566-378', NULL),
	('fuel_tank', 420, 100, 25, 90, 846, 2, 'F470-CL-II', '493-621-417', NULL),
	('lss', 420, 120, 15, 90, 1440, 4, 'L480-AL-IV', '496-009-145', NULL),
	('lss', 360, 80, 20, 70, 700, 1, 'L400-BM-I', '496-014-777', NULL),
	('shields', 360, 100, 15, 70, 957, 2, 'P410-AM-II', '496-175-820', NULL),
	('march_engine', 300, 120, 25, 70, 504, 1, 'E360-CM-I', '498-864-432', NULL),
	('shields', 600, 120, 40, 110, 908, 2, 'P660-FX-II', '499-657-815', NULL),
	('shunter', 480, 120, 30, 70, 630, 1, 'M540-DM-I', '501-143-515', NULL),
	('radar', 540, 160, 25, 110, 1364, 3, 'R620-CX-III', '503-393-805', NULL),
	('shields', 600, 240, 20, 110, 1980, 5, 'P720-BX-V', '503-710-880', NULL),
	('shunter', 600, 120, 20, 90, 1485, 4, 'M660-BL-IV', '504-271-715', NULL),
	('shields', 360, 100, 20, 70, 718, 1, 'P410-BM-I', '506-052-488', NULL),
	('warp_engine', 360, 200, 20, 90, 1035, 2, 'W460-BL-II', '506-666-809', NULL),
	('lss', 420, 160, 15, 50, 833, 2, 'L500-AS-II', '506-678-425', NULL),
	('lss', 420, 80, 35, 90, 591, 1, 'L460-EL-I', '508-480-521', NULL),
	('lss', 540, 100, 20, 110, 1623, 4, 'L590-BX-IV', '510-473-437', NULL),
	('radar', 540, 240, 20, 90, 1485, 4, 'R660-BL-IV', '510-696-967', NULL),
	('shunter', 540, 160, 40, 70, 543, 1, 'M620-FM-I', '512-839-518', NULL),
	('lss', 540, 80, 25, 90, 1044, 2, 'L580-CL-II', '516-179-097', NULL),
	('lss', 600, 200, 20, 90, 1575, 4, 'L700-BL-IV', '516-464-321', NULL),
	('shunter', 360, 100, 15, 90, 1230, 3, 'M410-AL-III', '516-531-676', NULL),
	('shunter', 420, 80, 15, 50, 767, 1, 'M460-AS-I', '519-730-589', NULL),
	('lss', 420, 160, 15, 110, 1833, 5, 'L500-AX-V', '524-884-103', NULL),
	('fuel_tank', 600, 120, 30, 70, 770, 1, 'F660-DM-I', '525-147-210', NULL),
	('warp_engine', 480, 200, 40, 110, 798, 1, 'W580-FX-I', '526-389-041', NULL),
	('shields', 600, 80, 40, 90, 720, 1, 'P640-FL-I', '528-615-200', NULL),
	('scaner', 420, 200, 20, 110, 1430, 4, 'S520-BX-IV', '533-126-774', NULL),
	('scaner', 600, 100, 20, 50, 813, 2, 'S650-BS-II', '534-575-583', NULL),
	('march_engine', 300, 100, 15, 110, 1283, 3, 'E350-AX-III', '536-987-307', NULL),
	('warp_engine', 480, 160, 35, 110, 880, 2, 'W560-EX-II', '537-413-688', NULL),
	('march_engine', 360, 200, 35, 90, 591, 1, 'E460-EL-I', '539-909-959', NULL),
	('lss', 600, 200, 15, 50, 1167, 3, 'L700-AS-III', '541-217-723', NULL),
	('shunter', 540, 160, 30, 70, 723, 1, 'M620-DM-I', '542-449-424', NULL),
	('lss', 420, 200, 15, 110, 1907, 5, 'L520-AX-V', '546-742-531', NULL),
	('warp_engine', 300, 80, 35, 110, 534, 1, 'W340-EX-I', '548-562-737', NULL),
	('radar', 600, 100, 25, 50, 650, 1, 'R650-CS-I', '551-964-305', NULL),
	('warp_engine', 600, 120, 35, 110, 1037, 2, 'W660-EX-II', '559-329-425', NULL),
	('fuel_tank', 480, 160, 20, 90, 1260, 3, 'F560-BL-III', '560-841-080', NULL),
	('radar', 600, 240, 25, 50, 720, 1, 'R720-CS-I', '562-648-959', NULL),
	('march_engine', 420, 100, 30, 90, 705, 1, 'E470-DL-I', '565-667-295', NULL),
	('radar', 540, 160, 20, 90, 1395, 3, 'R620-BL-III', '569-484-615', NULL),
	('shunter', 540, 240, 35, 90, 849, 2, 'M660-EL-II', '569-689-132', NULL),
	('lss', 540, 80, 25, 110, 1276, 3, 'L580-CX-III', '569-901-401', NULL),
	('shunter', 360, 100, 15, 50, 683, 1, 'M410-AS-I', '569-916-686', NULL),
	('warp_engine', 540, 100, 40, 110, 811, 2, 'W590-FX-II', '569-918-617', NULL),
	('march_engine', 600, 80, 35, 110, 1006, 2, 'E640-EX-II', '572-433-319', NULL),
	('lss', 600, 120, 35, 70, 660, 1, 'L660-EM-I', '572-666-950', NULL),
	('fuel_tank', 600, 240, 35, 110, 1131, 3, 'F720-EX-III', '572-816-738', NULL),
	('fuel_tank', 300, 100, 30, 90, 525, 1, 'F350-DL-I', '573-344-013', NULL),
	('lss', 300, 240, 15, 50, 700, 1, 'L420-AS-I', '574-719-444', NULL),
	('fuel_tank', 600, 160, 40, 90, 765, 1, 'F680-FL-I', '575-766-891', NULL),
	('scaner', 300, 120, 20, 90, 810, 2, 'S360-BL-II', '579-306-167', NULL),
	('lss', 540, 160, 15, 50, 1033, 2, 'L620-AS-II', '580-727-275', NULL),
	('warp_engine', 600, 120, 20, 50, 825, 2, 'W660-BS-II', '582-135-845', NULL),
	('shields', 300, 160, 30, 90, 570, 1, 'P380-DL-I', '582-478-202', NULL),
	('fuel_tank', 600, 160, 20, 50, 850, 2, 'F680-BS-II', '582-573-092', NULL),
	('march_engine', 420, 240, 35, 90, 694, 1, 'E540-EL-I', '582-734-278', NULL),
	('shields', 600, 80, 20, 50, 800, 2, 'P640-BS-II', '584-113-326', NULL),
	('scaner', 480, 160, 20, 50, 700, 1, 'S560-BS-I', '584-318-741', NULL),
	('warp_engine', 420, 240, 25, 50, 540, 1, 'W540-CS-I', '584-884-562', NULL),
	('march_engine', 420, 100, 40, 110, 646, 1, 'E470-FX-I', '587-567-300', NULL),
	('warp_engine', 600, 200, 40, 90, 788, 1, 'W700-FL-I', '591-698-506', NULL),
	('scaner', 420, 160, 25, 70, 700, 1, 'S500-CM-I', '594-533-497', NULL),
	('shunter', 600, 240, 30, 70, 840, 2, 'M720-DM-II', '596-527-880', NULL),
	('shields', 540, 120, 25, 70, 840, 2, 'P600-CM-II', '597-651-617', NULL),
	('scaner', 540, 100, 25, 90, 1062, 2, 'S590-CL-II', '600-845-636', NULL),
	('march_engine', 420, 160, 35, 110, 786, 1, 'E500-EX-I', '604-083-770', NULL),
	('shields', 360, 200, 15, 110, 1687, 4, 'P460-AX-IV', '604-753-240', NULL),
	('march_engine', 300, 120, 30, 90, 540, 1, 'E360-DL-I', '607-130-452', NULL),
	('fuel_tank', 420, 100, 20, 50, 588, 1, 'F470-BS-I', '609-133-955', NULL),
	('warp_engine', 600, 100, 40, 90, 731, 1, 'W650-FL-I', '609-541-592', NULL),
	('shields', 540, 200, 20, 50, 800, 2, 'P640-BS-II', '611-076-053', NULL),
	('warp_engine', 480, 80, 20, 90, 1170, 3, 'W520-BL-III', '611-123-059', NULL),
	('lss', 420, 80, 30, 90, 690, 1, 'L460-DL-I', '611-822-684', NULL),
	('scaner', 600, 80, 30, 70, 747, 1, 'S640-DM-I', '612-335-601', NULL),
	('lss', 360, 240, 25, 70, 672, 1, 'L480-CM-I', '615-115-353', NULL),
	('lss', 300, 200, 30, 110, 733, 1, 'L400-DX-I', '616-253-874', NULL),
	('shunter', 420, 240, 30, 110, 990, 2, 'M540-DX-II', '617-054-393', NULL),
	('fuel_tank', 420, 200, 25, 70, 728, 1, 'F520-CM-I', '618-216-399', NULL),
	('march_engine', 480, 240, 20, 70, 1050, 2, 'E600-BM-II', '622-645-332', NULL),
	('radar', 600, 160, 35, 70, 680, 1, 'R680-EM-I', '624-255-621', NULL),
	('warp_engine', 420, 80, 25, 70, 644, 1, 'W460-CM-I', '625-785-182', NULL),
	('warp_engine', 540, 120, 30, 70, 700, 1, 'W600-DM-I', '626-694-799', NULL),
	('warp_engine', 300, 80, 30, 90, 510, 1, 'W340-DL-I', '627-159-562', NULL),
	('shunter', 480, 200, 35, 110, 911, 2, 'M580-EX-II', '632-776-650', NULL),
	('fuel_tank', 540, 120, 30, 50, 500, 1, 'F600-DS-I', '633-780-654', NULL),
	('shunter', 360, 160, 20, 110, 1210, 3, 'M440-BX-III', '636-320-747', NULL),
	('fuel_tank', 360, 80, 25, 110, 880, 2, 'F400-CX-II', '636-523-823', NULL),
	('shunter', 420, 120, 25, 90, 864, 2, 'M480-CL-II', '636-958-348', NULL),
	('shields', 300, 100, 15, 50, 583, 1, 'P350-AS-I', '638-435-297', NULL),
	('lss', 420, 200, 20, 70, 910, 2, 'L520-BM-II', '639-635-057', NULL),
	('warp_engine', 540, 200, 25, 70, 896, 2, 'W640-CM-II', '640-621-816', NULL),
	('march_engine', 600, 160, 25, 50, 680, 1, 'E680-CS-I', '643-849-625', NULL),
	('shields', 600, 240, 20, 90, 1620, 4, 'P720-BL-IV', '644-689-895', NULL),
	('shunter', 540, 80, 15, 50, 967, 2, 'M580-AS-II', '648-793-071', NULL),
	('shields', 300, 200, 25, 70, 560, 1, 'P400-CM-I', '649-837-010', NULL),
	('shields', 420, 160, 20, 50, 625, 1, 'P500-BS-I', '652-809-355', NULL),
	('fuel_tank', 540, 160, 40, 90, 698, 1, 'F620-FL-I', '653-013-451', NULL),
	('shunter', 600, 200, 25, 110, 1540, 4, 'M700-CX-IV', '653-440-937', NULL),
	('march_engine', 480, 120, 25, 70, 756, 1, 'E540-CM-I', '653-666-054', NULL),
	('shields', 300, 120, 15, 90, 1080, 2, 'P360-AL-II', '654-101-248', NULL),
	('march_engine', 360, 100, 25, 110, 902, 2, 'E410-CX-II', '655-012-647', NULL),
	('march_engine', 300, 100, 15, 90, 1050, 2, 'E350-AL-II', '655-237-568', NULL),
	('shunter', 420, 240, 40, 110, 743, 1, 'M540-FX-I', '655-685-758', NULL),
	('warp_engine', 480, 240, 25, 110, 1320, 3, 'W600-CX-III', '657-261-810', NULL),
	('shunter', 360, 120, 25, 110, 924, 2, 'M420-CX-II', '659-371-786', NULL),
	('warp_engine', 420, 100, 20, 70, 823, 2, 'W470-BM-II', '661-508-132', NULL),
	('fuel_tank', 600, 240, 25, 70, 1008, 2, 'F720-CM-II', '661-863-718', NULL),
	('lss', 600, 120, 40, 90, 743, 1, 'L660-FL-I', '662-151-975', NULL),
	('march_engine', 300, 240, 25, 90, 756, 1, 'E420-CL-I', '665-580-987', NULL),
	('fuel_tank', 360, 80, 35, 110, 629, 1, 'F400-EX-I', '669-688-760', NULL),
	('shields', 420, 100, 25, 70, 658, 1, 'P470-CM-I', '670-925-789', NULL),
	('lss', 480, 160, 30, 110, 1027, 2, 'L560-DX-II', '670-993-703', NULL),
	('shields', 540, 160, 25, 70, 868, 2, 'P620-CM-II', '677-245-928', NULL),
	('shields', 420, 80, 40, 90, 518, 1, 'P460-FL-I', '677-751-210', NULL),
	('lss', 600, 240, 40, 110, 990, 2, 'L720-FX-II', '679-876-715', NULL),
	('radar', 420, 120, 25, 70, 672, 1, 'R480-CM-I', '680-581-076', NULL),
	('radar', 420, 100, 25, 110, 1034, 2, 'R470-CX-II', '683-667-425', NULL),
	('march_engine', 360, 160, 15, 110, 1613, 4, 'E440-AX-IV', '684-705-783', NULL),
	('shields', 420, 80, 40, 110, 633, 1, 'P460-FX-I', '685-041-850', NULL),
	('shunter', 480, 200, 25, 110, 1276, 3, 'M580-CX-III', '685-144-580', NULL),
	('march_engine', 360, 240, 30, 70, 560, 1, 'E480-DM-I', '688-813-489', NULL),
	('shunter', 540, 120, 35, 90, 771, 1, 'M600-EL-I', '691-181-851', NULL),
	('shields', 480, 100, 15, 70, 1237, 3, 'P530-AM-III', '693-457-314', NULL),
	('march_engine', 420, 80, 25, 90, 828, 2, 'E460-CL-II', '695-624-765', NULL),
	('shields', 480, 240, 40, 70, 525, 1, 'P600-FM-I', '698-085-888', NULL),
	('lss', 540, 200, 25, 50, 640, 1, 'L640-CS-I', '698-958-183', NULL),
	('shields', 360, 160, 35, 110, 691, 1, 'P440-EX-I', '700-355-136', NULL),
	('lss', 300, 80, 25, 110, 748, 1, 'L340-CX-I', '701-642-702', NULL),
	('shunter', 480, 100, 40, 90, 596, 1, 'M530-FL-I', '705-561-818', NULL),
	('shields', 480, 240, 30, 110, 1100, 3, 'P600-DX-III', '707-100-883', NULL),
	('shields', 540, 240, 35, 110, 1037, 2, 'P660-EX-II', '707-120-395', NULL),
	('lss', 300, 120, 15, 70, 840, 2, 'L360-AM-II', '708-692-272', NULL),
	('march_engine', 360, 120, 35, 110, 660, 1, 'E420-EX-I', '711-466-681', NULL),
	('shields', 540, 100, 15, 90, 1770, 5, 'P590-AL-V', '711-655-791', NULL),
	('march_engine', 360, 160, 25, 70, 616, 1, 'E440-CM-I', '713-365-306', NULL),
	('warp_engine', 360, 240, 25, 90, 864, 2, 'W480-CL-II', '714-168-683', NULL),
	('shields', 360, 200, 40, 90, 518, 1, 'P460-FL-I', '714-790-040', NULL),
	('warp_engine', 540, 200, 35, 90, 823, 2, 'W640-EL-II', '717-702-515', NULL),
	('march_engine', 360, 160, 15, 90, 1320, 3, 'E440-AL-III', '719-904-404', NULL),
	('march_engine', 420, 120, 25, 110, 1056, 2, 'E480-CX-II', '720-961-275', NULL),
	('shields', 600, 120, 20, 70, 1155, 3, 'P660-BM-III', '721-667-384', NULL),
	('lss', 540, 100, 30, 110, 1082, 2, 'L590-DX-II', '728-406-289', NULL),
	('lss', 600, 100, 20, 90, 1463, 4, 'L650-BL-IV', '728-579-261', NULL),
	('radar', 480, 100, 35, 70, 530, 1, 'R530-EM-I', '728-648-667', NULL),
	('shields', 540, 80, 20, 50, 725, 1, 'P580-BS-I', '732-367-332', NULL),
	('warp_engine', 300, 80, 20, 90, 765, 1, 'W340-BL-I', '735-210-131', NULL),
	('march_engine', 360, 160, 15, 70, 1027, 2, 'E440-AM-II', '736-040-149', NULL),
	('fuel_tank', 420, 200, 20, 50, 650, 1, 'F520-BS-I', '736-592-342', NULL),
	('lss', 360, 200, 30, 110, 843, 2, 'L460-DX-II', '737-703-054', NULL),
	('scaner', 540, 80, 35, 90, 746, 1, 'S580-EL-I', '740-184-039', NULL),
	('shields', 600, 200, 25, 50, 700, 1, 'P700-CS-I', '740-329-803', NULL),
	('warp_engine', 300, 100, 25, 110, 770, 1, 'W350-CX-I', '741-097-825', NULL),
	('fuel_tank', 540, 240, 35, 70, 660, 1, 'F660-EM-I', '741-398-704', NULL),
	('shunter', 420, 240, 15, 50, 900, 2, 'M540-AS-II', '741-603-447', NULL),
	('shields', 540, 240, 30, 110, 1210, 3, 'P660-DX-III', '742-709-872', NULL),
	('fuel_tank', 600, 100, 30, 110, 1192, 3, 'F650-DX-III', '745-028-208', NULL),
	('warp_engine', 300, 200, 25, 90, 720, 1, 'W400-CL-I', '745-140-272', NULL),
	('march_engine', 420, 120, 30, 90, 720, 1, 'E480-DL-I', '746-040-249', NULL),
	('fuel_tank', 480, 240, 40, 90, 675, 1, 'F600-FL-I', '746-461-431', NULL),
	('shunter', 360, 80, 15, 70, 933, 2, 'M400-AM-II', '748-734-508', NULL),
	('fuel_tank', 480, 200, 25, 70, 812, 2, 'F580-CM-II', '749-997-148', NULL),
	('shields', 480, 80, 20, 70, 910, 2, 'P520-BM-II', '752-495-638', NULL),
	('warp_engine', 420, 200, 25, 50, 520, 1, 'W520-CS-I', '753-515-183', NULL),
	('march_engine', 600, 100, 20, 110, 1788, 5, 'E650-BX-V', '754-579-221', NULL),
	('shields', 420, 240, 25, 90, 972, 2, 'P540-CL-II', '755-231-135', NULL),
	('lss', 600, 120, 25, 50, 660, 1, 'L660-CS-I', '756-701-485', NULL),
	('scaner', 360, 120, 30, 90, 630, 1, 'S420-DL-I', '758-389-561', NULL),
	('shields', 540, 80, 25, 70, 812, 2, 'P580-CM-II', '760-031-770', NULL),
	('shields', 480, 100, 20, 50, 663, 1, 'P530-BS-I', '760-263-749', NULL),
	('shields', 300, 100, 25, 90, 630, 1, 'P350-CL-I', '761-722-556', NULL),
	('shields', 480, 100, 40, 110, 729, 1, 'P530-FX-I', '763-205-282', NULL),
	('shields', 480, 240, 40, 110, 825, 2, 'P600-FX-II', '765-995-143', NULL),
	('radar', 360, 160, 25, 90, 792, 1, 'R440-CL-I', '766-817-610', NULL),
	('lss', 420, 100, 30, 110, 862, 2, 'L470-DX-II', '769-452-702', NULL),
	('lss', 420, 200, 40, 90, 585, 1, 'L520-FL-I', '778-480-662', NULL),
	('lss', 480, 160, 25, 90, 1008, 2, 'L560-CL-II', '778-572-937', NULL),
	('fuel_tank', 420, 120, 40, 110, 660, 1, 'F480-FX-I', '778-698-878', NULL),
	('shields', 360, 240, 20, 90, 1080, 2, 'P480-BL-II', '781-088-236', NULL),
	('warp_engine', 360, 240, 20, 50, 600, 1, 'W480-BS-I', '781-404-286', NULL),
	('shields', 600, 200, 30, 110, 1283, 3, 'P700-DX-III', '781-906-227', NULL),
	('shunter', 600, 100, 35, 110, 1021, 2, 'M650-EX-II', '784-359-273', NULL),
	('shields', 480, 200, 35, 90, 746, 1, 'P580-EL-I', '785-974-374', NULL),
	('march_engine', 600, 240, 20, 50, 900, 2, 'E720-BS-II', '786-327-591', NULL),
	('fuel_tank', 360, 120, 30, 110, 770, 1, 'F420-DX-I', '791-908-042', NULL),
	('shields', 360, 120, 15, 110, 1540, 4, 'P420-AX-IV', '793-700-610', NULL),
	('fuel_tank', 480, 200, 30, 70, 677, 1, 'F580-DM-I', '794-101-135', NULL),
	('shields', 540, 240, 40, 90, 743, 1, 'P660-FL-I', '799-588-210', NULL),
	('shields', 540, 200, 40, 110, 880, 2, 'P640-FX-II', '800-799-284', NULL),
	('shunter', 300, 160, 25, 90, 684, 1, 'M380-CL-I', '803-047-184', NULL),
	('shunter', 420, 160, 15, 90, 1500, 4, 'M500-AL-IV', '805-680-073', NULL),
	('march_engine', 540, 160, 35, 70, 620, 1, 'E620-EM-I', '806-678-126', NULL),
	('march_engine', 300, 80, 30, 110, 623, 1, 'E340-DX-I', '807-954-811', NULL),
	('lss', 300, 200, 25, 110, 880, 2, 'L400-CX-II', '813-337-252', NULL),
	('lss', 540, 200, 35, 110, 1006, 2, 'L640-EX-II', '813-355-561', NULL),
	('shields', 420, 160, 25, 110, 1100, 3, 'P500-CX-III', '815-711-285', NULL),
	('warp_engine', 540, 120, 40, 70, 525, 1, 'W600-FM-I', '816-214-878', NULL),
	('lss', 420, 120, 30, 110, 880, 2, 'L480-DX-II', '817-010-186', NULL),
	('fuel_tank', 420, 160, 30, 110, 917, 2, 'F500-DX-II', '818-693-854', NULL),
	('shunter', 540, 240, 15, 70, 1540, 4, 'M660-AM-IV', '819-781-525', NULL),
	('lss', 360, 160, 20, 50, 550, 1, 'L440-BS-I', '820-427-256', NULL),
	('fuel_tank', 600, 200, 30, 70, 817, 2, 'F700-DM-II', '820-931-921', NULL),
	('radar', 360, 100, 25, 70, 574, 1, 'R410-CM-I', '822-569-210', NULL),
	('warp_engine', 360, 200, 30, 70, 537, 1, 'W460-DM-I', '822-950-957', NULL),
	('fuel_tank', 360, 80, 25, 90, 720, 1, 'F400-CL-I', '824-592-724', NULL),
	('radar', 540, 240, 30, 50, 550, 1, 'R660-DS-I', '826-414-049', NULL),
	('lss', 600, 100, 20, 70, 1138, 3, 'L650-BM-III', '830-178-396', NULL),
	('radar', 360, 120, 20, 110, 1155, 3, 'R420-BX-III', '830-666-965', NULL),
	('scaner', 600, 240, 30, 50, 600, 1, 'S720-DS-I', '833-210-245', NULL),
	('lss', 420, 200, 15, 90, 1560, 4, 'L520-AL-IV', '836-920-694', NULL),
	('radar', 420, 120, 35, 90, 617, 1, 'R480-EL-I', '837-229-195', NULL),
	('scaner', 420, 120, 15, 70, 1120, 3, 'S480-AM-III', '838-443-744', NULL),
	('fuel_tank', 300, 240, 30, 90, 630, 1, 'F420-DL-I', '838-585-372', NULL),
	('march_engine', 480, 100, 15, 50, 883, 2, 'E530-AS-II', '838-757-898', NULL),
	('shields', 540, 100, 20, 70, 1033, 2, 'P590-BM-II', '840-489-835', NULL),
	('lss', 600, 100, 15, 50, 1083, 2, 'L650-AS-II', '842-942-663', NULL),
	('radar', 420, 100, 30, 70, 548, 1, 'R470-DM-I', '843-201-579', NULL),
	('lss', 480, 80, 15, 70, 1213, 3, 'L520-AM-III', '846-088-802', NULL),
	('radar', 360, 200, 20, 110, 1265, 3, 'R460-BX-III', '846-096-789', NULL),
	('shunter', 420, 200, 35, 110, 817, 2, 'M520-EX-II', '846-899-825', NULL),
	('fuel_tank', 420, 120, 20, 110, 1320, 3, 'F480-BX-III', '848-696-893', NULL),
	('shields', 300, 240, 15, 70, 980, 2, 'P420-AM-II', '851-888-082', NULL),
	('scaner', 360, 200, 35, 110, 723, 1, 'S460-EX-I', '852-841-882', NULL),
	('shunter', 480, 160, 25, 50, 560, 1, 'M560-CS-I', '854-163-369', NULL),
	('shunter', 420, 160, 30, 70, 583, 1, 'M500-DM-I', '854-232-634', NULL),
	('march_engine', 540, 200, 30, 70, 747, 1, 'E640-DM-I', '855-608-557', NULL),
	('lss', 420, 240, 15, 70, 1260, 3, 'L540-AM-III', '856-176-581', NULL),
	('lss', 480, 200, 20, 50, 725, 1, 'L580-BS-I', '857-067-982', NULL),
	('lss', 600, 100, 15, 90, 1950, 5, 'L650-AL-V', '860-007-131', NULL),
	('lss', 600, 120, 25, 90, 1188, 3, 'L660-CL-III', '860-957-736', NULL),
	('warp_engine', 300, 160, 20, 110, 1045, 2, 'W380-BX-II', '861-542-388', NULL),
	('fuel_tank', 480, 100, 35, 110, 833, 2, 'F530-EX-II', '861-771-727', NULL),
	('march_engine', 540, 240, 30, 90, 990, 2, 'E660-DL-II', '861-898-855', NULL),
	('scaner', 480, 80, 40, 110, 715, 1, 'S520-FX-I', '862-964-486', NULL),
	('fuel_tank', 540, 120, 15, 70, 1400, 4, 'F600-AM-IV', '865-515-046', NULL),
	('lss', 420, 80, 20, 50, 575, 1, 'L460-BS-I', '868-056-033', NULL),
	('shields', 420, 200, 25, 90, 936, 2, 'P520-CL-II', '868-936-432', NULL),
	('march_engine', 600, 200, 20, 70, 1225, 3, 'E700-BM-III', '869-637-361', NULL),
	('lss', 480, 200, 20, 110, 1595, 4, 'L580-BX-IV', '870-017-538', NULL),
	('fuel_tank', 480, 80, 20, 50, 650, 1, 'F520-BS-I', '871-940-838', NULL),
	('lss', 540, 120, 35, 110, 943, 2, 'L600-EX-II', '878-022-198', NULL),
	('lss', 600, 160, 30, 70, 793, 1, 'L680-DM-I', '879-479-331', NULL),
	('shunter', 480, 240, 15, 90, 1800, 5, 'M600-AL-V', '881-138-643', NULL),
	('fuel_tank', 480, 80, 30, 90, 780, 1, 'F520-DL-I', '882-213-193', NULL),
	('shields', 420, 200, 25, 110, 1144, 3, 'P520-CX-III', '883-741-576', NULL),
	('fuel_tank', 420, 160, 25, 90, 900, 2, 'F500-CL-II', '885-556-037', NULL),
	('fuel_tank', 420, 240, 25, 110, 1188, 3, 'F540-CX-III', '886-077-002', NULL),
	('radar', 540, 100, 15, 70, 1377, 3, 'R590-AM-III', '886-794-329', NULL),
	('warp_engine', 420, 160, 40, 90, 563, 1, 'W500-FL-I', '889-064-379', NULL),
	('fuel_tank', 480, 120, 15, 50, 900, 2, 'F540-AS-II', '890-582-650', NULL),
	('shunter', 600, 240, 30, 90, 1080, 2, 'M720-DL-II', '893-532-679', NULL),
	('fuel_tank', 360, 200, 25, 110, 1012, 2, 'F460-CX-II', '894-053-326', NULL),
	('lss', 420, 160, 35, 90, 643, 1, 'L500-EL-I', '894-451-968', NULL),
	('scaner', 540, 160, 20, 70, 1085, 2, 'S620-BM-II', '894-499-172', NULL),
	('radar', 600, 80, 30, 50, 533, 1, 'R640-DS-I', '897-938-934', NULL),
	('warp_engine', 600, 200, 20, 110, 1925, 5, 'W700-BX-V', '899-243-819', NULL),
	('shields', 360, 80, 25, 70, 560, 1, 'P400-CM-I', '899-733-801', NULL),
	('warp_engine', 420, 120, 15, 50, 800, 2, 'W480-AS-II', '902-787-585', NULL),
	('shields', 600, 80, 25, 70, 896, 2, 'P640-CM-II', '906-085-750', NULL),
	('lss', 600, 100, 25, 70, 910, 2, 'L650-CM-II', '906-926-935', NULL),
	('warp_engine', 540, 120, 20, 110, 1650, 4, 'W600-BX-IV', '907-332-111', NULL),
	('radar', 480, 200, 25, 90, 1044, 2, 'R580-CL-II', '909-022-470', NULL),
	('lss', 420, 100, 15, 110, 1723, 5, 'L470-AX-V', '909-136-098', NULL),
	('shields', 480, 200, 30, 110, 1063, 2, 'P580-DX-II', '911-988-173', NULL),
	('warp_engine', 420, 200, 30, 110, 953, 2, 'W520-DX-II', '912-752-753', NULL),
	('fuel_tank', 360, 200, 15, 50, 767, 1, 'F460-AS-I', '916-467-470', NULL),
	('fuel_tank', 420, 160, 20, 110, 1375, 3, 'F500-BX-III', '916-880-317', NULL),
	('scaner', 480, 80, 25, 110, 1144, 3, 'S520-CX-III', '917-637-628', NULL),
	('fuel_tank', 360, 200, 20, 70, 805, 2, 'F460-BM-II', '918-509-819', NULL),
	('shields', 600, 160, 30, 90, 1020, 2, 'P680-DL-II', '918-582-335', NULL),
	('shields', 360, 120, 15, 90, 1260, 3, 'P420-AL-III', '918-749-599', NULL),
	('march_engine', 420, 120, 20, 50, 600, 1, 'E480-BS-I', '919-050-115', NULL),
	('scaner', 480, 240, 30, 70, 700, 1, 'S600-DM-I', '922-517-605', NULL),
	('warp_engine', 420, 120, 40, 90, 540, 1, 'W480-FL-I', '922-764-966', NULL),
	('shields', 480, 120, 40, 90, 608, 1, 'P540-FL-I', '923-710-203', NULL),
	('lss', 540, 120, 20, 70, 1050, 2, 'L600-BM-II', '924-717-096', NULL),
	('fuel_tank', 300, 120, 35, 110, 566, 1, 'F360-EX-I', '932-596-666', NULL),
	('fuel_tank', 540, 80, 25, 50, 580, 1, 'F580-CS-I', '933-770-956', NULL),
	('shunter', 360, 240, 30, 90, 720, 1, 'M480-DL-I', '935-505-875', NULL),
	('warp_engine', 600, 80, 20, 90, 1440, 4, 'W640-BL-IV', '935-723-069', NULL),
	('shunter', 600, 80, 15, 50, 1067, 2, 'M640-AS-II', '937-058-293', NULL),
	('shields', 540, 240, 40, 70, 578, 1, 'P660-FM-I', '939-375-916', NULL),
	('fuel_tank', 360, 100, 25, 90, 738, 1, 'F410-CL-I', '940-548-772', NULL),
	('shunter', 360, 80, 30, 110, 733, 1, 'M400-DX-I', '948-101-151', NULL),
	('radar', 480, 80, 15, 90, 1560, 4, 'R520-AL-IV', '948-295-921', NULL),
	('shields', 360, 160, 30, 90, 660, 1, 'P440-DL-I', '950-452-781', NULL),
	('shields', 540, 160, 40, 110, 853, 2, 'P620-FX-II', '951-194-314', NULL),
	('shields', 360, 200, 15, 70, 1073, 2, 'P460-AM-II', '956-202-369', NULL),
	('shunter', 360, 240, 40, 110, 660, 1, 'M480-FX-I', '956-365-136', NULL),
	('march_engine', 420, 100, 35, 110, 739, 1, 'E470-EX-I', '956-846-247', NULL),
	('shunter', 480, 100, 20, 70, 928, 2, 'M530-BM-II', '957-349-157', NULL),
	('shunter', 300, 100, 15, 70, 817, 2, 'M350-AM-II', '957-646-215', NULL),
	('march_engine', 540, 200, 40, 70, 560, 1, 'E640-FM-I', '958-027-364', NULL),
	('radar', 600, 200, 20, 50, 875, 2, 'R700-BS-II', '961-764-797', NULL),
	('shields', 480, 120, 30, 90, 810, 2, 'P540-DL-II', '962-261-983', NULL),
	('fuel_tank', 360, 240, 35, 90, 617, 1, 'F480-EL-I', '965-564-119', NULL),
	('scaner', 600, 80, 40, 110, 880, 2, 'S640-FX-II', '965-646-032', NULL),
	('fuel_tank', 480, 200, 15, 50, 967, 2, 'F580-AS-II', '966-209-208', NULL),
	('shunter', 540, 80, 30, 90, 870, 2, 'M580-DL-II', '966-553-113', NULL),
	('march_engine', 360, 80, 20, 90, 900, 2, 'E400-BL-II', '970-927-591', NULL),
	('lss', 600, 80, 25, 110, 1408, 4, 'L640-CX-IV', '971-407-260', NULL),
	('shunter', 420, 200, 30, 90, 780, 1, 'M520-DL-I', '971-433-511', NULL),
	('lss', 360, 80, 35, 90, 514, 1, 'L400-EL-I', '972-803-845', NULL),
	('march_engine', 300, 120, 15, 110, 1320, 3, 'E360-AX-III', '976-597-033', NULL),
	('march_engine', 300, 160, 15, 70, 887, 2, 'E380-AM-II', '978-090-847', NULL),
	('shunter', 540, 160, 30, 110, 1137, 3, 'M620-DX-III', '978-117-765', NULL),
	('shields', 540, 200, 30, 50, 533, 1, 'P640-DS-I', '978-865-946', NULL),
	('shunter', 600, 160, 25, 90, 1224, 3, 'M680-CL-III', '980-876-354', NULL),
	('lss', 600, 160, 20, 90, 1530, 4, 'L680-BL-IV', '983-482-618', NULL),
	('lss', 540, 200, 40, 90, 720, 1, 'L640-FL-I', '988-000-415', NULL),
	('warp_engine', 600, 120, 30, 50, 550, 1, 'W660-DS-I', '988-411-069', NULL),
	('radar', 300, 80, 15, 70, 793, 1, 'R340-AM-I', '992-540-816', NULL),
	('fuel_tank', 420, 100, 40, 90, 529, 1, 'F470-FL-I', '992-896-307', NULL),
	('radar', 420, 200, 20, 90, 1170, 3, 'R520-BL-III', '993-915-243', NULL),
	('warp_engine', 300, 160, 40, 110, 523, 1, 'W380-FX-I', '995-002-691', NULL),
	('march_engine', 360, 80, 20, 110, 1100, 3, 'E400-BX-III', '997-288-057', NULL),
	('shunter', 600, 120, 25, 110, 1452, 4, 'M660-CX-IV', '998-556-363', NULL);
/*!40000 ALTER TABLE `boosts` ENABLE KEYS */;


-- Дамп структуры для таблица magellan.builds
DROP TABLE IF EXISTS `builds`;
CREATE TABLE IF NOT EXISTS `builds` (
  `flight_id` int(11) NOT NULL COMMENT 'ID полета',
  `node_type_code` varchar(50) NOT NULL,
  `node_id` int(11) NOT NULL COMMENT 'ID узла',
  `vector` varchar(16) DEFAULT '' COMMENT 'Вектор рассинхрона (узел xor корпус)',
  `correction` varchar(16) DEFAULT '' COMMENT 'Вектор корректировки',
  `total` varchar(16) DEFAULT '' COMMENT 'Итоговый вектор',
  `params_json` text COMMENT 'JSON с получившимися параметрами',
  KEY `FK_builds_flights` (`flight_id`),
  KEY `FK_builds_nodes` (`node_id`),
  KEY `FK_builds_models` (`node_type_code`),
  CONSTRAINT `FK_builds_flights` FOREIGN KEY (`flight_id`) REFERENCES `flights` (`id`) ON DELETE CASCADE ON UPDATE CASCADE,
  CONSTRAINT `FK_builds_models` FOREIGN KEY (`node_type_code`) REFERENCES `models` (`node_type_code`) ON DELETE CASCADE ON UPDATE CASCADE,
  CONSTRAINT `FK_builds_nodes` FOREIGN KEY (`node_id`) REFERENCES `nodes` (`id`) ON DELETE CASCADE ON UPDATE CASCADE
) ENGINE=InnoDB DEFAULT CHARSET=utf8 COMMENT='Состав кораблей, которые суперкарго собирают ';

-- Дамп данных таблицы magellan.builds: ~1 rows (приблизительно)
/*!40000 ALTER TABLE `builds` DISABLE KEYS */;
INSERT IGNORE INTO `builds` (`flight_id`, `node_type_code`, `node_id`, `vector`, `correction`, `total`, `params_json`) VALUES
	(1, 'hull', 174, '', '', '', NULL);
/*!40000 ALTER TABLE `builds` ENABLE KEYS */;


-- Дамп структуры для таблица magellan.companies
DROP TABLE IF EXISTS `companies`;
CREATE TABLE IF NOT EXISTS `companies` (
  `id` int(11) NOT NULL AUTO_INCREMENT,
  `name` varchar(50) NOT NULL,
  `code` varchar(3) NOT NULL,
  PRIMARY KEY (`id`)
) ENGINE=InnoDB AUTO_INCREMENT=102 DEFAULT CHARSET=utf8 COMMENT='Названия компаний';

-- Дамп данных таблицы magellan.companies: ~5 rows (приблизительно)
/*!40000 ALTER TABLE `companies` DISABLE KEYS */;
INSERT IGNORE INTO `companies` (`id`, `name`, `code`) VALUES
	(1, 'Гугл Дисней', 'gd'),
	(2, 'Пони Роскосмос Экспресс', 'pre'),
	(3, 'Красный Крест Генетикс', 'kkg'),
	(4, 'Мицубиси АвтоВАЗ Технолоджи', 'mat'),
	(5, 'МарсСтройТрест', 'mst');
/*!40000 ALTER TABLE `companies` ENABLE KEYS */;


-- Дамп структуры для таблица magellan.flights
DROP TABLE IF EXISTS `flights`;
CREATE TABLE IF NOT EXISTS `flights` (
  `id` int(11) NOT NULL AUTO_INCREMENT,
  `departure` datetime NOT NULL,
  `dock` tinyint(4) NOT NULL,
  `status` enum('prepare','freight','space','returned','lost') NOT NULL DEFAULT 'prepare',
  `company` enum('mat','mst','gd','pre','kkg','ideo') NOT NULL DEFAULT 'ideo',
  PRIMARY KEY (`id`),
  UNIQUE KEY `departure_dock` (`departure`,`dock`)
) ENGINE=InnoDB AUTO_INCREMENT=13 DEFAULT CHARSET=utf8 COMMENT='Вылеты';

-- Дамп данных таблицы magellan.flights: ~3 rows (приблизительно)
/*!40000 ALTER TABLE `flights` DISABLE KEYS */;
INSERT IGNORE INTO `flights` (`id`, `departure`, `dock`, `status`, `company`) VALUES
	(1, '2018-08-20 12:00:00', 1, 'prepare', 'mat'),
	(2, '2018-08-20 15:00:00', 3, 'prepare', 'mst'),
	(3, '2018-04-24 22:51:42', 2, 'returned', 'ideo'),
	(4, '2018-08-16 15:00:00', 2, 'prepare', 'gd'),
	(11, '2018-08-17 15:00:00', 3, 'prepare', 'pre'),
	(12, '2018-08-17 15:00:00', 5, 'prepare', 'ideo');
/*!40000 ALTER TABLE `flights` ENABLE KEYS */;


-- Дамп структуры для таблица magellan.flight_crews
DROP TABLE IF EXISTS `flight_crews`;
CREATE TABLE IF NOT EXISTS `flight_crews` (
  `flight_id` int(11) NOT NULL,
  `role` enum('pilot','navigator','supercargo','radist','engineer','_other') NOT NULL,
  `user_id` int(11) NOT NULL,
  KEY `FK_flight_crews_flights` (`flight_id`),
  CONSTRAINT `FK_flight_crews_flights` FOREIGN KEY (`flight_id`) REFERENCES `flights` (`id`) ON DELETE CASCADE ON UPDATE CASCADE
) ENGINE=InnoDB DEFAULT CHARSET=utf8 COMMENT='Экипаж';

-- Дамп данных таблицы magellan.flight_crews: ~9 rows (приблизительно)
/*!40000 ALTER TABLE `flight_crews` DISABLE KEYS */;
INSERT IGNORE INTO `flight_crews` (`flight_id`, `role`, `user_id`) VALUES
	(1, 'navigator', 2),
	(1, 'engineer', 3),
	(1, 'supercargo', 4),
	(3, 'supercargo', 4),
	(1, 'pilot', 6),
	(1, 'radist', 7),
	(2, 'pilot', 1),
	(2, 'navigator', 2),
	(2, '_other', 5);
/*!40000 ALTER TABLE `flight_crews` ENABLE KEYS */;


-- Дамп структуры для таблица magellan.flight_luggage
DROP TABLE IF EXISTS `flight_luggage`;
CREATE TABLE IF NOT EXISTS `flight_luggage` (
  `flight_id` int(11) NOT NULL,
  `cargo_type` enum('mine','module','beacon') NOT NULL,
  `owner` enum('mst','mat','gd','kkg','pre') DEFAULT NULL,
  `volume` float NOT NULL,
  `weight` float NOT NULL,
  `amount` tinyint(4) NOT NULL DEFAULT '1',
  KEY `flight_id` (`flight_id`)
) ENGINE=InnoDB DEFAULT CHARSET=utf8;

-- Дамп данных таблицы magellan.flight_luggage: ~2 rows (приблизительно)
/*!40000 ALTER TABLE `flight_luggage` DISABLE KEYS */;
INSERT IGNORE INTO `flight_luggage` (`flight_id`, `cargo_type`, `owner`, `volume`, `weight`, `amount`) VALUES
	(1, 'beacon', NULL, 350, 175, 2),
	(1, 'mine', 'mat', 700, 350, 1);
/*!40000 ALTER TABLE `flight_luggage` ENABLE KEYS */;


-- Дамп структуры для таблица magellan.hull_perks
DROP TABLE IF EXISTS `hull_perks`;
CREATE TABLE IF NOT EXISTS `hull_perks` (
  `hull_id` int(11) NOT NULL,
  `node_type_code` varchar(50) NOT NULL,
  `parameter_code` varchar(50) NOT NULL,
  `value` int(11) NOT NULL,
  PRIMARY KEY (`hull_id`,`node_type_code`,`parameter_code`),
  KEY `FK_hull_perks_node_types` (`node_type_code`),
  KEY `FK_hull_perks_parameters_list` (`parameter_code`),
  CONSTRAINT `FK_hull_perks_node_types` FOREIGN KEY (`node_type_code`) REFERENCES `node_types` (`code`) ON DELETE CASCADE ON UPDATE CASCADE,
  CONSTRAINT `FK_hull_perks_nodes` FOREIGN KEY (`hull_id`) REFERENCES `nodes` (`id`) ON DELETE CASCADE ON UPDATE CASCADE,
  CONSTRAINT `FK_hull_perks_parameters_list` FOREIGN KEY (`parameter_code`) REFERENCES `parameters_list` (`code`) ON DELETE CASCADE ON UPDATE CASCADE
) ENGINE=InnoDB DEFAULT CHARSET=utf8 COMMENT='Перки от корпусов';

-- Дамп данных таблицы magellan.hull_perks: ~37 rows (приблизительно)
/*!40000 ALTER TABLE `hull_perks` DISABLE KEYS */;
INSERT IGNORE INTO `hull_perks` (`hull_id`, `node_type_code`, `parameter_code`, `value`) VALUES
	(172, 'lss', 'air_volume', 10),
	(172, 'radar', 'range_max', 10),
	(172, 'scaner', 'scan_range', -10),
	(173, 'scaner', 'scan_range', -10),
	(173, 'warp_engine', 'turn_speed', 10),
	(174, 'march_engine', 'thrust_rev', 10),
	(174, 'radar', 'angle_min', 10),
	(174, 'shunter', 'turn_max', -10),
	(175, 'lss', 'air_volume', 10),
	(175, 'march_engine', 'accel', -10),
	(175, 'shields', 'radiation_def', -20),
	(176, 'fuel_tank', 'fuel_protection', -20),
	(176, 'fuel_tank', 'radiation_def', 10),
	(176, 'march_engine', 'thrust_rev', 20),
	(176, 'warp_engine', 'turn_speed', -10),
	(177, 'fuel_tank', 'radiation_def', -20),
	(177, 'scaner', 'drop_speed', -20),
	(177, 'shunter', 'turn_accel', 10),
	(178, 'scaner', 'scan_speed', -20),
	(178, 'shunter', 'strafe_accel', 10),
	(179, 'radar', 'rotate_speed', 10),
	(179, 'shunter', 'turn_max', -20),
	(179, 'warp_engine', 'distort_accel', 20),
	(180, 'march_engine', 'heat_prod', -10),
	(180, 'march_engine', 'thrust_rev', -20),
	(180, 'shields', 'mechanical_def', -10),
	(180, 'shunter', 'turn_accel', 20),
	(181, 'lss', 'thermal_def', 10),
	(181, 'march_engine', 'accel_rev', -10),
	(181, 'radar', 'angle_max', 10),
	(182, 'lss', 'air_speed', -10),
	(182, 'march_engine', 'thrust_rev', -10),
	(182, 'shields', 'radiation_def', 10),
	(182, 'shunter', 'strafe_max', 10),
	(183, 'scaner', 'scan_range', -20),
	(183, 'shunter', 'strafe_accel', -10),
	(183, 'shunter', 'strafe_max', 10);
/*!40000 ALTER TABLE `hull_perks` ENABLE KEYS */;


-- Дамп структуры для таблица magellan.hull_slots
DROP TABLE IF EXISTS `hull_slots`;
CREATE TABLE IF NOT EXISTS `hull_slots` (
  `hull_id` int(11) NOT NULL,
  `slots_json` tinytext NOT NULL,
  PRIMARY KEY (`hull_id`),
  CONSTRAINT `FK__nodes` FOREIGN KEY (`hull_id`) REFERENCES `nodes` (`id`) ON DELETE CASCADE ON UPDATE CASCADE
) ENGINE=InnoDB DEFAULT CHARSET=utf8 COMMENT='Слоты в корпусах под детали синхронизации';

-- Дамп данных таблицы magellan.hull_slots: ~12 rows (приблизительно)
/*!40000 ALTER TABLE `hull_slots` DISABLE KEYS */;
INSERT IGNORE INTO `hull_slots` (`hull_id`, `slots_json`) VALUES
	(172, '{"sum3": 4, "con3": 3, "sum4": 3, "sum2": 5, "inv": 2, "con2": 2, "sum5": 1}'),
	(173, '{"sum2": 1, "con4": 4, "sum5": 4, "sum3": 1, "sum4": 3, "con2": 1, "inv": 2, "con3": 5}'),
	(174, '{"inv": 5, "sum3": 2, "con3": 2, "con2": 4, "sum4": 5, "sum5": 1}'),
	(175, '{"con4": 6, "sum4": 4, "con2": 4, "con3": 2, "sum3": 3, "inv": 1, "sum2": 1, "sum5": 1}'),
	(176, '{"inv": 1, "con3": 3, "con4": 3, "sum4": 1, "con2": 2, "sum2": 4, "sum3": 4, "sum5": 1}'),
	(177, '{"sum2": 3, "sum3": 3, "sum4": 3, "inv": 5, "con4": 5, "con2": 2, "sum5": 2}'),
	(178, '{"sum5": 2, "sum2": 1, "sum3": 3, "sum4": 3, "con3": 4, "con4": 3, "inv": 2, "con2": 1}'),
	(179, '{"con2": 2, "inv": 1, "con3": 1, "sum2": 3, "sum4": 2, "sum3": 3, "con4": 5, "sum5": 2}'),
	(180, '{"con3": 5, "sum3": 3, "con2": 7, "sum4": 2, "sum2": 2, "con4": 1, "inv": 1}'),
	(181, '{"con4": 4, "sum2": 3, "sum3": 4, "sum5": 2, "sum4": 2, "con2": 1, "con3": 3}'),
	(182, '{"con3": 2, "con4": 5, "sum3": 5, "con2": 2, "sum4": 4, "sum2": 1}'),
	(183, '{"inv": 3, "sum3": 1, "sum4": 5, "sum5": 5, "con2": 2, "sum2": 1, "con4": 1, "con3": 1}');
/*!40000 ALTER TABLE `hull_slots` ENABLE KEYS */;


-- Дамп структуры для таблица magellan.hull_vectors
DROP TABLE IF EXISTS `hull_vectors`;
CREATE TABLE IF NOT EXISTS `hull_vectors` (
  `hull_id` int(11) NOT NULL,
  `node_type_code` varchar(50) NOT NULL,
  `vector` varchar(16) NOT NULL,
  `lapse_func` varchar(50) NOT NULL DEFAULT '',
  UNIQUE KEY `node_id_node_type_code` (`hull_id`,`node_type_code`),
  KEY `node_id` (`hull_id`),
  KEY `FK_hull_vectors_node_types` (`node_type_code`),
  CONSTRAINT `FK_hull_vectors_node_types` FOREIGN KEY (`node_type_code`) REFERENCES `node_types` (`code`) ON DELETE CASCADE ON UPDATE CASCADE,
  CONSTRAINT `FK_hull_vectors_nodes` FOREIGN KEY (`hull_id`) REFERENCES `nodes` (`id`) ON DELETE CASCADE ON UPDATE CASCADE
) ENGINE=InnoDB DEFAULT CHARSET=utf8 COMMENT='Частотные вектора корпусов';

-- Дамп данных таблицы magellan.hull_vectors: ~96 rows (приблизительно)
/*!40000 ALTER TABLE `hull_vectors` DISABLE KEYS */;
INSERT IGNORE INTO `hull_vectors` (`hull_id`, `node_type_code`, `vector`, `lapse_func`) VALUES
	(172, 'fuel_tank', '1000011010110001', ''),
	(172, 'lss', '0110100111110111', ''),
	(172, 'march_engine', '0101101111010110', ''),
	(172, 'radar', '1001101000100000', ''),
	(172, 'scaner', '1010010001101001', ''),
	(172, 'shields', '0010100010111111', ''),
	(172, 'shunter', '0010010001000100', ''),
	(172, 'warp_engine', '0110101011100010', ''),
	(173, 'fuel_tank', '1000100110111110', ''),
	(173, 'lss', '1001100100000111', ''),
	(173, 'march_engine', '0101010001110011', 'A+d'),
	(173, 'radar', '1010011000101111', 'b'),
	(173, 'scaner', '1111000100111100', ''),
	(173, 'shields', '1000110100011010', 'd'),
	(173, 'shunter', '1110100010001000', ''),
	(173, 'warp_engine', '1001101000011101', ''),
	(174, 'fuel_tank', '1011101010111110', ''),
	(174, 'lss', '0001000110001111', ''),
	(174, 'march_engine', '0101010011101010', ''),
	(174, 'radar', '0000001110001010', ''),
	(174, 'scaner', '0011000111111100', ''),
	(174, 'shields', '1101100000011010', ''),
	(174, 'shunter', '1011110110001000', ''),
	(174, 'warp_engine', '0110101011101101', ''),
	(175, 'fuel_tank', '0111110111101100', ''),
	(175, 'lss', '0000000010000110', ''),
	(175, 'march_engine', '1010100000101001', ''),
	(175, 'radar', '0001010100000000', 'c'),
	(175, 'scaner', '1100101011100000', ''),
	(175, 'shields', '0100111100101111', ''),
	(175, 'shunter', '0011100110100110', ''),
	(175, 'warp_engine', '1101010001111100', 'B'),
	(176, 'fuel_tank', '1011000100100000', ''),
	(176, 'lss', '1010101000101100', ''),
	(176, 'march_engine', '1010100000011010', ''),
	(176, 'radar', '1000011010010011', ''),
	(176, 'scaner', '1111100111100000', ''),
	(176, 'shields', '1011101011011010', ''),
	(176, 'shunter', '1001100100000110', ''),
	(176, 'warp_engine', '1110100001000000', ''),
	(177, 'fuel_tank', '0000010101100011', ''),
	(177, 'lss', '1111111010010011', ''),
	(177, 'march_engine', '0010000101011111', ''),
	(177, 'radar', '0110001011010110', ''),
	(177, 'scaner', '1001111100000000', ''),
	(177, 'shields', '0111100111100110', ''),
	(177, 'shunter', '1110101011001001', ''),
	(177, 'warp_engine', '0010011011001110', ''),
	(178, 'fuel_tank', '1010000011110101', ''),
	(178, 'lss', '1100110101101100', ''),
	(178, 'march_engine', '1010100100101000', ''),
	(178, 'radar', '1100011101000000', ''),
	(178, 'scaner', '1010000011000000', ''),
	(178, 'shields', '1101001101001100', ''),
	(178, 'shunter', '1111101111011000', ''),
	(178, 'warp_engine', '1110101000110001', ''),
	(179, 'fuel_tank', '0101001100000110', ''),
	(179, 'lss', '0110011111000110', ''),
	(179, 'march_engine', '1111110001111101', ''),
	(179, 'radar', '1100011110111111', ''),
	(179, 'scaner', '0101000000110000', ''),
	(179, 'shields', '0010110010000000', ''),
	(179, 'shunter', '1111010011010111', ''),
	(179, 'warp_engine', '1110101011001110', ''),
	(180, 'fuel_tank', '1011011100110011', ''),
	(180, 'lss', '1011001011110001', ''),
	(180, 'march_engine', '0100111001000100', ''),
	(180, 'radar', '1011101110101100', ''),
	(180, 'scaner', '0011010011100110', ''),
	(180, 'shields', '1101110100010011', ''),
	(180, 'shunter', '1011110000011100', ''),
	(180, 'warp_engine', '0110100101111100', ''),
	(181, 'fuel_tank', '1000101100000001', ''),
	(181, 'lss', '0100011100100011', ''),
	(181, 'march_engine', '1111000110110111', ''),
	(181, 'radar', '0001000110111100', ''),
	(181, 'scaner', '1001001001111000', ''),
	(181, 'shields', '0010010011111101', ''),
	(181, 'shunter', '1000001100010000', ''),
	(181, 'warp_engine', '1000111110100111', ''),
	(182, 'fuel_tank', '1000101111111110', ''),
	(182, 'lss', '1000100011101100', ''),
	(182, 'march_engine', '1111111010111000', ''),
	(182, 'radar', '1110111001110000', ''),
	(182, 'scaner', '1001110101111000', ''),
	(182, 'shields', '1101101111111101', ''),
	(182, 'shunter', '1101001101000000', ''),
	(182, 'warp_engine', '1000000001011000', ''),
	(183, 'fuel_tank', '0100101100111110', ''),
	(183, 'lss', '0010001001000110', ''),
	(183, 'march_engine', '0100010100000011', ''),
	(183, 'radar', '0010001010111100', ''),
	(183, 'scaner', '0110110110001000', ''),
	(183, 'shields', '0111101101011101', ''),
	(183, 'shunter', '1101001110111111', ''),
	(183, 'warp_engine', '1000000010100111', '');
/*!40000 ALTER TABLE `hull_vectors` ENABLE KEYS */;


-- Дамп структуры для таблица magellan.models
DROP TABLE IF EXISTS `models`;
CREATE TABLE IF NOT EXISTS `models` (
  `id` int(11) NOT NULL AUTO_INCREMENT,
  `name` varchar(50) NOT NULL COMMENT 'Наименования модели',
  `node_type_code` varchar(50) NOT NULL COMMENT 'Код типа (shields, hull etc.)',
  `level` smallint(6) NOT NULL DEFAULT '0' COMMENT 'Уровень модели',
  `size` enum('small','medium','large') NOT NULL DEFAULT 'medium',
  `description` text COMMENT 'Описание',
  `company` varchar(3) NOT NULL,
  `created` datetime NOT NULL DEFAULT CURRENT_TIMESTAMP COMMENT 'Дата создания',
  `premium_expires` datetime NOT NULL,
  PRIMARY KEY (`id`),
  KEY `node_type` (`node_type_code`),
  CONSTRAINT `node_type` FOREIGN KEY (`node_type_code`) REFERENCES `node_types` (`code`) ON UPDATE CASCADE
) ENGINE=InnoDB AUTO_INCREMENT=196 DEFAULT CHARSET=utf8 COMMENT='Изобретенные модели узлов';

-- Дамп данных таблицы magellan.models: ~95 rows (приблизительно)
/*!40000 ALTER TABLE `models` DISABLE KEYS */;
INSERT IGNORE INTO `models` (`id`, `name`, `node_type_code`, `level`, `size`, `description`, `company`, `created`, `premium_expires`) VALUES
	(101, 'Восход', 'march_engine', 0, 'small', NULL, 'mat', '2018-08-06 21:35:14', '2018-08-07 00:35:14'),
	(102, 'Заря', 'march_engine', 0, 'medium', NULL, 'mat', '2018-08-06 21:35:15', '2018-08-07 00:35:15'),
	(103, 'Буран', 'march_engine', 1, 'large', NULL, 'mat', '2018-08-06 21:35:15', '2018-08-07 00:35:15'),
	(104, 'Ларри Пейдж', 'march_engine', 1, 'large', NULL, 'gd', '2018-08-06 21:35:16', '2018-08-07 00:35:16'),
	(105, 'Сергей Брин', 'march_engine', 0, 'medium', NULL, 'gd', '2018-08-06 21:35:16', '2018-08-07 00:35:16'),
	(106, 'МСТ-ГД-4', 'march_engine', 0, 'medium', NULL, 'mst', '2018-08-06 21:35:16', '2018-08-07 00:35:16'),
	(107, 'F-1', 'march_engine', 1, 'large', NULL, 'pre', '2018-08-06 21:35:17', '2018-08-07 00:35:17'),
	(108, 'Subortus-S', 'march_engine', 0, 'small', NULL, 'kkg', '2018-08-06 21:35:17', '2018-08-07 00:35:17'),
	(109, 'Subortus-M', 'march_engine', 0, 'medium', NULL, 'kkg', '2018-08-06 21:35:17', '2018-08-07 00:35:17'),
	(110, 'Subortus-L', 'march_engine', 0, 'large', NULL, 'kkg', '2018-08-06 21:35:18', '2018-08-07 00:35:18'),
	(111, 'Эклипс', 'shunter', 0, 'small', NULL, 'mat', '2018-08-06 21:35:18', '2018-08-07 00:35:18'),
	(112, 'Галант', 'shunter', 0, 'medium', NULL, 'mat', '2018-08-06 21:35:18', '2018-08-07 00:35:18'),
	(113, 'Аутлендер', 'shunter', 1, 'large', NULL, 'mat', '2018-08-06 21:35:19', '2018-08-07 00:35:19'),
	(114, 'Дисней', 'shunter', 0, 'medium', NULL, 'gd', '2018-08-06 21:35:19', '2018-08-07 00:35:19'),
	(115, 'МСТ-МД-3', 'shunter', 0, 'medium', NULL, 'mst', '2018-08-06 21:35:19', '2018-08-07 00:35:19'),
	(116, 'J-2', 'shunter', 0, 'large', NULL, 'pre', '2018-08-06 21:35:20', '2018-08-07 00:35:20'),
	(117, 'Timerus-S', 'shunter', 0, 'small', NULL, 'kkg', '2018-08-06 21:35:20', '2018-08-07 00:35:20'),
	(118, 'Timerus-M', 'shunter', 0, 'medium', NULL, 'kkg', '2018-08-06 21:35:20', '2018-08-07 00:35:20'),
	(119, 'Timerus-L', 'shunter', 0, 'large', NULL, 'kkg', '2018-08-06 21:35:21', '2018-08-07 00:35:21'),
	(120, 'Галилей', 'warp_engine', 0, 'small', NULL, 'mat', '2018-08-06 21:35:21', '2018-08-07 00:35:21'),
	(121, 'Ньютон', 'warp_engine', 0, 'medium', NULL, 'mat', '2018-08-06 21:35:21', '2018-08-07 00:35:21'),
	(122, 'Архимед', 'warp_engine', 0, 'large', NULL, 'mat', '2018-08-06 21:35:21', '2018-08-07 00:35:21'),
	(123, 'Джафар', 'warp_engine', 0, 'large', NULL, 'gd', '2018-08-06 21:35:22', '2018-08-07 00:35:22'),
	(124, 'Аид', 'warp_engine', 0, 'medium', NULL, 'gd', '2018-08-06 21:35:22', '2018-08-07 00:35:22'),
	(125, 'МСТ-ПА-2', 'warp_engine', 0, 'medium', NULL, 'mst', '2018-08-06 21:35:22', '2018-08-07 00:35:22'),
	(126, 'Waverider Mk1', 'warp_engine', 2, 'large', NULL, 'pre', '2018-08-06 21:35:22', '2018-08-07 00:35:22'),
	(127, 'Fortus-S', 'warp_engine', 0, 'small', NULL, 'kkg', '2018-08-06 21:35:23', '2018-08-07 00:35:23'),
	(128, 'Fortus-M', 'warp_engine', 0, 'medium', NULL, 'kkg', '2018-08-06 21:35:23', '2018-08-07 00:35:23'),
	(129, 'Fortus-L', 'warp_engine', 0, 'large', NULL, 'kkg', '2018-08-06 21:35:23', '2018-08-07 00:35:23'),
	(130, 'Арагорн', 'radar', 0, 'small', NULL, 'mat', '2018-08-06 21:35:23', '2018-08-07 00:35:23'),
	(131, 'Сусанин', 'radar', 0, 'medium', NULL, 'mat', '2018-08-06 21:35:23', '2018-08-07 00:35:23'),
	(132, 'Одиссей', 'radar', 0, 'large', NULL, 'mat', '2018-08-06 21:35:24', '2018-08-07 00:35:24'),
	(133, 'Patents Search', 'radar', 0, 'large', NULL, 'gd', '2018-08-06 21:35:24', '2018-08-07 00:35:24'),
	(134, 'Suggest', 'radar', 0, 'medium', NULL, 'gd', '2018-08-06 21:35:24', '2018-08-07 00:35:24'),
	(135, 'МСТ-СР-2', 'radar', 0, 'medium', NULL, 'mst', '2018-08-06 21:35:24', '2018-08-07 00:35:24'),
	(136, 'AN/ZPY-1 Starlite', 'radar', 0, 'large', NULL, 'pre', '2018-08-06 21:35:24', '2018-08-07 00:35:24'),
	(137, 'Caperus-S', 'radar', 0, 'small', NULL, 'kkg', '2018-08-06 21:35:24', '2018-08-07 00:35:24'),
	(138, 'Caperus-M', 'radar', 0, 'medium', NULL, 'kkg', '2018-08-06 21:35:25', '2018-08-07 00:35:25'),
	(139, 'Caperus-L', 'radar', 0, 'large', NULL, 'kkg', '2018-08-06 21:35:25', '2018-08-07 00:35:25'),
	(140, 'Зорге', 'scaner', 0, 'small', NULL, 'mat', '2018-08-06 21:35:26', '2018-08-07 00:35:26'),
	(141, 'Чапмен', 'scaner', 0, 'medium', NULL, 'mat', '2018-08-06 21:35:26', '2018-08-07 00:35:26'),
	(142, 'Сноуден', 'scaner', 0, 'large', NULL, 'mat', '2018-08-06 21:35:26', '2018-08-07 00:35:26'),
	(143, 'R2-D2', 'scaner', 0, 'large', NULL, 'gd', '2018-08-06 21:35:26', '2018-08-07 00:35:26'),
	(144, 'С-3РО', 'scaner', 0, 'medium', NULL, 'gd', '2018-08-06 21:35:27', '2018-08-07 00:35:27'),
	(145, 'МСТ-КР-2', 'scaner', 0, 'medium', NULL, 'mst', '2018-08-06 21:35:27', '2018-08-07 00:35:27'),
	(146, 'E-2 Hawkeye', 'scaner', 0, 'medium', NULL, 'pre', '2018-08-06 21:35:27', '2018-08-07 00:35:27'),
	(147, 'Invenirus-S', 'scaner', 0, 'small', NULL, 'kkg', '2018-08-06 21:35:27', '2018-08-07 00:35:27'),
	(148, 'Invenirus-M', 'scaner', 0, '', NULL, 'kkg', '2018-08-06 21:35:27', '2018-08-07 00:35:27'),
	(149, 'Invenirus-L', 'scaner', 0, 'large', NULL, 'kkg', '2018-08-06 21:35:28', '2018-08-07 00:35:28'),
	(150, 'Нагасаки', 'fuel_tank', 0, 'small', NULL, 'mat', '2018-08-06 21:35:28', '2018-08-07 00:35:28'),
	(151, 'Волоколамск', 'fuel_tank', 0, 'medium', NULL, 'mat', '2018-08-06 21:35:28', '2018-08-07 00:35:28'),
	(152, 'Припять', 'fuel_tank', 1, 'large', NULL, 'mat', '2018-08-06 21:35:29', '2018-08-07 00:35:29'),
	(153, 'Гаррисон', 'fuel_tank', 0, 'large', NULL, 'gd', '2018-08-06 21:35:29', '2018-08-07 00:35:29'),
	(154, 'Лукьяненко', 'fuel_tank', 0, 'medium', NULL, 'gd', '2018-08-06 21:35:29', '2018-08-07 00:35:29'),
	(155, 'МСТ-ТБ-2', 'fuel_tank', 0, 'medium', NULL, 'mst', '2018-08-06 21:35:29', '2018-08-07 00:35:29'),
	(156, 'FT-1', 'fuel_tank', 0, 'medium', NULL, 'pre', '2018-08-06 21:35:29', '2018-08-07 00:35:29'),
	(157, 'Lacus-s', 'fuel_tank', 0, 'small', NULL, 'kkg', '2018-08-06 21:35:30', '2018-08-07 00:35:30'),
	(158, 'Lacus-M', 'fuel_tank', 0, 'medium', NULL, 'kkg', '2018-08-06 21:35:30', '2018-08-07 00:35:30'),
	(159, 'Lacus-L', 'fuel_tank', 0, 'large', NULL, 'kkg', '2018-08-06 21:35:30', '2018-08-07 00:35:30'),
	(160, 'Зевс', 'shields', 0, 'small', NULL, 'mat', '2018-08-06 21:35:30', '2018-08-07 00:35:30'),
	(161, 'Ормузд', 'shields', 0, 'medium', NULL, 'mat', '2018-08-06 21:35:30', '2018-08-07 00:35:30'),
	(162, 'Перун', 'shields', 0, 'large', NULL, 'mat', '2018-08-06 21:35:30', '2018-08-07 00:35:30'),
	(163, 'Микки Маус', 'shields', 0, 'large', NULL, 'gd', '2018-08-06 21:35:30', '2018-08-07 00:35:30'),
	(164, 'Дональд Дак', 'shields', 0, 'medium', NULL, 'gd', '2018-08-06 21:35:31', '2018-08-07 00:35:31'),
	(165, 'Свалинн-2', 'shields', 1, 'large', NULL, 'mst', '2018-08-06 21:35:31', '2018-08-07 00:35:31'),
	(166, 'Охайн-мини', 'shields', 0, 'medium', NULL, 'mst', '2018-08-06 21:35:31', '2018-08-07 00:35:31'),
	(167, 'Охайн-микро', 'shields', 0, 'small', NULL, 'mst', '2018-08-06 21:35:31', '2018-08-07 00:35:31'),
	(168, 'Interceptor', 'shields', 0, 'small', NULL, 'pre', '2018-08-06 21:35:31', '2018-08-07 00:35:31'),
	(169, 'Мендель', 'shields', 0, 'small', NULL, 'kkg', '2018-08-06 21:35:31', '2018-08-07 00:35:31'),
	(170, 'Вейсман', 'shields', 1, 'medium', NULL, 'kkg', '2018-08-06 21:35:31', '2018-08-07 00:35:31'),
	(171, 'Морган', 'shields', 0, 'large', NULL, 'kkg', '2018-08-06 21:35:31', '2018-08-07 00:35:31'),
	(172, 'Нинья', 'hull', 0, 'small', NULL, 'mat', '2018-08-06 21:35:32', '2018-08-07 00:35:32'),
	(173, 'Пинта', 'hull', 0, 'medium', NULL, 'mat', '2018-08-06 21:35:32', '2018-08-07 00:35:32'),
	(174, 'Санта-Мария', 'hull', 0, 'large', NULL, 'mat', '2018-08-06 21:35:32', '2018-08-07 00:35:32'),
	(175, 'Adventureland', 'hull', 0, 'large', NULL, 'gd', '2018-08-06 21:35:32', '2018-08-07 00:35:32'),
	(176, 'Mickey\'s Toontown', 'hull', 0, 'medium', NULL, 'gd', '2018-08-06 21:35:32', '2018-08-07 00:35:32'),
	(177, 'Ленинград-5', 'hull', 2, 'large', NULL, 'mst', '2018-08-06 21:35:32', '2018-08-07 00:35:32'),
	(178, 'Ленинград-3', 'hull', 0, 'medium', NULL, 'mst', '2018-08-06 21:35:32', '2018-08-07 00:35:32'),
	(179, 'МСТ-М4', 'hull', 0, 'small', NULL, 'mst', '2018-08-06 21:35:33', '2018-08-07 00:35:33'),
	(180, 'Unity', 'hull', 1, 'medium', NULL, 'pre', '2018-08-06 21:35:33', '2018-08-07 00:35:33'),
	(181, 'Cutis-S', 'hull', 0, 'small', NULL, 'kkg', '2018-08-06 21:35:33', '2018-08-07 00:35:33'),
	(182, 'Cutis-M', 'hull', 0, 'medium', NULL, 'kkg', '2018-08-06 21:35:33', '2018-08-07 00:35:33'),
	(183, 'Cutis-L', 'hull', 0, 'large', NULL, 'kkg', '2018-08-06 21:35:33', '2018-08-07 00:35:33'),
	(184, 'Калина', 'lss', 0, 'small', NULL, 'mat', '2018-08-06 21:35:33', '2018-08-07 00:35:33'),
	(185, 'Гранта', 'lss', 0, 'medium', NULL, 'mat', '2018-08-06 21:35:33', '2018-08-07 00:35:33'),
	(186, 'Приора', 'lss', 0, 'large', NULL, 'mat', '2018-08-06 21:35:34', '2018-08-07 00:35:34'),
	(187, 'Юрий Гагарин', 'lss', 1, 'large', NULL, 'gd', '2018-08-06 21:35:34', '2018-08-07 00:35:34'),
	(188, 'Жугдэрдэмидийн Гуррагча', 'lss', 0, 'medium', NULL, 'gd', '2018-08-06 21:35:34', '2018-08-07 00:35:34'),
	(189, 'ЛайфХак-Ультра', 'lss', 2, 'large', NULL, 'mst', '2018-08-06 21:35:34', '2018-08-07 00:35:34'),
	(190, 'Ж-С-2', 'lss', 0, 'medium', NULL, 'mst', '2018-08-06 21:35:34', '2018-08-07 00:35:34'),
	(191, 'Ж-М-4', 'lss', 0, 'small', NULL, 'mst', '2018-08-06 21:35:34', '2018-08-07 00:35:34'),
	(192, 'EdEn', 'lss', 0, 'medium', NULL, 'pre', '2018-08-06 21:35:35', '2018-08-07 00:35:35'),
	(193, 'Гален', 'lss', 0, 'small', NULL, 'kkg', '2018-08-06 21:35:35', '2018-08-07 00:35:35'),
	(194, 'Гиппократ', 'lss', 2, 'medium', NULL, 'kkg', '2018-08-06 21:35:35', '2018-08-07 00:35:35'),
	(195, 'Авиценна', 'lss', 0, 'large', NULL, 'kkg', '2018-08-06 21:35:35', '2018-08-07 00:35:35');
/*!40000 ALTER TABLE `models` ENABLE KEYS */;


-- Дамп структуры для таблица magellan.models_upkeep
DROP TABLE IF EXISTS `models_upkeep`;
CREATE TABLE IF NOT EXISTS `models_upkeep` (
  `model_id` int(11) NOT NULL,
  `resource_code` varchar(50) NOT NULL,
  `amount` int(11) NOT NULL,
  PRIMARY KEY (`model_id`,`resource_code`),
  KEY `FK_models_upkeep_resources` (`resource_code`),
  CONSTRAINT `FK_models_upkeep_models` FOREIGN KEY (`model_id`) REFERENCES `models` (`id`) ON DELETE CASCADE ON UPDATE CASCADE,
  CONSTRAINT `FK_models_upkeep_resources` FOREIGN KEY (`resource_code`) REFERENCES `resources` (`code`) ON DELETE CASCADE ON UPDATE CASCADE
) ENGINE=InnoDB DEFAULT CHARSET=utf8 COMMENT='Цена поддержки одного узла модели';

-- Дамп данных таблицы magellan.models_upkeep: ~377 rows (приблизительно)
/*!40000 ALTER TABLE `models_upkeep` DISABLE KEYS */;
INSERT IGNORE INTO `models_upkeep` (`model_id`, `resource_code`, `amount`) VALUES
	(101, 'aluminium', 20),
	(101, 'iron', 23),
	(101, 'nickel', 6),
	(101, 'titan', 20),
	(102, 'aluminium', 8),
	(102, 'magnesium', 19),
	(102, 'nickel', 19),
	(102, 'titan', 23),
	(103, 'aluminium', 35),
	(103, 'iron', 57),
	(103, 'magnesium', 23),
	(103, 'nickel', 34),
	(104, 'aluminium', 12),
	(104, 'iron', 66),
	(104, 'magnesium', 16),
	(104, 'titan', 36),
	(105, 'aluminium', 20),
	(105, 'iron', 22),
	(105, 'magnesium', 6),
	(105, 'nickel', 21),
	(106, 'aluminium', 28),
	(106, 'iron', 10),
	(106, 'magnesium', 27),
	(106, 'titan', 9),
	(107, 'aluminium', 24),
	(107, 'iron', 34),
	(107, 'nickel', 27),
	(107, 'titan', 40),
	(108, 'iron', 24),
	(108, 'magnesium', 12),
	(108, 'nickel', 15),
	(108, 'titan', 18),
	(109, 'aluminium', 8),
	(109, 'iron', 14),
	(109, 'magnesium', 29),
	(109, 'nickel', 18),
	(110, 'aluminium', 10),
	(110, 'iron', 14),
	(110, 'magnesium', 17),
	(110, 'titan', 28),
	(111, 'iron', 26),
	(111, 'magnesium', 11),
	(111, 'nickel', 18),
	(111, 'titan', 14),
	(112, 'aluminium', 21),
	(112, 'iron', 26),
	(112, 'magnesium', 28),
	(112, 'nickel', 25),
	(113, 'aluminium', 34),
	(113, 'iron', 26),
	(113, 'magnesium', 36),
	(113, 'nickel', 36),
	(114, 'aluminium', 13),
	(114, 'iron', 23),
	(114, 'nickel', 12),
	(114, 'titan', 21),
	(115, 'iron', 16),
	(115, 'magnesium', 22),
	(115, 'nickel', 19),
	(115, 'titan', 17),
	(116, 'iron', 13),
	(116, 'magnesium', 38),
	(116, 'nickel', 33),
	(116, 'titan', 33),
	(117, 'aluminium', 36),
	(117, 'magnesium', 12),
	(117, 'nickel', 5),
	(117, 'titan', 16),
	(118, 'aluminium', 16),
	(118, 'magnesium', 3),
	(118, 'nickel', 34),
	(118, 'titan', 16),
	(119, 'aluminium', 9),
	(119, 'iron', 17),
	(119, 'nickel', 16),
	(119, 'titan', 27),
	(120, 'aluminium', 16),
	(120, 'magnesium', 12),
	(120, 'nickel', 11),
	(120, 'titan', 17),
	(121, 'aluminium', 25),
	(121, 'iron', 17),
	(121, 'magnesium', 23),
	(121, 'titan', 32),
	(122, 'aluminium', 34),
	(122, 'magnesium', 11),
	(122, 'nickel', 13),
	(122, 'titan', 11),
	(123, 'aluminium', 29),
	(123, 'iron', 10),
	(123, 'magnesium', 21),
	(123, 'titan', 37),
	(124, 'aluminium', 9),
	(124, 'iron', 24),
	(124, 'magnesium', 16),
	(124, 'titan', 20),
	(125, 'aluminium', 24),
	(125, 'magnesium', 12),
	(125, 'nickel', 22),
	(125, 'titan', 11),
	(126, 'aluminium', 32),
	(126, 'iron', 72),
	(126, 'nickel', 57),
	(126, 'titan', 12),
	(127, 'iron', 28),
	(127, 'magnesium', 5),
	(127, 'nickel', 15),
	(127, 'titan', 21),
	(128, 'aluminium', 11),
	(128, 'magnesium', 17),
	(128, 'nickel', 27),
	(128, 'titan', 14),
	(129, 'aluminium', 20),
	(129, 'iron', 18),
	(129, 'nickel', 19),
	(129, 'titan', 12),
	(130, 'aluminium', 34),
	(130, 'iron', 40),
	(130, 'magnesium', 29),
	(130, 'titan', 16),
	(131, 'iron', 7),
	(131, 'magnesium', 13),
	(131, 'nickel', 25),
	(131, 'titan', 22),
	(132, 'iron', 11),
	(132, 'magnesium', 13),
	(132, 'nickel', 29),
	(132, 'titan', 14),
	(133, 'aluminium', 13),
	(133, 'iron', 24),
	(133, 'nickel', 19),
	(133, 'titan', 39),
	(134, 'aluminium', 24),
	(134, 'iron', 17),
	(134, 'magnesium', 15),
	(134, 'nickel', 15),
	(135, 'aluminium', 28),
	(135, 'iron', 15),
	(135, 'nickel', 6),
	(135, 'titan', 22),
	(136, 'aluminium', 23),
	(136, 'iron', 21),
	(136, 'magnesium', 30),
	(136, 'titan', 8),
	(137, 'iron', 10),
	(137, 'magnesium', 32),
	(137, 'nickel', 13),
	(137, 'titan', 16),
	(138, 'aluminium', 32),
	(138, 'magnesium', 15),
	(138, 'nickel', 15),
	(138, 'titan', 9),
	(139, 'aluminium', 12),
	(139, 'magnesium', 13),
	(139, 'nickel', 20),
	(139, 'titan', 26),
	(140, 'aluminium', 31),
	(140, 'magnesium', 10),
	(140, 'nickel', 16),
	(140, 'titan', 8),
	(141, 'aluminium', 8),
	(141, 'magnesium', 21),
	(141, 'nickel', 18),
	(141, 'titan', 18),
	(142, 'aluminium', 22),
	(142, 'iron', 20),
	(142, 'magnesium', 20),
	(142, 'titan', 3),
	(143, 'aluminium', 14),
	(143, 'iron', 21),
	(143, 'nickel', 7),
	(143, 'titan', 23),
	(144, 'iron', 8),
	(144, 'magnesium', 29),
	(144, 'nickel', 3),
	(144, 'titan', 25),
	(145, 'aluminium', 23),
	(145, 'iron', 22),
	(145, 'nickel', 11),
	(145, 'titan', 9),
	(146, 'aluminium', 23),
	(146, 'iron', 12),
	(146, 'magnesium', 22),
	(146, 'nickel', 27),
	(147, 'aluminium', 16),
	(147, 'iron', 15),
	(147, 'nickel', 15),
	(147, 'titan', 19),
	(148, 'aluminium', 8),
	(148, 'iron', 12),
	(148, 'magnesium', 29),
	(148, 'nickel', 16),
	(149, 'aluminium', 16),
	(149, 'iron', 36),
	(149, 'magnesium', 10),
	(149, 'nickel', 3),
	(150, 'aluminium', 5),
	(150, 'magnesium', 43),
	(150, 'titan', 21),
	(151, 'aluminium', 21),
	(151, 'magnesium', 11),
	(151, 'nickel', 21),
	(151, 'titan', 16),
	(152, 'aluminium', 44),
	(152, 'iron', 52),
	(152, 'nickel', 6),
	(152, 'titan', 36),
	(153, 'iron', 9),
	(153, 'magnesium', 37),
	(153, 'nickel', 24),
	(153, 'titan', 34),
	(154, 'iron', 19),
	(154, 'magnesium', 13),
	(154, 'nickel', 8),
	(154, 'titan', 29),
	(155, 'aluminium', 22),
	(155, 'iron', 26),
	(155, 'nickel', 15),
	(155, 'titan', 6),
	(156, 'aluminium', 24),
	(156, 'iron', 28),
	(156, 'titan', 17),
	(157, 'aluminium', 16),
	(157, 'magnesium', 12),
	(157, 'nickel', 25),
	(157, 'titan', 16),
	(158, 'aluminium', 11),
	(158, 'iron', 22),
	(158, 'magnesium', 30),
	(158, 'titan', 6),
	(159, 'iron', 16),
	(159, 'magnesium', 30),
	(159, 'nickel', 10),
	(159, 'titan', 13),
	(160, 'aluminium', 16),
	(160, 'magnesium', 12),
	(160, 'nickel', 36),
	(160, 'titan', 12),
	(161, 'aluminium', 10),
	(161, 'iron', 4),
	(161, 'nickel', 19),
	(161, 'titan', 28),
	(162, 'aluminium', 12),
	(162, 'iron', 18),
	(162, 'magnesium', 20),
	(162, 'nickel', 11),
	(163, 'aluminium', 27),
	(163, 'iron', 20),
	(163, 'magnesium', 41),
	(163, 'nickel', 22),
	(164, 'aluminium', 43),
	(164, 'iron', 9),
	(164, 'magnesium', 23),
	(164, 'titan', 35),
	(165, 'aluminium', 26),
	(165, 'magnesium', 46),
	(165, 'nickel', 52),
	(165, 'titan', 23),
	(166, 'aluminium', 10),
	(166, 'iron', 9),
	(166, 'magnesium', 18),
	(166, 'nickel', 24),
	(167, 'aluminium', 13),
	(167, 'iron', 23),
	(167, 'magnesium', 14),
	(167, 'nickel', 11),
	(168, 'aluminium', 10),
	(168, 'iron', 14),
	(168, 'magnesium', 19),
	(168, 'nickel', 18),
	(169, 'aluminium', 29),
	(169, 'magnesium', 12),
	(169, 'nickel', 18),
	(169, 'titan', 23),
	(170, 'aluminium', 38),
	(170, 'iron', 28),
	(170, 'magnesium', 21),
	(170, 'nickel', 32),
	(171, 'iron', 27),
	(171, 'magnesium', 24),
	(171, 'nickel', 7),
	(171, 'titan', 24),
	(172, 'aluminium', 21),
	(172, 'iron', 19),
	(172, 'magnesium', 32),
	(172, 'titan', 21),
	(173, 'aluminium', 13),
	(173, 'magnesium', 26),
	(173, 'nickel', 21),
	(173, 'titan', 7),
	(174, 'aluminium', 8),
	(174, 'iron', 15),
	(174, 'magnesium', 23),
	(174, 'titan', 21),
	(175, 'aluminium', 37),
	(175, 'iron', 31),
	(175, 'magnesium', 51),
	(176, 'aluminium', 24),
	(176, 'iron', 20),
	(176, 'magnesium', 10),
	(176, 'nickel', 13),
	(177, 'aluminium', 26),
	(177, 'iron', 58),
	(177, 'nickel', 30),
	(177, 'titan', 63),
	(178, 'aluminium', 15),
	(178, 'iron', 13),
	(178, 'magnesium', 4),
	(178, 'titan', 35),
	(179, 'aluminium', 21),
	(179, 'iron', 16),
	(179, 'magnesium', 10),
	(179, 'titan', 20),
	(180, 'aluminium', 29),
	(180, 'iron', 33),
	(180, 'magnesium', 38),
	(180, 'titan', 26),
	(181, 'aluminium', 11),
	(181, 'iron', 26),
	(181, 'nickel', 18),
	(181, 'titan', 12),
	(182, 'aluminium', 4),
	(182, 'magnesium', 22),
	(182, 'nickel', 10),
	(182, 'titan', 31),
	(183, 'aluminium', 16),
	(183, 'magnesium', 28),
	(183, 'nickel', 1),
	(183, 'titan', 22),
	(184, 'aluminium', 6),
	(184, 'magnesium', 27),
	(184, 'nickel', 19),
	(184, 'titan', 13),
	(185, 'aluminium', 10),
	(185, 'iron', 26),
	(185, 'magnesium', 12),
	(185, 'nickel', 17),
	(186, 'iron', 9),
	(186, 'magnesium', 12),
	(186, 'nickel', 20),
	(186, 'titan', 19),
	(187, 'aluminium', 23),
	(187, 'magnesium', 28),
	(187, 'nickel', 53),
	(187, 'titan', 17),
	(188, 'iron', 13),
	(188, 'magnesium', 18),
	(188, 'nickel', 25),
	(188, 'titan', 9),
	(189, 'aluminium', 45),
	(189, 'magnesium', 36),
	(189, 'nickel', 62),
	(189, 'titan', 43),
	(190, 'iron', 17),
	(190, 'magnesium', 19),
	(190, 'nickel', 20),
	(190, 'titan', 9),
	(191, 'aluminium', 16),
	(191, 'magnesium', 7),
	(191, 'nickel', 20),
	(191, 'titan', 22),
	(192, 'aluminium', 21),
	(192, 'magnesium', 17),
	(192, 'nickel', 8),
	(192, 'titan', 25),
	(193, 'aluminium', 58),
	(193, 'iron', 20),
	(193, 'magnesium', 25),
	(193, 'nickel', 7),
	(194, 'aluminium', 47),
	(194, 'iron', 65),
	(194, 'magnesium', 17),
	(194, 'nickel', 57),
	(195, 'aluminium', 41),
	(195, 'iron', 31),
	(195, 'nickel', 26),
	(195, 'titan', 17);
/*!40000 ALTER TABLE `models_upkeep` ENABLE KEYS */;


-- Дамп структуры для таблица magellan.model_has_parameters
DROP TABLE IF EXISTS `model_has_parameters`;
CREATE TABLE IF NOT EXISTS `model_has_parameters` (
  `node_code` varchar(50) NOT NULL,
  `parameter_code` varchar(50) NOT NULL,
  `def_value` float NOT NULL DEFAULT '1000',
  `mult_small` float NOT NULL DEFAULT '1',
  `mult_large` float NOT NULL DEFAULT '1',
  `increase_direction` tinyint(1) NOT NULL DEFAULT '1',
  `hull_boost` tinyint(1) NOT NULL DEFAULT '1',
  `is_hidden` tinyint(1) NOT NULL DEFAULT '0',
  UNIQUE KEY `Индекс 2` (`node_code`,`parameter_code`),
  KEY `node_code` (`node_code`),
  KEY `Индекс 3` (`parameter_code`),
  CONSTRAINT `node` FOREIGN KEY (`node_code`) REFERENCES `node_types` (`code`) ON UPDATE CASCADE,
  CONSTRAINT `pcode` FOREIGN KEY (`parameter_code`) REFERENCES `parameters_list` (`code`) ON UPDATE CASCADE
) ENGINE=InnoDB DEFAULT CHARSET=utf8 COMMENT='Связь узлов и параметров';

-- Дамп данных таблицы magellan.model_has_parameters: ~74 rows (приблизительно)
/*!40000 ALTER TABLE `model_has_parameters` DISABLE KEYS */;
INSERT IGNORE INTO `model_has_parameters` (`node_code`, `parameter_code`, `def_value`, `mult_small`, `mult_large`, `increase_direction`, `hull_boost`, `is_hidden`) VALUES
	('fuel_tank', 'az_level', 100, 1, 1, 1, 0, 0),
	('fuel_tank', 'fuel_protection', 3, 1, 1, 1, 1, 0),
	('fuel_tank', 'fuel_volume', 800, 1, 1, 1, 0, 0),
	('fuel_tank', 'radiation_def', 80, 1, 1, 1, 1, 0),
	('fuel_tank', 'volume', 378, 0.52, 1.7, -1, 0, 0),
	('fuel_tank', 'weight', 1000, 1, 1, -1, 0, 0),
	('hull', 'az_level', 100, 1, 1, 1, 0, 0),
	('hull', 'brand_lapse', 16, 1, 1, 1, 0, 0),
	('hull', 'configurability', 16, 1, 1, 1, 0, 0),
	('hull', 'volume', 2000, 0.52, 1.7, 1, 0, 0),
	('hull', 'weight', 1000, 1, 1, -1, 0, 0),
	('lss', 'air_speed', 2, 1, 1, 1, 1, 0),
	('lss', 'air_volume', 2050, 0.8, 1.2, 1, 1, 0),
	('lss', 'az_level', 100, 1, 1, 1, 0, 0),
	('lss', 'co2_level', 50, 1, 1, 1, 0, 0),
	('lss', 'lightness', 0, 1, 1, 1, 0, 0),
	('lss', 'thermal_def', 4, 1, 1, 1, 1, 0),
	('lss', 'volume', 273, 0.52, 1.7, -1, 0, 0),
	('lss', 'weight', 1000, 1, 1, -1, 0, 0),
	('march_engine', 'accel', 16, 1.4, 0.6, 1, 1, 0),
	('march_engine', 'accel_rev', 0, 1.4, 0.6, 1, 1, 0),
	('march_engine', 'az_level', 100, 1, 1, 1, 0, 0),
	('march_engine', 'heat_prod', 83, 1, 1, -1, 1, 0),
	('march_engine', 'slowdown', 16, 1.4, 0.6, 1, 0, 0),
	('march_engine', 'slowdown_rev', 0, 1.4, 0.6, 1, 0, 0),
	('march_engine', 'thrust', 700, 0.5, 1.6, 1, 1, 0),
	('march_engine', 'thrust_rev', 0, 0.5, 1.6, 1, 1, 0),
	('march_engine', 'volume', 315, 0.52, 1.7, -1, 0, 0),
	('march_engine', 'weight', 1000, 1, 1, -1, 0, 0),
	('radar', 'angle_change', 0.8, 1, 1, 1, 0, 0),
	('radar', 'angle_max', 30, 1, 1, 1, 1, 0),
	('radar', 'angle_min', 25, 1, 1, -1, 1, 0),
	('radar', 'az_level', 100, 1, 1, 1, 0, 0),
	('radar', 'range_change', 0.8, 1, 1, 1, 0, 0),
	('radar', 'range_max', 30, 1, 1, 1, 1, 0),
	('radar', 'rotate_speed', 10, 1, 1, 1, 1, 0),
	('radar', 'volume', 210, 0.52, 1.7, -1, 0, 0),
	('radar', 'weight', 1000, 1, 1, -1, 0, 0),
	('scaner', 'az_level', 100, 1, 1, 1, 0, 0),
	('scaner', 'drop_range', 20, 0.8, 1.2, 1, 1, 0),
	('scaner', 'drop_speed', 38, 0.9, 1.1, 1, 1, 0),
	('scaner', 'scan_range', 42, 0.8, 1.2, 1, 1, 0),
	('scaner', 'scan_speed', 2.5, 0.9, 1.1, 1, 1, 0),
	('scaner', 'volume', 147, 0.52, 1.7, -1, 0, 0),
	('scaner', 'weight', 1000, 1, 1, -1, 0, 0),
	('shields', 'az_level', 100, 1, 1, 1, 0, 0),
	('shields', 'desinfect_level', 50, 0.9, 1.1, 1, 0, 0),
	('shields', 'heat_capacity', 382.5, 0.7, 1.3, 1, 1, 0),
	('shields', 'heat_reflection', 8, 0.8, 1.2, 1, 1, 0),
	('shields', 'heat_sink', 85, 0.7, 1.3, 1, 1, 0),
	('shields', 'mechanical_def', 90, 1, 1, 1, 1, 0),
	('shields', 'radiation_def', 7, 0.8, 1.2, 1, 1, 0),
	('shields', 'volume', 315, 0.52, 1.7, -1, 0, 0),
	('shields', 'weight', 1000, 1, 1, -1, 0, 0),
	('shunter', 'az_level', 100, 1, 1, 1, 0, 0),
	('shunter', 'heat_prod', 92, 1, 1, -1, 1, 0),
	('shunter', 'strafe_accel', 0, 1.4, 0.6, 1, 1, 0),
	('shunter', 'strafe_max', 0, 0.5, 1.6, 1, 1, 0),
	('shunter', 'strafe_slow', 0, 1.4, 0.6, 1, 0, 0),
	('shunter', 'turn_accel', 80, 0.6, 1.4, 1, 1, 0),
	('shunter', 'turn_max', 45, 1.4, 0.8, 1, 1, 0),
	('shunter', 'turn_slow', 80, 1.4, 0.6, 1, 0, 0),
	('shunter', 'volume', 210, 0.52, 1.7, -1, 0, 0),
	('shunter', 'weight', 1000, 1, 1, -1, 0, 0),
	('warp_engine', 'az_level', 100, 1, 1, 1, 0, 0),
	('warp_engine', 'consumption', 0.12, 1, 1, -1, 1, 0),
	('warp_engine', 'distort_accel', 3, 1, 1, 1, 1, 0),
	('warp_engine', 'distort_level', 800, 1, 1, 1, 1, 0),
	('warp_engine', 'distort_slowdown', 3, 1, 1, 1, 1, 0),
	('warp_engine', 'turn_consumption', 1.1, 1, 1, -1, 0, 0),
	('warp_engine', 'turn_speed', 0.8, 1, 1, 1, 1, 0),
	('warp_engine', 'volume', 378, 0.52, 1.7, -1, 0, 0),
	('warp_engine', 'warp_enter_consumption', 30, 1, 1, -1, 1, 0),
	('warp_engine', 'weight', 1000, 1, 1, -1, 0, 0);
/*!40000 ALTER TABLE `model_has_parameters` ENABLE KEYS */;


-- Дамп структуры для таблица magellan.model_parameters
DROP TABLE IF EXISTS `model_parameters`;
CREATE TABLE IF NOT EXISTS `model_parameters` (
  `model_id` int(11) NOT NULL,
  `parameter_code` varchar(50) NOT NULL,
  `value` int(11) NOT NULL,
  PRIMARY KEY (`model_id`,`parameter_code`),
  KEY `parameter_code` (`parameter_code`),
  CONSTRAINT `model_id` FOREIGN KEY (`model_id`) REFERENCES `models` (`id`) ON DELETE CASCADE ON UPDATE CASCADE,
  CONSTRAINT `parameter_code` FOREIGN KEY (`parameter_code`) REFERENCES `parameters_list` (`code`) ON DELETE CASCADE ON UPDATE CASCADE
) ENGINE=InnoDB DEFAULT CHARSET=utf8;

-- Дамп данных таблицы magellan.model_parameters: ~774 rows (приблизительно)
/*!40000 ALTER TABLE `model_parameters` DISABLE KEYS */;
INSERT IGNORE INTO `model_parameters` (`model_id`, `parameter_code`, `value`) VALUES
	(101, 'accel', 21),
	(101, 'accel_rev', 0),
	(101, 'az_level', 100),
	(101, 'heat_prod', 92),
	(101, 'slowdown', 16),
	(101, 'slowdown_rev', 0),
	(101, 'thrust', 1210),
	(101, 'thrust_rev', 0),
	(101, 'volume', 256),
	(101, 'weight', 1000),
	(102, 'accel', 16),
	(102, 'accel_rev', 0),
	(102, 'az_level', 100),
	(102, 'heat_prod', 93),
	(102, 'slowdown', 16),
	(102, 'slowdown_rev', 0),
	(102, 'thrust', 1380),
	(102, 'thrust_rev', 0),
	(102, 'volume', 225),
	(102, 'weight', 1000),
	(103, 'accel', 28),
	(103, 'accel_rev', 0),
	(103, 'az_level', 100),
	(103, 'heat_prod', 79),
	(103, 'slowdown', 28),
	(103, 'slowdown_rev', 0),
	(103, 'thrust', 1480),
	(103, 'thrust_rev', 0),
	(103, 'volume', 245),
	(103, 'weight', 1000),
	(104, 'accel', 23),
	(104, 'accel_rev', 0),
	(104, 'az_level', 100),
	(104, 'heat_prod', 76),
	(104, 'slowdown', 28),
	(104, 'slowdown_rev', 0),
	(104, 'thrust', 1310),
	(104, 'thrust_rev', 0),
	(104, 'volume', 222),
	(104, 'weight', 1000),
	(105, 'accel', 20),
	(105, 'accel_rev', 0),
	(105, 'az_level', 100),
	(105, 'heat_prod', 80),
	(105, 'slowdown', 20),
	(105, 'slowdown_rev', 0),
	(105, 'thrust', 1020),
	(105, 'thrust_rev', 0),
	(105, 'volume', 257),
	(105, 'weight', 1000),
	(106, 'accel', 20),
	(106, 'accel_rev', 0),
	(106, 'az_level', 100),
	(106, 'heat_prod', 79),
	(106, 'slowdown', 20),
	(106, 'slowdown_rev', 0),
	(106, 'thrust', 1010),
	(106, 'thrust_rev', 0),
	(106, 'volume', 239),
	(106, 'weight', 1000),
	(107, 'accel', 26),
	(107, 'accel_rev', 0),
	(107, 'az_level', 100),
	(107, 'heat_prod', 86),
	(107, 'slowdown', 24),
	(107, 'slowdown_rev', 0),
	(107, 'thrust', 1480),
	(107, 'thrust_rev', 0),
	(107, 'volume', 260),
	(107, 'weight', 1000),
	(108, 'accel', 20),
	(108, 'accel_rev', 0),
	(108, 'az_level', 100),
	(108, 'heat_prod', 79),
	(108, 'slowdown', 20),
	(108, 'slowdown_rev', 0),
	(108, 'thrust', 982),
	(108, 'thrust_rev', 0),
	(108, 'volume', 264),
	(108, 'weight', 1000),
	(109, 'accel', 20),
	(109, 'accel_rev', 0),
	(109, 'az_level', 100),
	(109, 'heat_prod', 80),
	(109, 'slowdown', 20),
	(109, 'slowdown_rev', 0),
	(109, 'thrust', 1000),
	(109, 'thrust_rev', 0),
	(109, 'volume', 254),
	(109, 'weight', 1000),
	(110, 'accel', 20),
	(110, 'accel_rev', 0),
	(110, 'az_level', 100),
	(110, 'heat_prod', 80),
	(110, 'slowdown', 20),
	(110, 'slowdown_rev', 0),
	(110, 'thrust', 1010),
	(110, 'thrust_rev', 0),
	(110, 'volume', 255),
	(110, 'weight', 1000),
	(111, 'az_level', 100),
	(111, 'heat_prod', 79),
	(111, 'strafe_accel', 0),
	(111, 'strafe_max', 0),
	(111, 'strafe_slow', 0),
	(111, 'turn_accel', 80),
	(111, 'turn_max', 45),
	(111, 'turn_slow', 85),
	(111, 'volume', 211),
	(111, 'weight', 1000),
	(112, 'az_level', 100),
	(112, 'heat_prod', 68),
	(112, 'strafe_accel', 0),
	(112, 'strafe_max', 0),
	(112, 'strafe_slow', 0),
	(112, 'turn_accel', 80),
	(112, 'turn_max', 45),
	(112, 'turn_slow', 85),
	(112, 'volume', 157),
	(112, 'weight', 1000),
	(113, 'az_level', 100),
	(113, 'heat_prod', 81),
	(113, 'strafe_accel', 0),
	(113, 'strafe_max', 0),
	(113, 'strafe_slow', 0),
	(113, 'turn_accel', 80),
	(113, 'turn_max', 45),
	(113, 'turn_slow', 93),
	(113, 'volume', 173),
	(113, 'weight', 1000),
	(114, 'az_level', 100),
	(114, 'heat_prod', 79),
	(114, 'strafe_accel', 0),
	(114, 'strafe_max', 0),
	(114, 'strafe_slow', 0),
	(114, 'turn_accel', 80),
	(114, 'turn_max', 45),
	(114, 'turn_slow', 89),
	(114, 'volume', 174),
	(114, 'weight', 1000),
	(115, 'az_level', 100),
	(115, 'heat_prod', 80),
	(115, 'strafe_accel', 0),
	(115, 'strafe_max', 0),
	(115, 'strafe_slow', 0),
	(115, 'turn_accel', 80),
	(115, 'turn_max', 45),
	(115, 'turn_slow', 92),
	(115, 'volume', 171),
	(115, 'weight', 1000),
	(116, 'az_level', 100),
	(116, 'heat_prod', 83),
	(116, 'strafe_accel', 0),
	(116, 'strafe_max', 0),
	(116, 'strafe_slow', 0),
	(116, 'turn_accel', 80),
	(116, 'turn_max', 45),
	(116, 'turn_slow', 92),
	(116, 'volume', 183),
	(116, 'weight', 1000),
	(117, 'az_level', 100),
	(117, 'heat_prod', 79),
	(117, 'strafe_accel', 0),
	(117, 'strafe_max', 0),
	(117, 'strafe_slow', 0),
	(117, 'turn_accel', 80),
	(117, 'turn_max', 45),
	(117, 'turn_slow', 91),
	(117, 'volume', 189),
	(117, 'weight', 1000),
	(118, 'az_level', 100),
	(118, 'heat_prod', 80),
	(118, 'strafe_accel', 0),
	(118, 'strafe_max', 0),
	(118, 'strafe_slow', 0),
	(118, 'turn_accel', 80),
	(118, 'turn_max', 45),
	(118, 'turn_slow', 90),
	(118, 'volume', 182),
	(118, 'weight', 1000),
	(119, 'az_level', 100),
	(119, 'heat_prod', 80),
	(119, 'strafe_accel', 0),
	(119, 'strafe_max', 0),
	(119, 'strafe_slow', 0),
	(119, 'turn_accel', 80),
	(119, 'turn_max', 45),
	(119, 'turn_slow', 90),
	(119, 'volume', 186),
	(119, 'weight', 1000),
	(120, 'az_level', 100),
	(120, 'consumption', 0),
	(120, 'distort_accel', 3),
	(120, 'distort_level', 800),
	(120, 'distort_slowdown', 3),
	(120, 'turn_consumption', 1),
	(120, 'turn_speed', 1),
	(120, 'volume', 291),
	(120, 'warp_enter_consumption', 21),
	(120, 'weight', 1000),
	(121, 'az_level', 100),
	(121, 'consumption', 0),
	(121, 'distort_accel', 3),
	(121, 'distort_level', 800),
	(121, 'distort_slowdown', 3),
	(121, 'turn_consumption', 1),
	(121, 'turn_speed', 1),
	(121, 'volume', 284),
	(121, 'warp_enter_consumption', 25),
	(121, 'weight', 1000),
	(122, 'az_level', 100),
	(122, 'consumption', 0),
	(122, 'distort_accel', 3),
	(122, 'distort_level', 800),
	(122, 'distort_slowdown', 3),
	(122, 'turn_consumption', 1),
	(122, 'turn_speed', 1),
	(122, 'volume', 288),
	(122, 'warp_enter_consumption', 21),
	(122, 'weight', 1000),
	(123, 'az_level', 100),
	(123, 'consumption', 0),
	(123, 'distort_accel', 3),
	(123, 'distort_level', 800),
	(123, 'distort_slowdown', 3),
	(123, 'turn_consumption', 1),
	(123, 'turn_speed', 1),
	(123, 'volume', 292),
	(123, 'warp_enter_consumption', 21),
	(123, 'weight', 1000),
	(124, 'az_level', 100),
	(124, 'consumption', 0),
	(124, 'distort_accel', 3),
	(124, 'distort_level', 800),
	(124, 'distort_slowdown', 3),
	(124, 'turn_consumption', 1),
	(124, 'turn_speed', 1),
	(124, 'volume', 284),
	(124, 'warp_enter_consumption', 21),
	(124, 'weight', 1000),
	(125, 'az_level', 100),
	(125, 'consumption', 0),
	(125, 'distort_accel', 3),
	(125, 'distort_level', 800),
	(125, 'distort_slowdown', 3),
	(125, 'turn_consumption', 1),
	(125, 'turn_speed', 1),
	(125, 'volume', 293),
	(125, 'warp_enter_consumption', 21),
	(125, 'weight', 1000),
	(126, 'az_level', 100),
	(126, 'consumption', 0),
	(126, 'distort_accel', 3),
	(126, 'distort_level', 800),
	(126, 'distort_slowdown', 3),
	(126, 'turn_consumption', 1),
	(126, 'turn_speed', 1),
	(126, 'volume', 283),
	(126, 'warp_enter_consumption', 21),
	(126, 'weight', 1000),
	(127, 'az_level', 100),
	(127, 'consumption', 0),
	(127, 'distort_accel', 3),
	(127, 'distort_level', 800),
	(127, 'distort_slowdown', 3),
	(127, 'turn_consumption', 1),
	(127, 'turn_speed', 1),
	(127, 'volume', 290),
	(127, 'warp_enter_consumption', 21),
	(127, 'weight', 1000),
	(128, 'az_level', 100),
	(128, 'consumption', 0),
	(128, 'distort_accel', 3),
	(128, 'distort_level', 800),
	(128, 'distort_slowdown', 3),
	(128, 'turn_consumption', 1),
	(128, 'turn_speed', 1),
	(128, 'volume', 285),
	(128, 'warp_enter_consumption', 21),
	(128, 'weight', 1000),
	(129, 'az_level', 100),
	(129, 'consumption', 0),
	(129, 'distort_accel', 3),
	(129, 'distort_level', 800),
	(129, 'distort_slowdown', 3),
	(129, 'turn_consumption', 1),
	(129, 'turn_speed', 1),
	(129, 'volume', 287),
	(129, 'warp_enter_consumption', 21),
	(129, 'weight', 1000),
	(130, 'angle_change', 1),
	(130, 'angle_max', 40),
	(130, 'angle_min', 15),
	(130, 'az_level', 100),
	(130, 'range_change', 1),
	(130, 'range_max', 51),
	(130, 'rotate_speed', 12),
	(130, 'volume', 172),
	(130, 'weight', 1000),
	(131, 'angle_change', 1),
	(131, 'angle_max', 30),
	(131, 'angle_min', 25),
	(131, 'az_level', 100),
	(131, 'range_change', 1),
	(131, 'range_max', 34),
	(131, 'rotate_speed', 12),
	(131, 'volume', 159),
	(131, 'weight', 1000),
	(132, 'angle_change', 1),
	(132, 'angle_max', 39),
	(132, 'angle_min', 16),
	(132, 'az_level', 100),
	(132, 'range_change', 1),
	(132, 'range_max', 43),
	(132, 'rotate_speed', 10),
	(132, 'volume', 157),
	(132, 'weight', 1000),
	(133, 'angle_change', 1),
	(133, 'angle_max', 37),
	(133, 'angle_min', 19),
	(133, 'az_level', 100),
	(133, 'range_change', 1),
	(133, 'range_max', 43),
	(133, 'rotate_speed', 13),
	(133, 'volume', 208),
	(133, 'weight', 1000),
	(134, 'angle_change', 1),
	(134, 'angle_max', 35),
	(134, 'angle_min', 20),
	(134, 'az_level', 100),
	(134, 'range_change', 1),
	(134, 'range_max', 41),
	(134, 'rotate_speed', 12),
	(134, 'volume', 188),
	(134, 'weight', 1000),
	(135, 'angle_change', 1),
	(135, 'angle_max', 34),
	(135, 'angle_min', 20),
	(135, 'az_level', 100),
	(135, 'range_change', 1),
	(135, 'range_max', 39),
	(135, 'rotate_speed', 12),
	(135, 'volume', 183),
	(135, 'weight', 1000),
	(136, 'angle_change', 1),
	(136, 'angle_max', 36),
	(136, 'angle_min', 18),
	(136, 'az_level', 100),
	(136, 'range_change', 1),
	(136, 'range_max', 37),
	(136, 'rotate_speed', 13),
	(136, 'volume', 182),
	(136, 'weight', 1000),
	(137, 'angle_change', 1),
	(137, 'angle_max', 35),
	(137, 'angle_min', 20),
	(137, 'az_level', 100),
	(137, 'range_change', 1),
	(137, 'range_max', 40),
	(137, 'rotate_speed', 12),
	(137, 'volume', 187),
	(137, 'weight', 1000),
	(138, 'angle_change', 1),
	(138, 'angle_max', 34),
	(138, 'angle_min', 20),
	(138, 'az_level', 100),
	(138, 'range_change', 1),
	(138, 'range_max', 40),
	(138, 'rotate_speed', 12),
	(138, 'volume', 185),
	(138, 'weight', 1000),
	(139, 'angle_change', 1),
	(139, 'angle_max', 35),
	(139, 'angle_min', 20),
	(139, 'az_level', 100),
	(139, 'range_change', 1),
	(139, 'range_max', 40),
	(139, 'rotate_speed', 12),
	(139, 'volume', 185),
	(139, 'weight', 1000),
	(140, 'az_level', 100),
	(140, 'drop_range', 20),
	(140, 'drop_speed', 41),
	(140, 'scan_range', 61),
	(140, 'scan_speed', 26),
	(140, 'volume', 127),
	(140, 'weight', 1000),
	(141, 'az_level', 100),
	(141, 'drop_range', 20),
	(141, 'drop_speed', 41),
	(141, 'scan_range', 60),
	(141, 'scan_speed', 25),
	(141, 'volume', 131),
	(141, 'weight', 1000),
	(142, 'az_level', 100),
	(142, 'drop_range', 20),
	(142, 'drop_speed', 41),
	(142, 'scan_range', 60),
	(142, 'scan_speed', 25),
	(142, 'volume', 128),
	(142, 'weight', 1000),
	(143, 'az_level', 100),
	(143, 'drop_range', 26),
	(143, 'drop_speed', 38),
	(143, 'scan_range', 53),
	(143, 'scan_speed', 3),
	(143, 'volume', 146),
	(143, 'weight', 1000),
	(144, 'az_level', 100),
	(144, 'drop_range', 25),
	(144, 'drop_speed', 41),
	(144, 'scan_range', 51),
	(144, 'scan_speed', 3),
	(144, 'volume', 130),
	(144, 'weight', 1000),
	(145, 'az_level', 100),
	(145, 'drop_range', 25),
	(145, 'drop_speed', 41),
	(145, 'scan_range', 49),
	(145, 'scan_speed', 3),
	(145, 'volume', 132),
	(145, 'weight', 1000),
	(146, 'az_level', 100),
	(146, 'drop_range', 30),
	(146, 'drop_speed', 43),
	(146, 'scan_range', 48),
	(146, 'scan_speed', 10),
	(146, 'volume', 131),
	(146, 'weight', 1000),
	(147, 'az_level', 100),
	(147, 'drop_range', 25),
	(147, 'drop_speed', 41),
	(147, 'scan_range', 50),
	(147, 'scan_speed', 3),
	(147, 'volume', 130),
	(147, 'weight', 1000),
	(148, 'az_level', 100),
	(148, 'drop_range', 25),
	(148, 'drop_speed', 41),
	(148, 'scan_range', 50),
	(148, 'scan_speed', 3),
	(148, 'volume', 128),
	(148, 'weight', 1000),
	(149, 'az_level', 100),
	(149, 'drop_range', 25),
	(149, 'drop_speed', 41),
	(149, 'scan_range', 50),
	(149, 'scan_speed', 3),
	(149, 'volume', 131),
	(149, 'weight', 1000),
	(150, 'az_level', 100),
	(150, 'fuel_protection', 4),
	(150, 'fuel_volume', 1310),
	(150, 'radiation_def', 81),
	(150, 'volume', 332),
	(150, 'weight', 1000),
	(151, 'az_level', 100),
	(151, 'fuel_protection', 3),
	(151, 'fuel_volume', 1250),
	(151, 'radiation_def', 79),
	(151, 'volume', 253),
	(151, 'weight', 1000),
	(152, 'az_level', 100),
	(152, 'fuel_protection', 5),
	(152, 'fuel_volume', 1310),
	(152, 'radiation_def', 130),
	(152, 'volume', 278),
	(152, 'weight', 1000),
	(153, 'az_level', 100),
	(153, 'fuel_protection', 4),
	(153, 'fuel_volume', 1220),
	(153, 'radiation_def', 134),
	(153, 'volume', 337),
	(153, 'weight', 1000),
	(154, 'az_level', 100),
	(154, 'fuel_protection', 5),
	(154, 'fuel_volume', 1000),
	(154, 'radiation_def', 101),
	(154, 'volume', 295),
	(154, 'weight', 1000),
	(155, 'az_level', 100),
	(155, 'fuel_protection', 5),
	(155, 'fuel_volume', 1000),
	(155, 'radiation_def', 98),
	(155, 'volume', 294),
	(155, 'weight', 1000),
	(156, 'az_level', 100),
	(156, 'fuel_protection', 5),
	(156, 'fuel_volume', 1020),
	(156, 'radiation_def', 100),
	(156, 'volume', 301),
	(156, 'weight', 1000),
	(157, 'az_level', 100),
	(157, 'fuel_protection', 5),
	(157, 'fuel_volume', 995),
	(157, 'radiation_def', 100),
	(157, 'volume', 293),
	(157, 'weight', 1000),
	(158, 'az_level', 100),
	(158, 'fuel_protection', 5),
	(158, 'fuel_volume', 989),
	(158, 'radiation_def', 101),
	(158, 'volume', 299),
	(158, 'weight', 1000),
	(159, 'az_level', 100),
	(159, 'fuel_protection', 5),
	(159, 'fuel_volume', 993),
	(159, 'radiation_def', 99),
	(159, 'volume', 301),
	(159, 'weight', 1000),
	(160, 'az_level', 100),
	(160, 'desinfect_level', 49),
	(160, 'heat_capacity', 474),
	(160, 'heat_reflection', 11),
	(160, 'heat_sink', 106),
	(160, 'mechanical_def', 11),
	(160, 'radiation_def', 11),
	(160, 'volume', 283),
	(160, 'weight', 1000),
	(161, 'az_level', 100),
	(161, 'desinfect_level', 50),
	(161, 'heat_capacity', 490),
	(161, 'heat_reflection', 10),
	(161, 'heat_sink', 108),
	(161, 'mechanical_def', 8),
	(161, 'radiation_def', 7),
	(161, 'volume', 237),
	(161, 'weight', 1000),
	(162, 'az_level', 100),
	(162, 'desinfect_level', 80),
	(162, 'heat_capacity', 455),
	(162, 'heat_reflection', 10),
	(162, 'heat_sink', 98),
	(162, 'mechanical_def', 10),
	(162, 'radiation_def', 10),
	(162, 'volume', 280),
	(162, 'weight', 1000),
	(163, 'az_level', 100),
	(163, 'desinfect_level', 90),
	(163, 'heat_capacity', 498),
	(163, 'heat_reflection', 11),
	(163, 'heat_sink', 113),
	(163, 'mechanical_def', 12),
	(163, 'radiation_def', 12),
	(163, 'volume', 313),
	(163, 'weight', 1000),
	(164, 'az_level', 100),
	(164, 'desinfect_level', 91),
	(164, 'heat_capacity', 498),
	(164, 'heat_reflection', 11),
	(164, 'heat_sink', 117),
	(164, 'mechanical_def', 12),
	(164, 'radiation_def', 12),
	(164, 'volume', 312),
	(164, 'weight', 1000),
	(165, 'az_level', 100),
	(165, 'desinfect_level', 109),
	(165, 'heat_capacity', 522),
	(165, 'heat_reflection', 12),
	(165, 'heat_sink', 116),
	(165, 'mechanical_def', 12),
	(165, 'radiation_def', 12),
	(165, 'volume', 256),
	(165, 'weight', 1000),
	(166, 'az_level', 100),
	(166, 'desinfect_level', 82),
	(166, 'heat_capacity', 451),
	(166, 'heat_reflection', 10),
	(166, 'heat_sink', 102),
	(166, 'mechanical_def', 10),
	(166, 'radiation_def', 10),
	(166, 'volume', 283),
	(166, 'weight', 1000),
	(167, 'az_level', 100),
	(167, 'desinfect_level', 79),
	(167, 'heat_capacity', 442),
	(167, 'heat_reflection', 10),
	(167, 'heat_sink', 99),
	(167, 'mechanical_def', 10),
	(167, 'radiation_def', 10),
	(167, 'volume', 275),
	(167, 'weight', 1000),
	(168, 'az_level', 100),
	(168, 'desinfect_level', 66),
	(168, 'heat_capacity', 448),
	(168, 'heat_reflection', 9),
	(168, 'heat_sink', 114),
	(168, 'mechanical_def', 9),
	(168, 'radiation_def', 10),
	(168, 'volume', 279),
	(168, 'weight', 1000),
	(169, 'az_level', 100),
	(169, 'desinfect_level', 90),
	(169, 'heat_capacity', 453),
	(169, 'heat_reflection', 11),
	(169, 'heat_sink', 105),
	(169, 'mechanical_def', 11),
	(169, 'radiation_def', 11),
	(169, 'volume', 320),
	(169, 'weight', 1000),
	(170, 'az_level', 100),
	(170, 'desinfect_level', 99),
	(170, 'heat_capacity', 501),
	(170, 'heat_reflection', 11),
	(170, 'heat_sink', 112),
	(170, 'mechanical_def', 11),
	(170, 'radiation_def', 13),
	(170, 'volume', 317),
	(170, 'weight', 1000),
	(171, 'az_level', 100),
	(171, 'desinfect_level', 90),
	(171, 'heat_capacity', 445),
	(171, 'heat_reflection', 11),
	(171, 'heat_sink', 104),
	(171, 'mechanical_def', 11),
	(171, 'radiation_def', 11),
	(171, 'volume', 309),
	(171, 'weight', 1000),
	(172, 'az_level', 100),
	(172, 'brand_lapse', 20),
	(172, 'configurability', 20),
	(172, 'volume', 1400),
	(172, 'weight', 1000),
	(173, 'az_level', 100),
	(173, 'brand_lapse', 17),
	(173, 'configurability', 21),
	(173, 'volume', 1290),
	(173, 'weight', 1000),
	(174, 'az_level', 100),
	(174, 'brand_lapse', 19),
	(174, 'configurability', 19),
	(174, 'volume', 1280),
	(174, 'weight', 1000),
	(175, 'az_level', 100),
	(175, 'brand_lapse', 20),
	(175, 'configurability', 22),
	(175, 'volume', 1520),
	(175, 'weight', 1000),
	(176, 'az_level', 100),
	(176, 'brand_lapse', 19),
	(176, 'configurability', 19),
	(176, 'volume', 1320),
	(176, 'weight', 1000),
	(177, 'az_level', 100),
	(177, 'brand_lapse', 23),
	(177, 'configurability', 23),
	(177, 'volume', 1810),
	(177, 'weight', 1000),
	(178, 'az_level', 100),
	(178, 'brand_lapse', 19),
	(178, 'configurability', 19),
	(178, 'volume', 1280),
	(178, 'weight', 1000),
	(179, 'az_level', 100),
	(179, 'brand_lapse', 19),
	(179, 'configurability', 19),
	(179, 'volume', 1300),
	(179, 'weight', 1000),
	(180, 'az_level', 100),
	(180, 'brand_lapse', 21),
	(180, 'configurability', 21),
	(180, 'volume', 1580),
	(180, 'weight', 1000),
	(181, 'az_level', 100),
	(181, 'brand_lapse', 19),
	(181, 'configurability', 19),
	(181, 'volume', 1290),
	(181, 'weight', 1000),
	(182, 'az_level', 100),
	(182, 'brand_lapse', 19),
	(182, 'configurability', 19),
	(182, 'volume', 1310),
	(182, 'weight', 1000),
	(183, 'az_level', 100),
	(183, 'brand_lapse', 19),
	(183, 'configurability', 19),
	(183, 'volume', 1320),
	(183, 'weight', 1000),
	(184, 'air_speed', 2),
	(184, 'air_volume', 2230),
	(184, 'az_level', 100),
	(184, 'co2_level', 49),
	(184, 'lightness', 10),
	(184, 'thermal_def', 10),
	(184, 'volume', 206),
	(184, 'weight', 1000),
	(185, 'air_speed', 2),
	(185, 'air_volume', 2210),
	(185, 'az_level', 100),
	(185, 'co2_level', 50),
	(185, 'lightness', 0),
	(185, 'thermal_def', 12),
	(185, 'volume', 208),
	(185, 'weight', 1000),
	(186, 'air_speed', 2),
	(186, 'air_volume', 2140),
	(186, 'az_level', 100),
	(186, 'co2_level', 49),
	(186, 'lightness', 10),
	(186, 'thermal_def', 12),
	(186, 'volume', 212),
	(186, 'weight', 1000),
	(187, 'air_speed', 2),
	(187, 'air_volume', 2470),
	(187, 'az_level', 100),
	(187, 'co2_level', 175),
	(187, 'lightness', 10),
	(187, 'thermal_def', 14),
	(187, 'volume', 277),
	(187, 'weight', 1000),
	(188, 'air_speed', 2),
	(188, 'air_volume', 2190),
	(188, 'az_level', 100),
	(188, 'co2_level', 100),
	(188, 'lightness', 10),
	(188, 'thermal_def', 10),
	(188, 'volume', 240),
	(188, 'weight', 1000),
	(189, 'air_speed', 2),
	(189, 'air_volume', 2540),
	(189, 'az_level', 100),
	(189, 'co2_level', 199),
	(189, 'lightness', 36),
	(189, 'thermal_def', 20),
	(189, 'volume', 221),
	(189, 'weight', 1000),
	(190, 'air_speed', 2),
	(190, 'air_volume', 2190),
	(190, 'az_level', 100),
	(190, 'co2_level', 101),
	(190, 'lightness', 10),
	(190, 'thermal_def', 10),
	(190, 'volume', 238),
	(190, 'weight', 1000),
	(191, 'air_speed', 2),
	(191, 'air_volume', 2190),
	(191, 'az_level', 100),
	(191, 'co2_level', 100),
	(191, 'lightness', 10),
	(191, 'thermal_def', 10),
	(191, 'volume', 241),
	(191, 'weight', 1000),
	(192, 'air_speed', 2),
	(192, 'air_volume', 2190),
	(192, 'az_level', 100),
	(192, 'co2_level', 101),
	(192, 'lightness', 0),
	(192, 'thermal_def', 14),
	(192, 'volume', 245),
	(192, 'weight', 1000),
	(193, 'air_speed', 2),
	(193, 'air_volume', 2370),
	(193, 'az_level', 100),
	(193, 'co2_level', 124),
	(193, 'lightness', 0),
	(193, 'thermal_def', 16),
	(193, 'volume', 224),
	(193, 'weight', 1000),
	(194, 'air_speed', 2),
	(194, 'air_volume', 2520),
	(194, 'az_level', 100),
	(194, 'co2_level', 201),
	(194, 'lightness', 20),
	(194, 'thermal_def', 20),
	(194, 'volume', 211),
	(194, 'weight', 1000),
	(195, 'air_speed', 2),
	(195, 'air_volume', 2370),
	(195, 'az_level', 100),
	(195, 'co2_level', 176),
	(195, 'lightness', 0),
	(195, 'thermal_def', 16),
	(195, 'volume', 227),
	(195, 'weight', 1000);
/*!40000 ALTER TABLE `model_parameters` ENABLE KEYS */;


-- Дамп структуры для таблица magellan.nodes
DROP TABLE IF EXISTS `nodes`;
CREATE TABLE IF NOT EXISTS `nodes` (
  `id` int(11) NOT NULL AUTO_INCREMENT COMMENT 'ID узла',
  `model_id` int(11) NOT NULL DEFAULT '0' COMMENT 'ID модели',
  `name` varchar(50) DEFAULT '' COMMENT 'Название (только для корпусов)',
  `az_level` int(11) NOT NULL DEFAULT '100' COMMENT 'Уровень АЗ',
  `status_code` varchar(10) NOT NULL DEFAULT 'free' COMMENT 'Статус',
  `date_created` datetime NOT NULL DEFAULT CURRENT_TIMESTAMP COMMENT 'Дата и время создания',
  `connected_to_hull_id` int(11) DEFAULT NULL,
  `password` varchar(50) DEFAULT NULL,
  `premium_expires` datetime DEFAULT NULL,
  PRIMARY KEY (`id`),
  KEY `FK_status_code` (`status_code`),
  KEY `FK_model_id` (`model_id`),
  CONSTRAINT `FK_model_id` FOREIGN KEY (`model_id`) REFERENCES `models` (`id`) ON DELETE CASCADE ON UPDATE CASCADE,
  CONSTRAINT `FK_status_code` FOREIGN KEY (`status_code`) REFERENCES `node_statuses` (`code`) ON DELETE CASCADE ON UPDATE CASCADE
) ENGINE=InnoDB AUTO_INCREMENT=197 DEFAULT CHARSET=utf8 COMMENT='Узлы в технопарке';

-- Дамп данных таблицы magellan.nodes: ~95 rows (приблизительно)
/*!40000 ALTER TABLE `nodes` DISABLE KEYS */;
INSERT IGNORE INTO `nodes` (`id`, `model_id`, `name`, `az_level`, `status_code`, `date_created`, `connected_to_hull_id`, `password`, `premium_expires`) VALUES
	(101, 101, '', 100, 'free', '2018-08-06 21:38:39', NULL, '', '2018-08-06 21:58:03'),
	(102, 102, '', 100, 'free', '2018-08-06 21:38:39', NULL, '', '2018-08-06 21:58:03'),
	(103, 103, '', 100, 'free', '2018-08-06 21:38:40', NULL, '', '2018-08-06 21:58:03'),
	(104, 104, '', 115, 'free', '2018-08-06 21:38:40', NULL, '', '2018-08-06 21:58:03'),
	(105, 105, '', 115, 'free', '2018-08-06 21:38:40', NULL, '', '2018-08-06 21:58:03'),
	(106, 106, '', 115, 'free', '2018-08-06 21:38:41', NULL, '', '2018-08-06 21:58:03'),
	(107, 107, '', 100, 'free', '2018-08-06 21:38:41', NULL, '', '2018-08-06 21:58:03'),
	(108, 108, '', 100, 'free', '2018-08-06 21:38:41', NULL, '', '2018-08-06 21:58:03'),
	(109, 109, '', 100, 'free', '2018-08-06 21:38:41', NULL, '', '2018-08-06 21:58:03'),
	(110, 110, '', 100, 'free', '2018-08-06 21:38:42', NULL, '', '2018-08-06 21:58:03'),
	(111, 111, '', 100, 'free', '2018-08-06 21:38:42', NULL, '', '2018-08-06 21:58:03'),
	(112, 112, '', 100, 'free', '2018-08-06 21:38:42', NULL, '', '2018-08-06 21:58:03'),
	(113, 113, '', 100, 'free', '2018-08-06 21:38:42', NULL, '', '2018-08-06 21:58:03'),
	(114, 114, '', 115, 'free', '2018-08-06 21:38:43', NULL, '', '2018-08-06 21:58:03'),
	(115, 115, '', 115, 'free', '2018-08-06 21:38:43', NULL, '', '2018-08-06 21:58:03'),
	(116, 116, '', 100, 'free', '2018-08-06 21:38:43', NULL, '', '2018-08-06 21:58:03'),
	(117, 117, '', 100, 'free', '2018-08-06 21:38:43', NULL, '', '2018-08-06 21:58:03'),
	(118, 118, '', 100, 'free', '2018-08-06 21:38:44', NULL, '', '2018-08-06 21:58:03'),
	(119, 119, '', 100, 'free', '2018-08-06 21:38:44', NULL, '', '2018-08-06 21:58:03'),
	(120, 120, '', 100, 'free', '2018-08-06 21:38:44', NULL, '', '2018-08-06 21:58:03'),
	(121, 121, '', 100, 'free', '2018-08-06 21:38:45', NULL, '', '2018-08-06 21:58:03'),
	(122, 122, '', 100, 'free', '2018-08-06 21:38:45', NULL, '', '2018-08-06 21:58:03'),
	(123, 123, '', 115, 'free', '2018-08-06 21:38:45', NULL, '', '2018-08-06 21:58:03'),
	(124, 124, '', 115, 'free', '2018-08-06 21:38:45', NULL, '', '2018-08-06 21:58:03'),
	(125, 125, '', 115, 'free', '2018-08-06 21:38:46', NULL, '', '2018-08-06 21:58:03'),
	(126, 126, '', 100, 'free', '2018-08-06 21:38:46', NULL, '', '2018-08-06 21:58:03'),
	(127, 127, '', 100, 'free', '2018-08-06 21:38:46', NULL, '', '2018-08-06 21:58:03'),
	(128, 128, '', 100, 'free', '2018-08-06 21:38:46', NULL, '', '2018-08-06 21:58:03'),
	(129, 129, '', 100, 'free', '2018-08-06 21:38:47', NULL, '', '2018-08-06 21:58:03'),
	(130, 130, '', 100, 'free', '2018-08-06 21:38:47', NULL, '', '2018-08-06 21:58:03'),
	(131, 131, '', 100, 'free', '2018-08-06 21:38:47', NULL, '', '2018-08-06 21:58:03'),
	(132, 132, '', 100, 'free', '2018-08-06 21:38:47', NULL, '', '2018-08-06 21:58:03'),
	(133, 133, '', 115, 'free', '2018-08-06 21:38:48', NULL, '', '2018-08-06 21:58:03'),
	(134, 134, '', 115, 'free', '2018-08-06 21:38:48', NULL, '', '2018-08-06 21:58:03'),
	(135, 135, '', 115, 'free', '2018-08-06 21:38:48', NULL, '', '2018-08-06 21:58:03'),
	(136, 136, '', 100, 'free', '2018-08-06 21:38:48', NULL, '', '2018-08-06 21:58:03'),
	(137, 137, '', 100, 'free', '2018-08-06 21:38:48', NULL, '', '2018-08-06 21:58:03'),
	(138, 138, '', 100, 'free', '2018-08-06 21:38:49', NULL, '', '2018-08-06 21:58:03'),
	(139, 139, '', 100, 'free', '2018-08-06 21:38:49', NULL, '', '2018-08-06 21:58:03'),
	(140, 140, '', 100, 'free', '2018-08-06 21:38:49', NULL, '', '2018-08-06 21:58:03'),
	(141, 141, '', 100, 'free', '2018-08-06 21:38:49', NULL, '', '2018-08-06 21:58:03'),
	(142, 142, '', 100, 'free', '2018-08-06 21:38:50', NULL, '', '2018-08-06 21:58:03'),
	(143, 143, '', 115, 'free', '2018-08-06 21:38:50', NULL, '', '2018-08-06 21:58:03'),
	(144, 144, '', 115, 'free', '2018-08-06 21:38:50', NULL, '', '2018-08-06 21:58:03'),
	(145, 145, '', 115, 'free', '2018-08-06 21:38:51', NULL, '', '2018-08-06 21:58:03'),
	(146, 146, '', 100, 'free', '2018-08-06 21:38:51', NULL, '', '2018-08-06 21:58:03'),
	(147, 147, '', 100, 'free', '2018-08-06 21:38:51', NULL, '', '2018-08-06 21:58:03'),
	(148, 148, '', 100, 'free', '2018-08-06 21:38:52', NULL, '', '2018-08-06 21:58:03'),
	(149, 149, '', 100, 'free', '2018-08-06 21:38:52', NULL, '', '2018-08-06 21:58:03'),
	(150, 150, '', 100, 'free', '2018-08-06 21:38:52', NULL, '', '2018-08-06 21:58:03'),
	(151, 151, '', 100, 'free', '2018-08-06 21:38:52', NULL, '', '2018-08-06 21:58:03'),
	(152, 152, '', 100, 'free', '2018-08-06 21:38:53', NULL, '', '2018-08-06 21:58:03'),
	(153, 153, '', 115, 'free', '2018-08-06 21:38:53', NULL, '', '2018-08-06 21:58:03'),
	(154, 154, '', 115, 'free', '2018-08-06 21:38:53', NULL, '', '2018-08-06 21:58:03'),
	(155, 155, '', 115, 'free', '2018-08-06 21:38:54', NULL, '', '2018-08-06 21:58:03'),
	(156, 156, '', 100, 'free', '2018-08-06 21:38:54', NULL, '', '2018-08-06 21:58:03'),
	(157, 157, '', 100, 'free', '2018-08-06 21:38:54', NULL, '', '2018-08-06 21:58:03'),
	(158, 158, '', 100, 'free', '2018-08-06 21:38:54', NULL, '', '2018-08-06 21:58:03'),
	(159, 159, '', 100, 'free', '2018-08-06 21:38:54', NULL, '', '2018-08-06 21:58:03'),
	(160, 160, '', 100, 'free', '2018-08-06 21:38:55', NULL, '', '2018-08-06 21:58:03'),
	(161, 161, '', 100, 'free', '2018-08-06 21:38:55', NULL, '', '2018-08-06 21:58:03'),
	(162, 162, '', 100, 'free', '2018-08-06 21:38:55', NULL, '', '2018-08-06 21:58:03'),
	(163, 163, '', 115, 'free', '2018-08-06 21:38:56', NULL, '', '2018-08-06 21:58:03'),
	(164, 164, '', 115, 'free', '2018-08-06 21:38:56', NULL, '', '2018-08-06 21:58:03'),
	(165, 165, '', 115, 'free', '2018-08-06 21:38:56', NULL, '', '2018-08-06 21:58:03'),
	(166, 166, '', 115, 'free', '2018-08-06 21:38:56', NULL, '', '2018-08-06 21:58:03'),
	(167, 167, '', 115, 'free', '2018-08-06 21:38:56', NULL, '', '2018-08-06 21:58:03'),
	(168, 168, '', 100, 'free', '2018-08-06 21:38:57', NULL, '', '2018-08-06 21:58:03'),
	(169, 169, '', 100, 'free', '2018-08-06 21:38:57', NULL, '', '2018-08-06 21:58:03'),
	(170, 170, '', 100, 'free', '2018-08-06 21:38:57', NULL, '', '2018-08-06 21:58:03'),
	(171, 171, '', 100, 'free', '2018-08-06 21:38:57', NULL, '', '2018-08-06 21:58:03'),
	(172, 172, 'Нинья-172', 100, 'free', '2018-08-06 21:38:58', NULL, '', '2018-08-06 21:58:03'),
	(173, 173, 'Пинта-173', 100, 'free', '2018-08-06 21:38:59', NULL, '', '2018-08-06 21:58:03'),
	(174, 174, 'Санта-Мария-174', 100, 'reserved', '2018-08-06 21:39:00', NULL, '', '2018-08-06 21:58:03'),
	(175, 175, 'Adventureland-175', 115, 'free', '2018-08-06 21:39:01', NULL, '', '2018-08-06 21:58:03'),
	(176, 176, 'Mickey\'s Toontown-176', 115, 'free', '2018-08-06 21:39:02', NULL, '', '2018-08-06 21:58:03'),
	(177, 177, 'Ленинград-5-177', 115, 'free', '2018-08-06 21:39:03', NULL, '', '2018-08-06 21:58:03'),
	(178, 178, 'Ленинград-3-178', 115, 'free', '2018-08-06 21:39:04', NULL, '', '2018-08-06 21:58:03'),
	(179, 179, 'МСТ-М4-179', 115, 'free', '2018-08-06 21:39:04', NULL, '', '2018-08-06 21:58:03'),
	(180, 180, 'Unity-180', 100, 'free', '2018-08-06 21:39:06', NULL, '', '2018-08-06 21:58:03'),
	(181, 181, 'Cutis-S-181', 100, 'free', '2018-08-06 21:39:07', NULL, '', '2018-08-06 21:58:03'),
	(182, 182, 'Cutis-M-182', 100, 'free', '2018-08-06 21:39:08', NULL, '', '2018-08-06 21:58:03'),
	(183, 183, 'Cutis-L-183', 100, 'free', '2018-08-06 21:39:10', NULL, '', '2018-08-06 21:58:03'),
	(184, 184, '', 100, 'free', '2018-08-06 21:39:11', NULL, '', '2018-08-06 21:58:03'),
	(185, 185, '', 100, 'free', '2018-08-06 21:39:11', NULL, '', '2018-08-06 21:58:03'),
	(186, 186, '', 100, 'free', '2018-08-06 21:39:11', NULL, '', '2018-08-06 21:58:03'),
	(187, 187, '', 115, 'free', '2018-08-06 21:39:12', NULL, '', '2018-08-06 21:58:03'),
	(188, 188, '', 115, 'free', '2018-08-06 21:39:12', NULL, '', '2018-08-06 21:58:03'),
	(189, 189, '', 115, 'free', '2018-08-06 21:39:12', NULL, '', '2018-08-06 21:58:03'),
	(190, 190, '', 115, 'free', '2018-08-06 21:39:12', NULL, '', '2018-08-06 21:58:03'),
	(191, 191, '', 115, 'free', '2018-08-06 21:39:12', NULL, '', '2018-08-06 21:58:03'),
	(192, 192, '', 100, 'free', '2018-08-06 21:39:13', NULL, '', '2018-08-06 21:58:03'),
	(193, 193, '', 100, 'free', '2018-08-06 21:39:13', NULL, '', '2018-08-06 21:58:03'),
	(194, 194, '', 100, 'free', '2018-08-06 21:39:13', NULL, '', '2018-08-06 21:58:03'),
	(195, 195, '', 100, 'free', '2018-08-06 21:39:13', NULL, '', '2018-08-06 21:58:03');
/*!40000 ALTER TABLE `nodes` ENABLE KEYS */;


-- Дамп структуры для таблица magellan.node_statuses
DROP TABLE IF EXISTS `node_statuses`;
CREATE TABLE IF NOT EXISTS `node_statuses` (
  `code` varchar(10) NOT NULL,
  `name` varchar(30) NOT NULL,
  PRIMARY KEY (`code`)
) ENGINE=InnoDB DEFAULT CHARSET=utf8 COMMENT='Статусы узлов';

-- Дамп данных таблицы magellan.node_statuses: ~6 rows (приблизительно)
/*!40000 ALTER TABLE `node_statuses` DISABLE KEYS */;
INSERT IGNORE INTO `node_statuses` (`code`, `name`) VALUES
	('decomm', 'Списан'),
	('free', 'Свободен'),
	('freight', 'Зафрахтован'),
	('lost', 'Утрачен'),
	('reserved', 'Зарезервирован');
/*!40000 ALTER TABLE `node_statuses` ENABLE KEYS */;


-- Дамп структуры для таблица magellan.node_types
DROP TABLE IF EXISTS `node_types`;
CREATE TABLE IF NOT EXISTS `node_types` (
  `code` varchar(50) NOT NULL,
  `id` tinyint(4) NOT NULL,
  `name` varchar(50) NOT NULL DEFAULT '0',
  PRIMARY KEY (`code`)
) ENGINE=InnoDB DEFAULT CHARSET=utf8 COMMENT='Типы узлов';

-- Дамп данных таблицы magellan.node_types: ~9 rows (приблизительно)
/*!40000 ALTER TABLE `node_types` DISABLE KEYS */;
INSERT IGNORE INTO `node_types` (`code`, `id`, `name`) VALUES
	('fuel_tank', 7, 'Топливный бак'),
	('hull', 9, 'Корпус'),
	('lss', 8, 'Система жизнеобеспечения'),
	('march_engine', 1, 'Маршевый двигатель'),
	('radar', 5, 'Радар'),
	('scaner', 6, 'Сканер'),
	('shields', 4, 'Щиты'),
	('shunter', 2, 'Маневровые двигатели'),
	('warp_engine', 3, 'Двигатель Уайта');
/*!40000 ALTER TABLE `node_types` ENABLE KEYS */;


-- Дамп структуры для таблица magellan.parameters_list
DROP TABLE IF EXISTS `parameters_list`;
CREATE TABLE IF NOT EXISTS `parameters_list` (
  `id` int(11) NOT NULL AUTO_INCREMENT,
  `code` varchar(50) NOT NULL DEFAULT '',
  `name` varchar(50) NOT NULL DEFAULT '',
  `short_name` varchar(50) NOT NULL DEFAULT '',
  PRIMARY KEY (`id`),
  UNIQUE KEY `Индекс 2` (`code`)
) ENGINE=InnoDB AUTO_INCREMENT=50 DEFAULT CHARSET=utf8 COMMENT='Список параметров';

-- Дамп данных таблицы magellan.parameters_list: ~49 rows (приблизительно)
/*!40000 ALTER TABLE `parameters_list` DISABLE KEYS */;
INSERT IGNORE INTO `parameters_list` (`id`, `code`, `name`, `short_name`) VALUES
	(1, 'thrust', 'Маршевая тяга', 'Тяга'),
	(2, 'thrust_rev', 'Реверсная тяга', 'Реверс'),
	(3, 'accel', 'Набор маршевой тяги', 'Ускорение'),
	(4, 'accel_rev', 'Набор реверсной тяги', 'Ускор. реверса'),
	(5, 'slowdown', 'Сброс маршевой тяги', 'Торможение'),
	(6, 'slowdown_rev', 'Сброс реверсной тяги', 'Тормоз реверса'),
	(7, 'heat_prod', 'Тепловыделение', 'Тепловыделение'),
	(8, 'distort_level', 'Уровень искривления', 'Искривление'),
	(9, 'warp_enter_consumption', 'Цена входа в варп', 'Цена входа'),
	(10, 'distort_accel', 'Набор искривления', 'Ускорение'),
	(11, 'distort_slowdown', 'Сброс искривления', 'Торможение'),
	(12, 'consumption', 'Потребление топлива', 'Потребл. топлива'),
	(13, 'turn_speed', 'Скорость поворота в варпе', 'Поворот в варпе'),
	(14, 'turn_consumption', 'Цена поворота в варпе', 'Цена поворота'),
	(15, 'turn_max', 'Максимальная скорость поворота', 'Макс. поворот'),
	(16, 'strafe_max', 'Максимальная тяга стрейфа', 'Тяга стрейфа'),
	(17, 'turn_accel', 'Ускорение поворота', 'Ускорение поворота'),
	(18, 'strafe_accel', 'Ускорение стрейфа', 'Ускорение стрейфа'),
	(19, 'turn_slow', 'Замедление поворота', 'Замедление поворота'),
	(20, 'strafe_slow', 'Замедление стрейфа', 'Торможение стрейфа'),
	(21, 'range_min', 'Минимальная дальность радара', 'Мин. дальность'),
	(22, 'range_max', 'Максимальная дальность радара', 'Макс. дальность'),
	(23, 'angle_min', 'Минимальный угол охвата', 'Мин. охват'),
	(24, 'angle_max', 'Максимальный угол охвата', 'Макс. охват'),
	(25, 'angle_change', 'Скорость сведения угла', 'Сведение угла'),
	(26, 'range_change', 'Скорость изменения дальности', 'Изменение дальности'),
	(27, 'scan_range', 'Дальность сканирования', 'Дальность сканера'),
	(28, 'scan_speed', 'Скорость сканирования', 'Скорость сканера'),
	(29, 'rotate_speed', 'Скорость поворота', 'Скорость поворота'),
	(30, 'fuel_volume', 'Объем топлива', 'Объем топлива'),
	(31, 'fuel_protection', 'Защита топлива', 'Защита топлива'),
	(32, 'radiation_def', 'Радиационная защита', 'Рад. защита'),
	(33, 'thermal_def', 'Тепловая защита', 'Тепловая защита'),
	(34, 'co2_level', 'Поддержание уровня СО2', 'Поддержание СО2'),
	(35, 'air_volume', 'Запас воздуха', 'Запас воздуха'),
	(36, 'air_speed', 'Скорость выдачи воздуха', 'Выдача воздуха'),
	(37, 'lightness', 'Освещение', 'Освещение'),
	(38, 'desinfect_level', 'Уровень дезинфекции', 'Дезинфекция'),
	(39, 'mechanical_def', 'Механическая защита', 'Скорость ремонта'),
	(40, 'heat_reflection', 'Степень отражения', 'Теплоотражение'),
	(41, 'heat_capacity', 'Теплоемкость', 'Теплоемкость'),
	(42, 'heat_sink', 'Теплоотвод', 'Теплоотвод'),
	(43, 'weight', 'Масса', 'Масса'),
	(44, 'volume', 'Объем', 'Объем'),
	(45, 'az_level', 'Уровень аварийной защиты', 'Уровень АЗ'),
	(46, 'configurability', 'Конфигурабельность', 'Конфигурабельность'),
	(47, 'brand_lapse', 'Бренд-лапс', 'Бренд-лапс'),
	(48, 'drop_range', 'Дальность сброса', 'Дальность сброса'),
	(49, 'drop_speed', 'Скорость сброса', 'Скорость сброса');
/*!40000 ALTER TABLE `parameters_list` ENABLE KEYS */;


-- Дамп структуры для таблица magellan.pumps
DROP TABLE IF EXISTS `pumps`;
CREATE TABLE IF NOT EXISTS `pumps` (
  `id` int(11) NOT NULL AUTO_INCREMENT,
  `company` enum('mst','mat','gd','kkg','pre') NOT NULL,
  `date_begin` datetime NOT NULL DEFAULT CURRENT_TIMESTAMP COMMENT 'Дата начала актива',
  `date_end` datetime DEFAULT NULL COMMENT 'Дата завершения',
  `section` varchar(50) NOT NULL COMMENT 'Раздел (шахты, апкип и проч)',
  `entity_id` varchar(15) DEFAULT NULL,
  `comment` text,
  `is_income` tinyint(4) NOT NULL DEFAULT '0' COMMENT '0 - расход, 1 - доход',
  PRIMARY KEY (`id`),
  KEY `FK_resource_flows_resource_sections` (`section`),
  CONSTRAINT `FK_resource_flows_resource_sections` FOREIGN KEY (`section`) REFERENCES `pump_sections` (`code`) ON DELETE CASCADE ON UPDATE CASCADE
) ENGINE=InnoDB AUTO_INCREMENT=104 DEFAULT CHARSET=utf8 COMMENT='Доходы и расходы компаний';

-- Дамп данных таблицы magellan.pumps: ~102 rows (приблизительно)
/*!40000 ALTER TABLE `pumps` DISABLE KEYS */;
INSERT IGNORE INTO `pumps` (`id`, `company`, `date_begin`, `date_end`, `section`, `entity_id`, `comment`, `is_income`) VALUES
	(1, 'mat', '2018-07-28 13:20:38', NULL, 'mines', NULL, 'Шахты Мицубиси Автоваз Технолоджис на планетах Ойкумены', 1),
	(2, 'mst', '2018-07-28 13:22:17', NULL, 'mines', NULL, 'Шахты МарсСтройТреста на планетах Ойкумены', 1),
	(3, 'gd', '2018-07-28 13:22:34', NULL, 'mines', NULL, 'Шахты Гугл Диснея на планетах Ойкумены', 1),
	(4, 'pre', '2018-07-28 13:22:50', NULL, 'mines', NULL, 'Шахты Пони Роскосмос Экспресс на планетах Ойкумены', 1),
	(5, 'kkg', '2018-07-28 13:23:07', NULL, 'mines', NULL, 'Шахты Красный Крест Генетикс на планетах Ойкумены', 1),
	(7, 'mst', '2018-07-29 21:43:55', '2018-08-05 01:17:59', 'crises', NULL, 'Какой-то прошедший кризис', 0),
	(8, 'mat', '2018-08-06 21:38:39', NULL, 'nodes', '101', 'Поддержка узла 101 модели Восход', 0),
	(9, 'mat', '2018-08-06 21:38:40', NULL, 'nodes', '102', 'Поддержка узла 102 модели Заря', 0),
	(10, 'mat', '2018-08-06 21:38:40', NULL, 'nodes', '103', 'Поддержка узла 103 модели Буран', 0),
	(11, 'gd', '2018-08-06 21:38:40', NULL, 'nodes', '104', 'Поддержка узла 104 модели Ларри Пейдж', 0),
	(12, 'gd', '2018-08-06 21:38:40', NULL, 'nodes', '105', 'Поддержка узла 105 модели Сергей Брин', 0),
	(13, 'mst', '2018-08-06 21:38:41', NULL, 'nodes', '106', 'Поддержка узла 106 модели МСТ-ГД-4', 0),
	(14, 'pre', '2018-08-06 21:38:41', NULL, 'nodes', '107', 'Поддержка узла 107 модели F-1', 0),
	(15, 'kkg', '2018-08-06 21:38:41', NULL, 'nodes', '108', 'Поддержка узла 108 модели Subortus-S', 0),
	(16, 'kkg', '2018-08-06 21:38:42', NULL, 'nodes', '109', 'Поддержка узла 109 модели Subortus-M', 0),
	(17, 'kkg', '2018-08-06 21:38:42', NULL, 'nodes', '110', 'Поддержка узла 110 модели Subortus-L', 0),
	(18, 'mat', '2018-08-06 21:38:42', NULL, 'nodes', '111', 'Поддержка узла 111 модели Эклипс', 0),
	(19, 'mat', '2018-08-06 21:38:42', NULL, 'nodes', '112', 'Поддержка узла 112 модели Галант', 0),
	(20, 'mat', '2018-08-06 21:38:42', NULL, 'nodes', '113', 'Поддержка узла 113 модели Аутлендер', 0),
	(21, 'gd', '2018-08-06 21:38:43', NULL, 'nodes', '114', 'Поддержка узла 114 модели Дисней', 0),
	(22, 'mst', '2018-08-06 21:38:43', NULL, 'nodes', '115', 'Поддержка узла 115 модели МСТ-МД-3', 0),
	(23, 'pre', '2018-08-06 21:38:43', NULL, 'nodes', '116', 'Поддержка узла 116 модели J-2', 0),
	(24, 'kkg', '2018-08-06 21:38:44', NULL, 'nodes', '117', 'Поддержка узла 117 модели Timerus-S', 0),
	(25, 'kkg', '2018-08-06 21:38:44', NULL, 'nodes', '118', 'Поддержка узла 118 модели Timerus-M', 0),
	(26, 'kkg', '2018-08-06 21:38:44', NULL, 'nodes', '119', 'Поддержка узла 119 модели Timerus-L', 0),
	(27, 'mat', '2018-08-06 21:38:44', NULL, 'nodes', '120', 'Поддержка узла 120 модели Галилей', 0),
	(28, 'mat', '2018-08-06 21:38:45', NULL, 'nodes', '121', 'Поддержка узла 121 модели Ньютон', 0),
	(29, 'mat', '2018-08-06 21:38:45', NULL, 'nodes', '122', 'Поддержка узла 122 модели Архимед', 0),
	(30, 'gd', '2018-08-06 21:38:45', NULL, 'nodes', '123', 'Поддержка узла 123 модели Джафар', 0),
	(31, 'gd', '2018-08-06 21:38:45', NULL, 'nodes', '124', 'Поддержка узла 124 модели Аид', 0),
	(32, 'mst', '2018-08-06 21:38:46', NULL, 'nodes', '125', 'Поддержка узла 125 модели МСТ-ПА-2', 0),
	(33, 'pre', '2018-08-06 21:38:46', NULL, 'nodes', '126', 'Поддержка узла 126 модели Waverider Mk1', 0),
	(34, 'kkg', '2018-08-06 21:38:46', NULL, 'nodes', '127', 'Поддержка узла 127 модели Fortus-S', 0),
	(35, 'kkg', '2018-08-06 21:38:47', NULL, 'nodes', '128', 'Поддержка узла 128 модели Fortus-M', 0),
	(36, 'kkg', '2018-08-06 21:38:47', NULL, 'nodes', '129', 'Поддержка узла 129 модели Fortus-L', 0),
	(37, 'mat', '2018-08-06 21:38:47', NULL, 'nodes', '130', 'Поддержка узла 130 модели Арагорн', 0),
	(38, 'mat', '2018-08-06 21:38:47', NULL, 'nodes', '131', 'Поддержка узла 131 модели Сусанин', 0),
	(39, 'mat', '2018-08-06 21:38:48', NULL, 'nodes', '132', 'Поддержка узла 132 модели Одиссей', 0),
	(40, 'gd', '2018-08-06 21:38:48', NULL, 'nodes', '133', 'Поддержка узла 133 модели Patents Search', 0),
	(41, 'gd', '2018-08-06 21:38:48', NULL, 'nodes', '134', 'Поддержка узла 134 модели Suggest', 0),
	(42, 'mst', '2018-08-06 21:38:48', NULL, 'nodes', '135', 'Поддержка узла 135 модели МСТ-СР-2', 0),
	(43, 'pre', '2018-08-06 21:38:48', NULL, 'nodes', '136', 'Поддержка узла 136 модели AN/ZPY-1 Starlite', 0),
	(44, 'kkg', '2018-08-06 21:38:49', NULL, 'nodes', '137', 'Поддержка узла 137 модели Caperus-S', 0),
	(45, 'kkg', '2018-08-06 21:38:49', NULL, 'nodes', '138', 'Поддержка узла 138 модели Caperus-M', 0),
	(46, 'kkg', '2018-08-06 21:38:49', NULL, 'nodes', '139', 'Поддержка узла 139 модели Caperus-L', 0),
	(47, 'mat', '2018-08-06 21:38:49', NULL, 'nodes', '140', 'Поддержка узла 140 модели Зорге', 0),
	(48, 'mat', '2018-08-06 21:38:49', NULL, 'nodes', '141', 'Поддержка узла 141 модели Чапмен', 0),
	(49, 'mat', '2018-08-06 21:38:50', NULL, 'nodes', '142', 'Поддержка узла 142 модели Сноуден', 0),
	(50, 'gd', '2018-08-06 21:38:50', NULL, 'nodes', '143', 'Поддержка узла 143 модели R2-D2', 0),
	(51, 'gd', '2018-08-06 21:38:50', NULL, 'nodes', '144', 'Поддержка узла 144 модели С-3РО', 0),
	(52, 'mst', '2018-08-06 21:38:51', NULL, 'nodes', '145', 'Поддержка узла 145 модели МСТ-КР-2', 0),
	(53, 'pre', '2018-08-06 21:38:51', NULL, 'nodes', '146', 'Поддержка узла 146 модели E-2 Hawkeye', 0),
	(54, 'kkg', '2018-08-06 21:38:51', NULL, 'nodes', '147', 'Поддержка узла 147 модели Invenirus-S', 0),
	(55, 'kkg', '2018-08-06 21:38:52', NULL, 'nodes', '148', 'Поддержка узла 148 модели Invenirus-M', 0),
	(56, 'kkg', '2018-08-06 21:38:52', NULL, 'nodes', '149', 'Поддержка узла 149 модели Invenirus-L', 0),
	(57, 'mat', '2018-08-06 21:38:52', NULL, 'nodes', '150', 'Поддержка узла 150 модели Нагасаки', 0),
	(58, 'mat', '2018-08-06 21:38:53', NULL, 'nodes', '151', 'Поддержка узла 151 модели Волоколамск', 0),
	(59, 'mat', '2018-08-06 21:38:53', NULL, 'nodes', '152', 'Поддержка узла 152 модели Припять', 0),
	(60, 'gd', '2018-08-06 21:38:53', NULL, 'nodes', '153', 'Поддержка узла 153 модели Гаррисон', 0),
	(61, 'gd', '2018-08-06 21:38:53', NULL, 'nodes', '154', 'Поддержка узла 154 модели Лукьяненко', 0),
	(62, 'mst', '2018-08-06 21:38:54', NULL, 'nodes', '155', 'Поддержка узла 155 модели МСТ-ТБ-2', 0),
	(63, 'pre', '2018-08-06 21:38:54', NULL, 'nodes', '156', 'Поддержка узла 156 модели FT-1', 0),
	(64, 'kkg', '2018-08-06 21:38:54', NULL, 'nodes', '157', 'Поддержка узла 157 модели Lacus-s', 0),
	(65, 'kkg', '2018-08-06 21:38:54', NULL, 'nodes', '158', 'Поддержка узла 158 модели Lacus-M', 0),
	(66, 'kkg', '2018-08-06 21:38:55', NULL, 'nodes', '159', 'Поддержка узла 159 модели Lacus-L', 0),
	(67, 'mat', '2018-08-06 21:38:55', NULL, 'nodes', '160', 'Поддержка узла 160 модели Зевс', 0),
	(68, 'mat', '2018-08-06 21:38:55', NULL, 'nodes', '161', 'Поддержка узла 161 модели Ормузд', 0),
	(69, 'mat', '2018-08-06 21:38:55', NULL, 'nodes', '162', 'Поддержка узла 162 модели Перун', 0),
	(70, 'gd', '2018-08-06 21:38:56', NULL, 'nodes', '163', 'Поддержка узла 163 модели Микки Маус', 0),
	(71, 'gd', '2018-08-06 21:38:56', NULL, 'nodes', '164', 'Поддержка узла 164 модели Дональд Дак', 0),
	(72, 'mst', '2018-08-06 21:38:56', NULL, 'nodes', '165', 'Поддержка узла 165 модели Свалинн-2', 0),
	(73, 'mst', '2018-08-06 21:38:56', NULL, 'nodes', '166', 'Поддержка узла 166 модели Охайн-мини', 0),
	(74, 'mst', '2018-08-06 21:38:56', NULL, 'nodes', '167', 'Поддержка узла 167 модели Охайн-микро', 0),
	(75, 'pre', '2018-08-06 21:38:57', NULL, 'nodes', '168', 'Поддержка узла 168 модели Interceptor', 0),
	(76, 'kkg', '2018-08-06 21:38:57', NULL, 'nodes', '169', 'Поддержка узла 169 модели Мендель', 0),
	(77, 'kkg', '2018-08-06 21:38:57', NULL, 'nodes', '170', 'Поддержка узла 170 модели Вейсман', 0),
	(78, 'kkg', '2018-08-06 21:38:57', NULL, 'nodes', '171', 'Поддержка узла 171 модели Морган', 0),
	(79, 'mat', '2018-08-06 21:38:58', NULL, 'nodes', '172', 'Поддержка узла 172 модели Нинья', 0),
	(80, 'mat', '2018-08-06 21:38:59', NULL, 'nodes', '173', 'Поддержка узла 173 модели Пинта', 0),
	(81, 'mat', '2018-08-06 21:39:00', NULL, 'nodes', '174', 'Поддержка узла 174 модели Санта-Мария', 0),
	(82, 'gd', '2018-08-06 21:39:01', NULL, 'nodes', '175', 'Поддержка узла 175 модели Adventureland', 0),
	(83, 'gd', '2018-08-06 21:39:02', NULL, 'nodes', '176', 'Поддержка узла 176 модели Mickey\'s Toontown', 0),
	(84, 'mst', '2018-08-06 21:39:03', NULL, 'nodes', '177', 'Поддержка узла 177 модели Ленинград-5', 0),
	(85, 'mst', '2018-08-06 21:39:04', NULL, 'nodes', '178', 'Поддержка узла 178 модели Ленинград-3', 0),
	(86, 'mst', '2018-08-06 21:39:05', NULL, 'nodes', '179', 'Поддержка узла 179 модели МСТ-М4', 0),
	(87, 'pre', '2018-08-06 21:39:06', NULL, 'nodes', '180', 'Поддержка узла 180 модели Unity', 0),
	(88, 'kkg', '2018-08-06 21:39:07', NULL, 'nodes', '181', 'Поддержка узла 181 модели Cutis-S', 0),
	(89, 'kkg', '2018-08-06 21:39:08', NULL, 'nodes', '182', 'Поддержка узла 182 модели Cutis-M', 0),
	(90, 'kkg', '2018-08-06 21:39:10', NULL, 'nodes', '183', 'Поддержка узла 183 модели Cutis-L', 0),
	(91, 'mat', '2018-08-06 21:39:11', NULL, 'nodes', '184', 'Поддержка узла 184 модели Калина', 0),
	(92, 'mat', '2018-08-06 21:39:11', NULL, 'nodes', '185', 'Поддержка узла 185 модели Гранта', 0),
	(93, 'mat', '2018-08-06 21:39:11', NULL, 'nodes', '186', 'Поддержка узла 186 модели Приора', 0),
	(94, 'gd', '2018-08-06 21:39:12', NULL, 'nodes', '187', 'Поддержка узла 187 модели Юрий Гагарин', 0),
	(95, 'gd', '2018-08-06 21:39:12', NULL, 'nodes', '188', 'Поддержка узла 188 модели Жугдэрдэмидийн Гуррагча', 0),
	(96, 'mst', '2018-08-06 21:39:12', NULL, 'nodes', '189', 'Поддержка узла 189 модели ЛайфХак-Ультра', 0),
	(97, 'mst', '2018-08-06 21:39:12', NULL, 'nodes', '190', 'Поддержка узла 190 модели Ж-С-2', 0),
	(98, 'mst', '2018-08-06 21:39:12', NULL, 'nodes', '191', 'Поддержка узла 191 модели Ж-М-4', 0),
	(99, 'pre', '2018-08-06 21:39:13', NULL, 'nodes', '192', 'Поддержка узла 192 модели EdEn', 0),
	(100, 'kkg', '2018-08-06 21:39:13', NULL, 'nodes', '193', 'Поддержка узла 193 модели Гален', 0),
	(101, 'kkg', '2018-08-06 21:39:13', NULL, 'nodes', '194', 'Поддержка узла 194 модели Гиппократ', 0),
	(102, 'kkg', '2018-08-06 21:39:13', NULL, 'nodes', '195', 'Поддержка узла 195 модели Авиценна', 0),
	(103, 'mat', '2018-08-07 22:55:48', NULL, 'nodes', '196', 'Поддержка узла 196 модели Восход', 0);
/*!40000 ALTER TABLE `pumps` ENABLE KEYS */;


-- Дамп структуры для таблица magellan.pump_resources
DROP TABLE IF EXISTS `pump_resources`;
CREATE TABLE IF NOT EXISTS `pump_resources` (
  `pump_id` int(11) NOT NULL,
  `resource_code` varchar(50) NOT NULL,
  `value` int(11) NOT NULL DEFAULT '0',
  UNIQUE KEY `pump_id_resource_code` (`pump_id`,`resource_code`),
  KEY `FK_pump_resources_resources` (`resource_code`),
  CONSTRAINT `FK_pump_resources_pumps` FOREIGN KEY (`pump_id`) REFERENCES `pumps` (`id`) ON DELETE CASCADE ON UPDATE CASCADE,
  CONSTRAINT `FK_pump_resources_resources` FOREIGN KEY (`resource_code`) REFERENCES `resources` (`code`) ON DELETE CASCADE ON UPDATE CASCADE
) ENGINE=InnoDB DEFAULT CHARSET=utf8 COMMENT='Конкретные доходы/расходы одного насоса';

-- Дамп данных таблицы magellan.pump_resources: ~406 rows (приблизительно)
/*!40000 ALTER TABLE `pump_resources` DISABLE KEYS */;
INSERT IGNORE INTO `pump_resources` (`pump_id`, `resource_code`, `value`) VALUES
	(1, 'aluminium', 500),
	(1, 'iron', 500),
	(1, 'magnesium', 500),
	(1, 'nickel', 500),
	(1, 'titan', 500),
	(2, 'aluminium', 500),
	(2, 'iron', 500),
	(2, 'magnesium', 500),
	(2, 'nickel', 500),
	(2, 'titan', 500),
	(3, 'aluminium', 500),
	(3, 'iron', 500),
	(3, 'magnesium', 500),
	(3, 'nickel', 500),
	(3, 'titan', 500),
	(4, 'aluminium', 500),
	(4, 'iron', 500),
	(4, 'magnesium', 500),
	(4, 'nickel', 500),
	(4, 'titan', 500),
	(5, 'aluminium', 500),
	(5, 'iron', 500),
	(5, 'magnesium', 500),
	(5, 'nickel', 500),
	(5, 'titan', 500),
	(8, 'aluminium', 20),
	(8, 'iron', 23),
	(8, 'nickel', 6),
	(8, 'titan', 20),
	(9, 'aluminium', 8),
	(9, 'magnesium', 19),
	(9, 'nickel', 19),
	(9, 'titan', 23),
	(10, 'aluminium', 35),
	(10, 'iron', 57),
	(10, 'magnesium', 23),
	(10, 'nickel', 34),
	(11, 'aluminium', 12),
	(11, 'iron', 66),
	(11, 'magnesium', 16),
	(11, 'titan', 36),
	(12, 'aluminium', 20),
	(12, 'iron', 22),
	(12, 'magnesium', 6),
	(12, 'nickel', 21),
	(13, 'aluminium', 28),
	(13, 'iron', 10),
	(13, 'magnesium', 27),
	(13, 'titan', 9),
	(14, 'aluminium', 24),
	(14, 'iron', 34),
	(14, 'nickel', 27),
	(14, 'titan', 40),
	(15, 'iron', 24),
	(15, 'magnesium', 12),
	(15, 'nickel', 15),
	(15, 'titan', 18),
	(16, 'aluminium', 8),
	(16, 'iron', 14),
	(16, 'magnesium', 29),
	(16, 'nickel', 18),
	(17, 'aluminium', 10),
	(17, 'iron', 14),
	(17, 'magnesium', 17),
	(17, 'titan', 28),
	(18, 'iron', 26),
	(18, 'magnesium', 11),
	(18, 'nickel', 18),
	(18, 'titan', 14),
	(19, 'aluminium', 21),
	(19, 'iron', 26),
	(19, 'magnesium', 28),
	(19, 'nickel', 25),
	(20, 'aluminium', 34),
	(20, 'iron', 26),
	(20, 'magnesium', 36),
	(20, 'nickel', 36),
	(21, 'aluminium', 13),
	(21, 'iron', 23),
	(21, 'nickel', 12),
	(21, 'titan', 21),
	(22, 'iron', 16),
	(22, 'magnesium', 22),
	(22, 'nickel', 19),
	(22, 'titan', 17),
	(23, 'iron', 13),
	(23, 'magnesium', 38),
	(23, 'nickel', 33),
	(23, 'titan', 33),
	(24, 'aluminium', 36),
	(24, 'magnesium', 12),
	(24, 'nickel', 5),
	(24, 'titan', 16),
	(25, 'aluminium', 16),
	(25, 'magnesium', 3),
	(25, 'nickel', 34),
	(25, 'titan', 16),
	(26, 'aluminium', 9),
	(26, 'iron', 17),
	(26, 'nickel', 16),
	(26, 'titan', 27),
	(27, 'aluminium', 16),
	(27, 'magnesium', 12),
	(27, 'nickel', 11),
	(27, 'titan', 17),
	(28, 'aluminium', 25),
	(28, 'iron', 17),
	(28, 'magnesium', 23),
	(28, 'titan', 32),
	(29, 'aluminium', 34),
	(29, 'magnesium', 11),
	(29, 'nickel', 13),
	(29, 'titan', 11),
	(30, 'aluminium', 29),
	(30, 'iron', 10),
	(30, 'magnesium', 21),
	(30, 'titan', 37),
	(31, 'aluminium', 9),
	(31, 'iron', 24),
	(31, 'magnesium', 16),
	(31, 'titan', 20),
	(32, 'aluminium', 24),
	(32, 'magnesium', 12),
	(32, 'nickel', 22),
	(32, 'titan', 11),
	(33, 'aluminium', 32),
	(33, 'iron', 72),
	(33, 'nickel', 57),
	(33, 'titan', 12),
	(34, 'iron', 28),
	(34, 'magnesium', 5),
	(34, 'nickel', 15),
	(34, 'titan', 21),
	(35, 'aluminium', 11),
	(35, 'magnesium', 17),
	(35, 'nickel', 27),
	(35, 'titan', 14),
	(36, 'aluminium', 20),
	(36, 'iron', 18),
	(36, 'nickel', 19),
	(36, 'titan', 12),
	(37, 'aluminium', 34),
	(37, 'iron', 40),
	(37, 'magnesium', 29),
	(37, 'titan', 16),
	(38, 'iron', 7),
	(38, 'magnesium', 13),
	(38, 'nickel', 25),
	(38, 'titan', 22),
	(39, 'iron', 11),
	(39, 'magnesium', 13),
	(39, 'nickel', 29),
	(39, 'titan', 14),
	(40, 'aluminium', 13),
	(40, 'iron', 24),
	(40, 'nickel', 19),
	(40, 'titan', 39),
	(41, 'aluminium', 24),
	(41, 'iron', 17),
	(41, 'magnesium', 15),
	(41, 'nickel', 15),
	(42, 'aluminium', 28),
	(42, 'iron', 15),
	(42, 'nickel', 6),
	(42, 'titan', 22),
	(43, 'aluminium', 23),
	(43, 'iron', 21),
	(43, 'magnesium', 30),
	(43, 'titan', 8),
	(44, 'iron', 10),
	(44, 'magnesium', 32),
	(44, 'nickel', 13),
	(44, 'titan', 16),
	(45, 'aluminium', 32),
	(45, 'magnesium', 15),
	(45, 'nickel', 15),
	(45, 'titan', 9),
	(46, 'aluminium', 12),
	(46, 'magnesium', 13),
	(46, 'nickel', 20),
	(46, 'titan', 26),
	(47, 'aluminium', 31),
	(47, 'magnesium', 10),
	(47, 'nickel', 16),
	(47, 'titan', 8),
	(48, 'aluminium', 8),
	(48, 'magnesium', 21),
	(48, 'nickel', 18),
	(48, 'titan', 18),
	(49, 'aluminium', 22),
	(49, 'iron', 20),
	(49, 'magnesium', 20),
	(49, 'titan', 3),
	(50, 'aluminium', 14),
	(50, 'iron', 21),
	(50, 'nickel', 7),
	(50, 'titan', 23),
	(51, 'iron', 8),
	(51, 'magnesium', 29),
	(51, 'nickel', 3),
	(51, 'titan', 25),
	(52, 'aluminium', 23),
	(52, 'iron', 22),
	(52, 'nickel', 11),
	(52, 'titan', 9),
	(53, 'aluminium', 23),
	(53, 'iron', 12),
	(53, 'magnesium', 22),
	(53, 'nickel', 27),
	(54, 'aluminium', 16),
	(54, 'iron', 15),
	(54, 'nickel', 15),
	(54, 'titan', 19),
	(55, 'aluminium', 8),
	(55, 'iron', 12),
	(55, 'magnesium', 29),
	(55, 'nickel', 16),
	(56, 'aluminium', 16),
	(56, 'iron', 36),
	(56, 'magnesium', 10),
	(56, 'nickel', 3),
	(57, 'aluminium', 5),
	(57, 'magnesium', 43),
	(57, 'titan', 21),
	(58, 'aluminium', 21),
	(58, 'magnesium', 11),
	(58, 'nickel', 21),
	(58, 'titan', 16),
	(59, 'aluminium', 44),
	(59, 'iron', 52),
	(59, 'nickel', 6),
	(59, 'titan', 36),
	(60, 'iron', 9),
	(60, 'magnesium', 37),
	(60, 'nickel', 24),
	(60, 'titan', 34),
	(61, 'iron', 19),
	(61, 'magnesium', 13),
	(61, 'nickel', 8),
	(61, 'titan', 29),
	(62, 'aluminium', 22),
	(62, 'iron', 26),
	(62, 'nickel', 15),
	(62, 'titan', 6),
	(63, 'aluminium', 24),
	(63, 'iron', 28),
	(63, 'titan', 17),
	(64, 'aluminium', 16),
	(64, 'magnesium', 12),
	(64, 'nickel', 25),
	(64, 'titan', 16),
	(65, 'aluminium', 11),
	(65, 'iron', 22),
	(65, 'magnesium', 30),
	(65, 'titan', 6),
	(66, 'iron', 16),
	(66, 'magnesium', 30),
	(66, 'nickel', 10),
	(66, 'titan', 13),
	(67, 'aluminium', 16),
	(67, 'magnesium', 12),
	(67, 'nickel', 36),
	(67, 'titan', 12),
	(68, 'aluminium', 10),
	(68, 'iron', 4),
	(68, 'nickel', 19),
	(68, 'titan', 28),
	(69, 'aluminium', 12),
	(69, 'iron', 18),
	(69, 'magnesium', 20),
	(69, 'nickel', 11),
	(70, 'aluminium', 27),
	(70, 'iron', 20),
	(70, 'magnesium', 41),
	(70, 'nickel', 22),
	(71, 'aluminium', 43),
	(71, 'iron', 9),
	(71, 'magnesium', 23),
	(71, 'titan', 35),
	(72, 'aluminium', 26),
	(72, 'magnesium', 46),
	(72, 'nickel', 52),
	(72, 'titan', 23),
	(73, 'aluminium', 10),
	(73, 'iron', 9),
	(73, 'magnesium', 18),
	(73, 'nickel', 24),
	(74, 'aluminium', 13),
	(74, 'iron', 23),
	(74, 'magnesium', 14),
	(74, 'nickel', 11),
	(75, 'aluminium', 10),
	(75, 'iron', 14),
	(75, 'magnesium', 19),
	(75, 'nickel', 18),
	(76, 'aluminium', 29),
	(76, 'magnesium', 12),
	(76, 'nickel', 18),
	(76, 'titan', 23),
	(77, 'aluminium', 38),
	(77, 'iron', 28),
	(77, 'magnesium', 21),
	(77, 'nickel', 32),
	(78, 'iron', 27),
	(78, 'magnesium', 24),
	(78, 'nickel', 7),
	(78, 'titan', 24),
	(79, 'aluminium', 21),
	(79, 'iron', 19),
	(79, 'magnesium', 32),
	(79, 'titan', 21),
	(80, 'aluminium', 13),
	(80, 'magnesium', 26),
	(80, 'nickel', 21),
	(80, 'titan', 7),
	(81, 'aluminium', 8),
	(81, 'iron', 15),
	(81, 'magnesium', 23),
	(81, 'titan', 21),
	(82, 'aluminium', 37),
	(82, 'iron', 31),
	(82, 'magnesium', 51),
	(83, 'aluminium', 24),
	(83, 'iron', 20),
	(83, 'magnesium', 10),
	(83, 'nickel', 13),
	(84, 'aluminium', 26),
	(84, 'iron', 58),
	(84, 'nickel', 30),
	(84, 'titan', 63),
	(85, 'aluminium', 15),
	(85, 'iron', 13),
	(85, 'magnesium', 4),
	(85, 'titan', 35),
	(86, 'aluminium', 21),
	(86, 'iron', 16),
	(86, 'magnesium', 10),
	(86, 'titan', 20),
	(87, 'aluminium', 29),
	(87, 'iron', 33),
	(87, 'magnesium', 38),
	(87, 'titan', 26),
	(88, 'aluminium', 11),
	(88, 'iron', 26),
	(88, 'nickel', 18),
	(88, 'titan', 12),
	(89, 'aluminium', 4),
	(89, 'magnesium', 22),
	(89, 'nickel', 10),
	(89, 'titan', 31),
	(90, 'aluminium', 16),
	(90, 'magnesium', 28),
	(90, 'nickel', 1),
	(90, 'titan', 22),
	(91, 'aluminium', 6),
	(91, 'magnesium', 27),
	(91, 'nickel', 19),
	(91, 'titan', 13),
	(92, 'aluminium', 10),
	(92, 'iron', 26),
	(92, 'magnesium', 12),
	(92, 'nickel', 17),
	(93, 'iron', 9),
	(93, 'magnesium', 12),
	(93, 'nickel', 20),
	(93, 'titan', 19),
	(94, 'aluminium', 23),
	(94, 'magnesium', 28),
	(94, 'nickel', 53),
	(94, 'titan', 17),
	(95, 'iron', 13),
	(95, 'magnesium', 18),
	(95, 'nickel', 25),
	(95, 'titan', 9),
	(96, 'aluminium', 45),
	(96, 'magnesium', 36),
	(96, 'nickel', 62),
	(96, 'titan', 43),
	(97, 'iron', 17),
	(97, 'magnesium', 19),
	(97, 'nickel', 20),
	(97, 'titan', 9),
	(98, 'aluminium', 16),
	(98, 'magnesium', 7),
	(98, 'nickel', 20),
	(98, 'titan', 22),
	(99, 'aluminium', 21),
	(99, 'magnesium', 17),
	(99, 'nickel', 8),
	(99, 'titan', 25),
	(100, 'aluminium', 58),
	(100, 'iron', 20),
	(100, 'magnesium', 25),
	(100, 'nickel', 7),
	(101, 'aluminium', 47),
	(101, 'iron', 65),
	(101, 'magnesium', 17),
	(101, 'nickel', 57),
	(102, 'aluminium', 41),
	(102, 'iron', 31),
	(102, 'nickel', 26),
	(102, 'titan', 17),
	(103, 'aluminium', 20),
	(103, 'iron', 23),
	(103, 'nickel', 6),
	(103, 'titan', 20);
/*!40000 ALTER TABLE `pump_resources` ENABLE KEYS */;


-- Дамп структуры для таблица magellan.pump_sections
DROP TABLE IF EXISTS `pump_sections`;
CREATE TABLE IF NOT EXISTS `pump_sections` (
  `code` varchar(50) NOT NULL,
  `name` varchar(50) NOT NULL,
  PRIMARY KEY (`code`)
) ENGINE=InnoDB DEFAULT CHARSET=utf8 COMMENT='Разделы трат и доходов';

-- Дамп данных таблицы magellan.pump_sections: ~4 rows (приблизительно)
/*!40000 ALTER TABLE `pump_sections` DISABLE KEYS */;
INSERT IGNORE INTO `pump_sections` (`code`, `name`) VALUES
	('crises', 'Кризисы'),
	('markets', 'Рынки Ойкумены'),
	('mines', 'Шахты'),
	('models', 'Разработка моделей'),
	('nodes', 'Апкип узлов');
/*!40000 ALTER TABLE `pump_sections` ENABLE KEYS */;


-- Дамп структуры для таблица magellan.resources
DROP TABLE IF EXISTS `resources`;
CREATE TABLE IF NOT EXISTS `resources` (
  `code` varchar(10) NOT NULL,
  `name` varchar(10) DEFAULT NULL,
  `is_active` tinyint(1) NOT NULL DEFAULT '0',
  PRIMARY KEY (`code`)
) ENGINE=InnoDB DEFAULT CHARSET=utf8 COMMENT='Ресурсы';

-- Дамп данных таблицы magellan.resources: ~12 rows (приблизительно)
/*!40000 ALTER TABLE `resources` DISABLE KEYS */;
INSERT IGNORE INTO `resources` (`code`, `name`, `is_active`) VALUES
	('aluminium', 'Алюминий', 1),
	('iron', 'Железо', 1),
	('m1', NULL, 0),
	('m2', NULL, 0),
	('m3', NULL, 0),
	('m4', NULL, 0),
	('m5', NULL, 0),
	('m6', NULL, 0),
	('m7', NULL, 0),
	('magnesium', 'Магний', 1),
	('nickel', 'Никель', 1),
	('titan', 'Титан', 1);
/*!40000 ALTER TABLE `resources` ENABLE KEYS */;


-- Дамп структуры для таблица magellan.technologies
DROP TABLE IF EXISTS `technologies`;
CREATE TABLE IF NOT EXISTS `technologies` (
  `id` int(11) NOT NULL AUTO_INCREMENT,
  `name` varchar(100) NOT NULL,
  `opened_at` datetime DEFAULT NULL,
  `level` int(11) NOT NULL DEFAULT '1',
  PRIMARY KEY (`id`)
) ENGINE=InnoDB DEFAULT CHARSET=utf8;

-- Дамп данных таблицы magellan.technologies: ~0 rows (приблизительно)
/*!40000 ALTER TABLE `technologies` DISABLE KEYS */;
/*!40000 ALTER TABLE `technologies` ENABLE KEYS */;


-- Дамп структуры для таблица magellan.tech_effects
DROP TABLE IF EXISTS `tech_effects`;
CREATE TABLE IF NOT EXISTS `tech_effects` (
  `tech_id` int(11) NOT NULL,
  `node_code` varchar(30) NOT NULL,
  `parameter_code` varchar(30) NOT NULL,
  `value` float NOT NULL,
  PRIMARY KEY (`tech_id`,`node_code`,`parameter_code`),
  KEY `FK_tech_effects_node_types` (`node_code`),
  KEY `FK_tech_effects_parameters_list` (`parameter_code`),
  CONSTRAINT `FK_tech_effects_node_types` FOREIGN KEY (`node_code`) REFERENCES `node_types` (`code`),
  CONSTRAINT `FK_tech_effects_parameters_list` FOREIGN KEY (`parameter_code`) REFERENCES `parameters_list` (`code`),
  CONSTRAINT `FK_tech_effects_technologies` FOREIGN KEY (`tech_id`) REFERENCES `technologies` (`id`)
) ENGINE=InnoDB DEFAULT CHARSET=utf8 COMMENT='Эффекты технологии';

-- Дамп данных таблицы magellan.tech_effects: ~0 rows (приблизительно)
/*!40000 ALTER TABLE `tech_effects` DISABLE KEYS */;
/*!40000 ALTER TABLE `tech_effects` ENABLE KEYS */;


-- Дамп структуры для таблица magellan.tech_inventors
DROP TABLE IF EXISTS `tech_inventors`;
CREATE TABLE IF NOT EXISTS `tech_inventors` (
  `tech_id` int(11) NOT NULL,
  `company` enum('mst','mat','kkg','gd','pre') NOT NULL,
  PRIMARY KEY (`tech_id`,`company`)
) ENGINE=InnoDB DEFAULT CHARSET=utf8;

-- Дамп данных таблицы magellan.tech_inventors: ~0 rows (приблизительно)
/*!40000 ALTER TABLE `tech_inventors` DISABLE KEYS */;
/*!40000 ALTER TABLE `tech_inventors` ENABLE KEYS */;


-- Дамп структуры для таблица magellan.tech_point_cost
DROP TABLE IF EXISTS `tech_point_cost`;
CREATE TABLE IF NOT EXISTS `tech_point_cost` (
  `tech_id` int(11) NOT NULL,
  `resource_id` int(11) NOT NULL,
  `amount` float NOT NULL,
  KEY `Индекс 1` (`tech_id`),
  CONSTRAINT `FK__technologies` FOREIGN KEY (`tech_id`) REFERENCES `technologies` (`id`)
) ENGINE=InnoDB DEFAULT CHARSET=utf8 COMMENT='Стоимость одного поинта технологии';

-- Дамп данных таблицы magellan.tech_point_cost: ~0 rows (приблизительно)
/*!40000 ALTER TABLE `tech_point_cost` DISABLE KEYS */;
/*!40000 ALTER TABLE `tech_point_cost` ENABLE KEYS */;


-- Дамп структуры для таблица magellan.users
DROP TABLE IF EXISTS `users`;
CREATE TABLE IF NOT EXISTS `users` (
  `id` int(11) NOT NULL AUTO_INCREMENT,
  `name` varchar(128) NOT NULL DEFAULT '' COMMENT 'Имя',
  `company_id` int(11) DEFAULT NULL COMMENT 'id компании (для менеджеров и прочих)',
  `is_active` tinyint(4) NOT NULL DEFAULT '1',
  PRIMARY KEY (`id`),
  KEY `fk_company_id` (`company_id`),
  CONSTRAINT `fk_company_id` FOREIGN KEY (`company_id`) REFERENCES `companies` (`id`) ON UPDATE CASCADE
) ENGINE=InnoDB AUTO_INCREMENT=9150 DEFAULT CHARSET=utf8 COMMENT='Пользователи системы';

-- Дамп данных таблицы magellan.users: ~150 rows (приблизительно)
/*!40000 ALTER TABLE `users` DISABLE KEYS */;
INSERT IGNORE INTO `users` (`id`, `name`, `company_id`, `is_active`) VALUES
	(1, 'Мик Джаггер', NULL, 1),
	(2, 'Пол МакКартни', NULL, 1),
	(3, 'Майкл Джексон', NULL, 1),
	(4, 'Дженнис Джоплин', NULL, 1),
	(5, 'Ума Турман', 3, 1),
	(6, 'Фредди Меркьюри', NULL, 1),
	(7, 'Тина Тернер', NULL, 1),
	(8000, 'Геннадий Лавров', NULL, 0),
	(9000, 'Геннадий Лавров', NULL, 1),
	(9008, 'Геннадий Лавров', NULL, 1),
	(9009, 'Геннадий Лавров', NULL, 1),
	(9010, 'Геннадий Лавров', NULL, 1),
	(9011, 'Геннадий Лавров', NULL, 1),
	(9012, 'Геннадий Лавров', NULL, 1),
	(9013, 'Геннадий Лавров', NULL, 1),
	(9014, 'Геннадий Лавров', NULL, 1),
	(9015, 'Геннадий Лавров', NULL, 1),
	(9016, 'Геннадий Лавров', NULL, 1),
	(9017, 'Геннадий Лавров', NULL, 1),
	(9018, 'Геннадий Лавров', NULL, 1),
	(9019, 'Геннадий Лавров', NULL, 1),
	(9020, 'Геннадий Лавров', NULL, 1),
	(9021, 'Геннадий Лавров', NULL, 1),
	(9022, 'Геннадий Лавров', NULL, 1),
	(9024, 'Геннадий Лавров', NULL, 1),
	(9025, 'Геннадий Лавров', NULL, 1),
	(9026, 'Геннадий Лавров', NULL, 1),
	(9027, 'Геннадий Лавров', NULL, 1),
	(9028, 'Геннадий Лавров', NULL, 1),
	(9029, 'Геннадий Лавров', NULL, 1),
	(9030, 'Геннадий Лавров', NULL, 1),
	(9031, 'Геннадий Лавров', NULL, 1),
	(9032, 'Геннадий Лавров', NULL, 1),
	(9033, 'Геннадий Лавров', NULL, 1),
	(9034, 'Геннадий Лавров', NULL, 1),
	(9035, 'Геннадий Лавров', NULL, 1),
	(9036, 'Геннадий Лавров', NULL, 1),
	(9037, 'Геннадий Лавров', NULL, 1),
	(9038, 'Геннадий Лавров', NULL, 1),
	(9039, 'Геннадий Лавров', NULL, 1),
	(9040, 'Геннадий Лавров', NULL, 1),
	(9041, 'Геннадий Лавров', NULL, 1),
	(9042, 'Геннадий Лавров', NULL, 1),
	(9043, 'Геннадий Лавров', NULL, 1),
	(9044, 'Геннадий Лавров', NULL, 1),
	(9045, 'Геннадий Лавров', NULL, 1),
	(9046, 'Геннадий Лавров', NULL, 1),
	(9047, 'Геннадий Лавров', NULL, 1),
	(9048, 'Геннадий Лавров', NULL, 1),
	(9049, 'Геннадий Лавров', NULL, 1),
	(9050, 'Геннадий Лавров', NULL, 1),
	(9051, 'Геннадий Лавров', NULL, 1),
	(9052, 'Геннадий Лавров', NULL, 1),
	(9053, 'Геннадий Лавров', NULL, 1),
	(9054, 'Геннадий Лавров', NULL, 1),
	(9055, 'Геннадий Лавров', NULL, 1),
	(9056, 'Геннадий Лавров', NULL, 1),
	(9057, 'Геннадий Лавров', NULL, 1),
	(9058, 'Геннадий Лавров', NULL, 1),
	(9059, 'Геннадий Лавров', NULL, 1),
	(9060, 'Геннадий Лавров', NULL, 1),
	(9061, 'Геннадий Лавров', NULL, 1),
	(9062, 'Геннадий Лавров', NULL, 1),
	(9063, 'Геннадий Лавров', NULL, 1),
	(9064, 'Геннадий Лавров', NULL, 1),
	(9065, 'Геннадий Лавров', NULL, 1),
	(9066, 'Геннадий Лавров', NULL, 1),
	(9067, 'Геннадий Лавров', NULL, 1),
	(9068, 'Геннадий Лавров', NULL, 1),
	(9069, 'Геннадий Лавров', NULL, 1),
	(9070, 'Геннадий Лавров', NULL, 1),
	(9071, 'Геннадий Лавров', NULL, 1),
	(9072, 'Геннадий Лавров', NULL, 1),
	(9073, 'Геннадий Лавров', NULL, 1),
	(9074, 'Геннадий Лавров', NULL, 1),
	(9075, 'Геннадий Лавров', NULL, 1),
	(9076, 'Геннадий Лавров', NULL, 1),
	(9077, 'Геннадий Лавров', NULL, 1),
	(9078, 'Геннадий Лавров', NULL, 1),
	(9079, 'Геннадий Лавров', NULL, 1),
	(9080, 'Геннадий Лавров', NULL, 1),
	(9081, 'Геннадий Лавров', NULL, 1),
	(9082, 'Геннадий Лавров', NULL, 1),
	(9083, 'Геннадий Лавров', NULL, 1),
	(9084, 'Геннадий Лавров', NULL, 1),
	(9085, 'Геннадий Лавров', NULL, 1),
	(9086, 'Геннадий Лавров', NULL, 1),
	(9087, 'Геннадий Лавров', NULL, 1),
	(9088, 'Геннадий Лавров', NULL, 1),
	(9089, 'Геннадий Лавров', NULL, 1),
	(9090, 'Геннадий Лавров', NULL, 1),
	(9091, 'Геннадий Лавров', NULL, 1),
	(9092, 'Геннадий Лавров', NULL, 1),
	(9093, 'Геннадий Лавров', NULL, 1),
	(9094, 'Геннадий Лавров', NULL, 1),
	(9095, 'Геннадий Лавров', NULL, 1),
	(9096, 'Геннадий Лавров', NULL, 1),
	(9097, 'Геннадий Лавров', NULL, 1),
	(9098, 'Геннадий Лавров', NULL, 1),
	(9099, 'Геннадий Лавров', NULL, 1),
	(9100, 'Геннадий Лавров', NULL, 1),
	(9101, 'Геннадий Лавров', NULL, 1),
	(9102, 'Геннадий Лавров', NULL, 1),
	(9103, 'Геннадий Лавров', NULL, 1),
	(9104, 'Геннадий Лавров', NULL, 1),
	(9105, 'Геннадий Лавров', NULL, 1),
	(9106, 'Геннадий Лавров', NULL, 1),
	(9107, 'Геннадий Лавров', NULL, 1),
	(9108, 'Геннадий Лавров', NULL, 1),
	(9109, 'Геннадий Лавров', NULL, 1),
	(9110, 'Геннадий Лавров', NULL, 1),
	(9111, 'Геннадий Лавров', NULL, 1),
	(9112, 'Геннадий Лавров', NULL, 1),
	(9113, 'Геннадий Лавров', NULL, 1),
	(9114, 'Геннадий Лавров', NULL, 1),
	(9115, 'Геннадий Лавров', NULL, 1),
	(9116, 'Геннадий Лавров', NULL, 1),
	(9117, 'Геннадий Лавров', NULL, 1),
	(9118, 'Геннадий Лавров', NULL, 1),
	(9119, 'Геннадий Лавров', NULL, 1),
	(9120, 'Геннадий Лавров', NULL, 1),
	(9121, 'Геннадий Лавров', NULL, 1),
	(9122, 'Геннадий Лавров', NULL, 1),
	(9123, 'Геннадий Лавров', NULL, 1),
	(9124, 'Геннадий Лавров', NULL, 1),
	(9125, 'Геннадий Лавров', NULL, 1),
	(9126, 'Геннадий Лавров', NULL, 1),
	(9127, 'Геннадий Лавров', NULL, 1),
	(9128, 'Геннадий Лавров', NULL, 1),
	(9129, 'Геннадий Лавров', NULL, 1),
	(9130, 'Геннадий Лавров', NULL, 1),
	(9131, 'Геннадий Лавров', NULL, 1),
	(9132, 'Геннадий Лавров', NULL, 1),
	(9133, 'Геннадий Лавров', NULL, 1),
	(9134, 'Геннадий Лавров', NULL, 1),
	(9135, 'Геннадий Лавров', NULL, 1),
	(9136, 'Геннадий Лавров', NULL, 1),
	(9137, 'Геннадий Лавров', NULL, 1),
	(9138, 'Геннадий Лавров', NULL, 1),
	(9139, 'Геннадий Лавров', NULL, 1),
	(9140, 'Геннадий Лавров', NULL, 1),
	(9141, 'Геннадий Лавров', NULL, 1),
	(9142, 'Геннадий Лавров', NULL, 1),
	(9143, 'Геннадий Лавров', NULL, 1),
	(9144, 'Геннадий Лавров', NULL, 1),
	(9145, 'Геннадий Лавров', NULL, 1),
	(9146, 'Геннадий Лавров', NULL, 1),
	(9147, 'Геннадий Лавров', NULL, 1),
	(9148, 'Геннадий Лавров', NULL, 1),
	(9149, 'Геннадий Лавров', NULL, 1);
/*!40000 ALTER TABLE `users` ENABLE KEYS */;


-- Дамп структуры для представление magellan.v_model_params
DROP VIEW IF EXISTS `v_model_params`;
-- Создание временной таблицы для обработки ошибок зависимостей представлений
CREATE TABLE `v_model_params` (
	`model_id` INT(11) NOT NULL,
	`parameter_code` VARCHAR(50) NOT NULL COLLATE 'utf8_general_ci',
	`value` DOUBLE(19,2) NULL,
	`is_hidden` TINYINT(1) NOT NULL
) ENGINE=MyISAM;


-- Дамп структуры для представление magellan.v_node_parameter_list
DROP VIEW IF EXISTS `v_node_parameter_list`;
-- Создание временной таблицы для обработки ошибок зависимостей представлений
CREATE TABLE `v_node_parameter_list` (
	`node_code` VARCHAR(50) NOT NULL COLLATE 'utf8_general_ci',
	`node_name` VARCHAR(50) NOT NULL COLLATE 'utf8_general_ci',
	`param_code` VARCHAR(50) NOT NULL COLLATE 'utf8_general_ci',
	`param_name` VARCHAR(50) NOT NULL COLLATE 'utf8_general_ci',
	`param_short_name` VARCHAR(50) NOT NULL COLLATE 'utf8_general_ci'
) ENGINE=MyISAM;


-- Дамп структуры для представление magellan.v_model_params
DROP VIEW IF EXISTS `v_model_params`;
-- Удаление временной таблицы и создание окончательной структуры представления
DROP TABLE IF EXISTS `v_model_params`;
CREATE ALGORITHM=UNDEFINED DEFINER=`root`@`localhost` VIEW `v_model_params` AS select 
	m.id as model_id,
	mhp.parameter_code, 
	round(
		coalesce(mp.value, mhp.def_value)*
		if(m.size='small', mhp.mult_small, if(m.size='large', mhp.mult_large,1))
	,2) value,
	mhp.is_hidden
from models m
join model_has_parameters mhp on m.node_type_code = mhp.node_code
left join model_parameters mp on mhp.parameter_code = mp.parameter_code and mp.model_id = m.id ;


-- Дамп структуры для представление magellan.v_node_parameter_list
DROP VIEW IF EXISTS `v_node_parameter_list`;
-- Удаление временной таблицы и создание окончательной структуры представления
DROP TABLE IF EXISTS `v_node_parameter_list`;
CREATE ALGORITHM=UNDEFINED DEFINER=`root`@`localhost` VIEW `v_node_parameter_list` AS SELECT nt.code node_code, 
	nt.name node_name,
	p.code param_code,
	p.name param_name,
	p.short_name param_short_name
from node_types nt
join model_has_parameters np on nt.code = np.node_code
join parameters_list p on np.parameter_code = p.code ;
/*!40101 SET SQL_MODE=IFNULL(@OLD_SQL_MODE, '') */;
/*!40014 SET FOREIGN_KEY_CHECKS=IF(@OLD_FOREIGN_KEY_CHECKS IS NULL, 1, @OLD_FOREIGN_KEY_CHECKS) */;
/*!40101 SET CHARACTER_SET_CLIENT=@OLD_CHARACTER_SET_CLIENT */;
